userId,tmdb_movie_id,rating
1,862,4.0
1,15602,4.0
1,949,4.0
1,807,5.0
1,629,5.0
1,13685,5.0
1,197,4.0
1,11780,5.0
1,1775,5.0
1,8068,5.0
1,11017,5.0
1,8467,5.0
1,522,4.0
1,11,5.0
1,11381,5.0
1,9331,4.0
1,13,4.0
1,10714,5.0
1,854,4.0
1,9571,4.0
1,5503,5.0
1,329,4.0
1,424,5.0
1,10442,4.0
1,10057,4.0
1,11969,5.0
1,581,4.0
1,268,4.0
1,274,4.0
1,10895,5.0
1,275,5.0
1,10539,5.0
1,9802,4.0
1,11363,4.0
1,630,5.0
1,15,5.0
1,10907,5.0
1,22292,4.0
1,3083,5.0
1,81310,5.0
1,15947,5.0
1,9078,5.0
1,11360,5.0
1,12335,5.0
1,12092,5.0
1,9591,4.0
1,10586,5.0
1,10218,4.0
1,252,5.0
1,583,5.0
1,500,5.0
1,792,4.0
1,402,5.0
1,601,5.0
1,2756,4.0
1,762,5.0
1,1891,5.0
1,2493,5.0
1,85,5.0
1,185,5.0
1,28,4.0
1,1892,5.0
1,769,5.0
1,348,4.0
1,525,5.0
1,600,5.0
1,10705,5.0
1,3109,5.0
1,218,5.0
1,3063,5.0
1,137,4.0
1,105,5.0
1,8009,5.0
1,3034,5.0
1,756,5.0
1,89,5.0
1,12104,5.0
1,653,4.0
1,19952,4.0
1,9434,4.0
1,816,5.0
1,1701,4.0
1,754,5.0
1,9387,5.0
1,2118,5.0
1,9437,4.0
1,2649,5.0
1,115,5.0
1,11003,4.0
1,6970,4.0
1,42807,5.0
1,617,4.0
1,11551,4.0
1,143,5.0
1,1366,5.0
1,13597,4.0
1,941,4.0
1,9340,5.0
1,196,4.0
1,3170,5.0
1,857,4.0
1,10957,5.0
1,10122,4.0
1,9994,5.0
1,9354,4.0
1,9631,5.0
1,9325,5.0
1,11319,5.0
1,10249,5.0
1,10882,4.0
1,13850,4.0
1,97,4.0
1,87,5.0
1,123,5.0
1,15171,5.0
1,11704,5.0
1,4978,5.0
1,11976,4.0
1,34584,5.0
1,4011,4.0
1,847,4.0
1,881,4.0
1,2109,4.0
1,162,5.0
1,73,5.0
1,9798,5.0
1,244,4.0
1,10029,5.0
1,11545,5.0
1,9326,4.0
1,8741,5.0
1,10658,4.0
1,30497,5.0
1,9671,5.0
1,8388,4.0
1,111794,4.0
1,1542,5.0
1,871,5.0
1,100,5.0
1,603,5.0
1,9430,5.0
1,6396,5.0
1,8592,4.0
1,1893,4.0
1,1924,4.0
1,8536,5.0
1,138,4.0
1,3035,4.0
1,13666,5.0
1,104,5.0
1,9473,5.0
1,620,5.0
1,10386,5.0
1,2280,4.0
1,1911,4.0
1,14,5.0
1,11527,5.0
1,42518,5.0
1,861,4.0
1,1654,5.0
1,658,5.0
1,657,5.0
1,646,5.0
1,550,5.0
1,5548,4.0
1,856,5.0
1,253,5.0
1,660,5.0
1,492,4.0
1,957,5.0
1,11886,5.0
1,1832,5.0
1,10047,5.0
1,9289,4.0
1,497,5.0
1,624,4.0
1,8872,5.0
1,4234,5.0
1,820,5.0
1,1497,4.0
1,1499,4.0
1,1880,5.0
1,801,5.0
1,11520,5.0
1,526,4.0
1,879,4.0
1,106,4.0
1,98,5.0
1,9285,4.0
1,682,4.0
1,11072,5.0
1,9659,5.0
1,8810,5.0
1,482,5.0
1,6978,4.0
1,479,4.0
1,36657,5.0
1,10276,4.0
1,1857,4.0
1,651,5.0
2,11381,4.0
2,489,4.5
2,98,4.0
2,24,4.0
2,9718,4.0
2,1422,4.0
2,155,4.5
2,12133,5.0
2,16869,4.5
2,11324,4.0
2,27205,4.0
2,23168,4.5
2,44639,5.0
2,45523,4.0
2,59440,5.0
2,106646,5.0
2,244786,4.0
2,76341,5.0
2,321640,5.0
3,10061,5.0
3,9387,4.5
3,1091,4.0
3,24831,4.5
3,8810,5.0
3,11347,5.0
3,54287,5.0
3,28893,5.0
3,21874,4.5
3,38849,5.0
3,39916,5.0
3,49636,4.5
3,13282,5.0
3,98851,4.5
3,26914,5.0
4,11907,4.0
4,2074,5.0
4,26564,5.0
4,9071,5.0
4,76,5.0
4,10451,5.0
4,11,5.0
4,18183,5.0
4,9905,5.0
4,236,5.0
4,2759,4.0
4,11382,4.0
4,9359,4.0
4,5503,5.0
4,7984,5.0
4,10440,5.0
4,23210,5.0
4,812,4.0
4,274,5.0
4,275,5.0
4,8866,4.0
4,26748,4.0
4,44705,4.0
4,981,5.0
4,872,4.0
4,164,4.0
4,567,4.0
4,213,5.0
4,239,5.0
4,289,5.0
4,11113,5.0
4,630,5.0
4,770,5.0
4,303,5.0
4,9078,4.0
4,10938,5.0
4,252,4.0
4,11561,5.0
4,583,5.0
4,475,5.0
4,521,5.0
4,221,5.0
4,762,5.0
4,18129,4.0
4,10409,5.0
4,1891,5.0
4,2493,5.0
4,389,5.0
4,769,4.0
4,539,4.0
4,279,4.0
4,826,5.0
4,235,4.0
4,137,4.0
4,33,4.0
4,756,5.0
4,288,5.0
4,11031,4.0
4,89,4.0
4,16448,5.0
4,9366,4.0
4,9434,4.0
4,816,4.0
4,9427,4.0
4,10217,4.0
4,115,4.0
4,26941,5.0
4,29193,5.0
4,9452,4.0
4,15037,4.0
4,20862,4.0
4,1725,5.0
4,13597,5.0
4,2108,4.0
4,793,4.0
4,9325,5.0
4,6471,4.0
4,8393,5.0
4,4011,5.0
4,845,5.0
4,21734,4.0
4,31997,5.0
4,19426,4.0
4,10162,4.0
4,8545,5.0
4,9326,4.0
4,192,4.0
4,9465,5.0
4,9451,5.0
4,817,4.0
4,104,5.0
4,745,4.0
4,813,5.0
4,1075,5.0
4,14,5.0
4,40867,4.0
4,11901,4.0
4,11054,5.0
4,492,4.0
4,957,4.0
4,11498,5.0
4,11663,4.0
4,99,5.0
4,334,4.0
4,1213,4.0
4,16241,4.0
4,11287,4.0
4,11004,4.0
4,3114,5.0
4,820,4.0
4,462,4.0
4,10747,5.0
4,38548,5.0
4,786,4.0
4,71,4.0
4,146,4.0
4,5001,4.0
4,11973,4.0
4,1900,5.0
4,2614,4.0
4,4133,5.0
4,634,4.0
4,4973,4.0
4,29937,4.0
4,18734,5.0
4,671,4.0
4,1433,4.0
4,8342,5.0
5,862,4.0
5,8012,4.0
5,9598,4.0
5,687,4.0
5,629,4.0
5,11010,5.0
5,197,4.0
5,10451,4.0
5,1024,5.0
5,9587,4.0
5,527,5.0
5,680,5.0
5,854,4.0
5,5503,4.0
5,9386,4.0
5,7984,5.0
5,424,5.0
5,11236,4.0
5,812,4.0
5,581,5.0
5,408,5.0
5,10020,5.0
5,10895,5.0
6,8844,4.0
6,15602,5.0
6,11862,5.0
6,949,4.0
6,11860,4.0
6,9087,4.0
6,1408,4.0
6,524,4.0
6,4584,4.0
6,1710,5.0
6,12665,4.0
6,16420,4.0
6,63,4.0
6,9598,4.0
6,687,5.0
6,31174,4.0
6,35196,4.0
6,11861,4.0
6,807,4.0
6,26441,4.0
6,11359,4.0
6,17182,4.0
6,2054,4.0
6,9102,4.0
6,10534,5.0
6,2086,4.0
6,9095,4.0
6,12158,4.0
6,9208,4.0
6,9614,4.0
6,197,5.0
6,33542,4.0
6,11000,4.0
6,9737,4.0
6,30765,4.0
6,568,4.0
6,11780,4.0
6,8839,4.0
6,10329,5.0
6,6520,5.0
6,18402,4.0
6,9560,4.0
6,65796,4.0
6,26258,4.0
6,11017,4.0
6,22625,4.0
6,8984,4.0
6,11929,5.0
6,397,4.0
6,10525,4.0
6,17207,5.0
6,14819,4.0
6,11777,4.0
6,9061,5.0
6,9587,4.0
6,19101,5.0
6,28313,4.0
6,40490,4.0
6,8986,4.0
6,10510,5.0
6,11593,4.0
6,6950,4.0
6,161495,4.0
6,14334,5.0
6,2636,4.0
6,2164,5.0
6,11395,4.0
6,278,5.0
6,193,4.0
6,11381,5.0
6,1587,5.0
6,2064,4.0
6,19855,4.0
6,9331,5.0
6,10731,5.0
6,10464,4.0
6,9495,4.0
6,29973,4.0
6,888,4.0
6,13,5.0
6,10660,4.0
6,8587,5.0
6,854,4.0
6,9359,5.0
6,36593,4.0
6,1637,5.0
6,36955,4.0
6,9409,4.0
6,11310,5.0
6,9350,4.0
6,11566,4.0
6,16297,4.0
6,37233,4.0
6,5503,5.0
6,10612,4.0
6,2259,4.0
6,9386,4.0
6,7984,4.0
6,15765,4.0
6,329,5.0
6,10502,4.0
6,788,5.0
6,9800,4.0
6,1245,4.0
6,11858,4.0
6,13203,4.0
6,11969,5.0
6,31504,4.0
6,251,5.0
6,812,5.0
6,581,5.0
6,274,4.0
6,408,4.0
6,10020,5.0
6,114,4.0
6,25059,4.0
6,10112,5.0
6,19042,4.0
6,9099,4.0
6,10684,4.0
6,25969,4.0
6,8866,4.0
6,12233,5.0
6,36355,4.0
6,664,5.0
6,602,5.0
6,10545,5.0
6,9294,4.0
6,2925,5.0
6,18555,4.0
6,3573,4.0
6,47907,4.0
6,10478,4.0
6,11076,4.0
6,1770,4.0
6,9333,4.0
6,9625,4.0
6,6346,4.0
6,10586,5.0
6,819,4.0
6,11238,4.0
6,21711,4.0
7,862,4.5
7,629,4.5
7,568,4.5
7,1572,4.0
7,11,5.0
7,13,5.0
7,9255,5.0
7,329,5.0
7,274,5.0
7,954,4.0
7,935,4.0
7,602,4.5
7,62,4.0
7,744,4.0
7,1891,4.0
7,28,4.0
7,1892,4.0
7,539,5.0
7,525,4.5
7,218,5.0
7,105,5.0
7,686,5.0
7,1669,4.0
7,95,4.0
7,1366,4.5
7,346,5.0
7,871,5.0
7,509,4.5
7,745,4.5
7,14,4.0
7,863,4.5
7,462,4.5
7,37137,5.0
7,10637,4.0
7,3981,4.0
7,808,4.0
7,644,4.5
7,585,4.0
7,671,4.0
7,161,4.0
7,120,4.5
7,453,4.5
7,180,4.0
7,129,5.0
7,672,4.5
7,121,4.5
7,640,4.0
7,1574,4.5
7,36658,4.0
7,604,4.0
7,22,4.5
7,1584,4.5
7,616,4.5
7,122,4.0
7,9509,4.0
7,4909,4.5
7,9472,4.5
7,558,4.5
7,1538,4.5
7,11128,4.5
7,9675,4.0
7,176,4.0
7,9806,4.0
7,163,4.0
7,1635,4.5
7,9899,4.5
7,36668,4.0
7,920,4.5
7,3683,4.5
7,36557,4.5
8,8844,4.0
8,9087,4.0
8,8012,4.0
8,9598,5.0
8,807,4.0
8,629,5.0
8,568,4.0
8,1642,5.0
8,11472,4.0
8,8467,4.0
8,628,5.0
8,680,4.0
8,278,5.0
8,712,5.0
8,8587,5.0
8,1637,4.0
8,36955,5.0
8,37233,4.0
8,329,4.0
8,424,5.0
8,581,5.0
8,274,4.0
9,2292,4.0
9,599,4.0
9,15,5.0
9,9504,4.0
9,85,5.0
9,105,5.0
9,9281,4.0
9,196,4.0
9,30197,5.0
9,120,5.0
9,425,4.0
9,180,4.0
9,57022,4.0
9,9719,4.0
9,818,5.0
9,6007,4.0
9,25284,4.0
9,2757,5.0
9,121,5.0
9,3131,4.0
9,19067,4.0
9,262,4.0
10,812,4.0
10,289,4.0
10,10674,4.0
10,98,4.0
10,808,4.5
10,8835,4.5
10,120,4.0
10,453,4.0
10,121,4.0
10,10327,4.0
10,508,4.0
10,6964,4.0
10,122,4.0
10,11820,4.0
10,14844,4.5
10,11137,4.0
10,652,5.0
10,11036,5.0
10,13969,5.0
10,8488,4.5
10,272,5.0
10,69,4.0
10,36557,5.0
10,1581,5.0
10,6691,4.5
10,155,4.5
10,8966,4.5
10,14160,4.0
10,18240,4.5
10,24684,5.0
10,20352,5.0
10,45269,5.0
10,50646,4.0
10,49026,5.0
10,77338,5.0
10,74534,4.5
10,62177,4.0
10,77930,4.0
10,37724,5.0
10,93456,4.0
10,117251,4.0
10,122906,4.0
10,109445,4.5
10,242042,4.0
10,82881,4.0
10,228194,4.5
10,174337,4.0
10,206647,5.0
10,264999,4.0
10,257211,5.0
11,949,5.0
11,687,4.0
11,197,5.0
11,568,5.0
11,10428,4.0
11,6950,4.0
11,278,4.0
11,9331,5.0
11,13,5.0
11,36955,4.0
11,5503,5.0
11,9386,4.0
11,329,4.0
11,18133,4.0
11,14291,5.0
11,280,4.0
11,274,5.0
11,954,4.0
11,9802,4.0
11,664,4.0
11,602,4.0
11,744,5.0
11,1892,4.0
11,12498,4.0
11,9361,5.0
11,2163,4.0
11,1701,4.0
11,686,5.0
11,4421,4.0
11,8834,4.0
11,9416,4.0
11,9772,4.0
11,11831,5.0
11,489,4.0
11,597,5.0
11,2898,5.0
11,9469,4.0
11,95,4.0
11,944,4.0
11,544,4.0
11,857,5.0
12,9603,4.0
12,6520,5.0
12,22625,5.0
12,6280,5.0
12,9587,4.5
12,2925,4.0
12,3573,5.0
12,770,4.5
12,7863,5.0
12,597,5.0
12,11974,5.0
12,10314,5.0
12,4951,5.0
12,11355,5.0
12,9032,4.0
12,2978,5.0
12,6003,5.0
12,71,4.5
12,3981,4.5
12,11529,4.0
12,508,5.0
12,11036,5.0
12,4348,5.0
12,8966,5.0
13,807,5.0
13,85,5.0
13,8413,4.0
13,2255,4.0
13,597,4.0
13,603,5.0
13,2787,4.0
13,98,5.0
13,8584,4.0
13,2024,4.0
13,36657,4.0
13,2655,4.0
13,5551,4.0
13,8843,4.0
13,786,4.0
13,146,5.0
13,107,5.0
13,9740,4.0
14,451,4.0
14,63,4.0
14,807,5.0
14,9208,5.0
14,197,5.0
14,568,4.0
14,4476,5.0
14,1945,5.0
14,241,4.0
14,1587,5.0
14,2064,4.0
14,13,4.0
14,8987,4.0
14,12160,4.0
14,9350,4.0
14,15765,4.0
14,713,5.0
14,858,4.0
14,11969,4.0
14,581,4.0
14,274,4.0
15,11,5.0
15,680,4.0
15,278,5.0
15,13,5.0
15,424,5.0
15,280,5.0
15,238,4.0
15,1891,5.0
15,85,4.0
15,679,5.0
15,1892,5.0
15,348,5.0
15,218,4.0
15,105,5.0
15,782,4.5
15,942,5.0
15,165,5.0
15,196,4.0
15,8393,5.0
15,73,4.5
15,603,4.0
15,14,4.0
15,861,4.5
15,497,5.0
15,2277,5.0
15,1700,4.0
15,10559,5.0
15,3536,4.0
15,98,5.0
15,641,4.0
15,3981,4.0
15,644,4.0
15,1933,5.0
15,453,5.0
15,180,4.0
15,640,5.0
15,1895,5.0
15,1579,4.5
15,1124,4.5
15,13223,4.0
15,19913,4.0
15,12244,4.0
15,51876,5.0
15,38050,4.5
15,87827,4.0
15,75612,4.0
15,49047,4.5
15,109424,4.0
15,157336,4.0
15,137113,4.5
15,210577,4.5
15,140607,5.0
15,286217,4.0
15,150540,4.5
15,333371,5.0
15,330459,5.0
16,629,4.0
16,103,4.5
16,101,4.0
16,278,4.0
16,9905,4.0
16,424,4.0
16,78,4.5
16,275,4.5
16,27768,4.0
16,532,4.0
16,935,4.5
16,10061,4.0
16,963,4.0
16,500,4.0
16,762,4.0
16,10548,4.0
16,531,4.0
16,510,4.0
16,2493,4.0
16,68,5.0
16,389,4.0
16,595,4.0
16,28,4.0
16,348,4.0
16,600,4.5
16,530,4.0
16,703,4.0
16,37247,4.0
16,829,4.5
16,832,4.0
16,765,4.0
16,982,4.0
16,903,4.0
16,625,4.0
16,346,4.0
16,128,4.0
16,177,4.0
16,11368,4.0
16,3133,4.0
16,641,4.0
16,77,4.5
16,194,4.0
16,129,4.5
16,1672,4.0
16,8392,4.0
16,206216,4.0
16,670,4.0
16,1417,4.0
16,155,4.5
16,10681,4.0
16,14160,4.0
16,10193,4.5
16,49026,4.5
17,862,4.5
17,807,4.0
17,629,4.5
17,197,4.5
17,103,4.0
17,11,5.0
17,680,5.0
17,278,5.0
17,13,5.0
17,329,4.5
17,424,4.5
17,280,4.5
17,581,4.5
17,268,4.5
17,274,4.5
17,935,4.5
17,602,4.0
17,238,5.0
17,567,4.0
17,12092,4.5
17,562,4.0
17,500,4.0
17,792,4.5
17,10537,4.0
17,510,4.5
17,1891,5.0
17,85,4.5
17,429,5.0
17,185,5.0
17,1892,5.0
17,769,4.5
17,240,4.5
17,600,4.5
17,1578,4.5
17,9277,4.0
17,218,5.0
17,829,4.0
17,694,4.0
17,235,4.0
17,11778,4.0
17,105,4.5
17,89,4.0
17,3179,4.0
17,115,5.0
17,13597,4.0
17,9340,4.0
17,857,4.5
17,117,4.0
17,73,4.5
17,1542,4.5
17,603,5.0
17,745,4.0
17,14,4.0
17,550,4.5
17,1621,4.5
17,497,4.5
17,10158,4.0
17,10747,4.0
17,938,4.5
17,641,4.5
17,77,4.0
17,1648,4.0
17,120,4.5
17,129,5.0
17,1672,4.0
17,121,5.0
17,8392,4.0
17,598,4.5
17,10515,5.0
17,81,5.0
17,122,4.5
17,9461,4.0
17,670,4.0
17,4935,4.5
17,272,4.0
17,1417,4.5
17,1422,4.0
17,155,4.5
17,16869,4.0
17,13475,4.5
17,10193,4.0
17,27205,4.5
17,37799,4.0
17,44264,4.0
18,949,4.0
18,524,4.5
18,63,4.0
18,687,4.0
18,807,4.5
18,629,5.0
18,197,4.5
18,103,4.0
18,8068,4.0
18,1572,4.0
18,2293,4.0
18,2292,4.0
18,522,4.5
18,11,4.0
18,241,4.0
18,101,4.5
18,680,4.0
18,278,5.0
18,193,4.0
18,1587,4.0
18,13,4.5
18,6075,4.0
18,9800,4.0
18,424,4.5
18,78,4.0
18,319,4.0
18,280,4.5
18,581,4.0
18,274,4.5
18,275,4.5
18,532,4.0
18,627,4.5
18,602,4.0
18,238,4.0
18,567,4.5
18,213,4.0
18,963,4.0
18,630,4.0
18,15,5.0
18,62,4.0
18,562,4.0
18,583,4.5
18,521,4.0
18,500,4.0
18,9504,4.0
18,762,4.5
18,531,4.5
18,510,4.5
18,1891,4.0
18,85,4.0
18,429,5.0
18,389,5.0
18,185,4.5
18,595,4.5
18,335,5.0
18,1892,4.5
18,1092,4.5
18,769,4.5
18,348,4.0
18,539,4.5
18,240,5.0
18,600,4.5
18,530,4.5
18,311,4.5
18,9277,4.5
18,218,4.0
18,379,4.0
18,207,4.0
18,37247,4.5
18,829,4.0
18,832,4.0
18,105,4.0
18,903,4.0
18,89,4.0
18,199,4.5
18,152,4.0
18,154,4.5
18,9366,4.0
18,2118,4.0
18,489,4.0
18,597,4.0
18,184,4.0
18,115,4.5
18,1965,4.0
18,1366,4.0
18,380,4.0
18,941,4.0
18,346,4.0
18,857,4.0
18,87,4.0
18,881,4.0
18,162,4.0
18,637,4.5
18,73,4.0
18,1367,4.0
18,1885,4.0
18,100,4.5
18,603,4.5
18,745,4.5
18,391,4.5
18,550,4.5
18,492,4.0
18,1832,4.5
18,2668,4.0
18,497,4.0
18,8374,4.5
18,3082,4.0
18,98,4.5
18,938,4.5
18,36657,4.0
18,1619,4.0
18,641,4.5
18,10673,4.0
18,107,4.5
18,77,4.5
18,4133,4.0
18,111,4.0
18,808,4.0
18,966,4.0
18,60670,4.0
18,585,4.0
18,161,4.0
18,194,4.0
18,120,4.5
18,453,4.5
18,37257,4.5
18,993,4.5
18,425,4.0
18,557,4.0
18,2501,4.0
18,180,4.0
18,4147,4.0
18,575,4.0
18,565,4.0
18,3131,4.0
18,640,4.0
18,423,4.5
18,10180,4.5
18,36658,4.0
18,12,4.0
18,290,4.5
18,22,4.5
18,891,4.0
18,4543,4.5
18,322,4.0
18,587,4.5
18,122,4.5
18,1954,4.5
18,38,4.0
18,1583,4.5
18,250,4.0
18,2502,4.0
18,1538,4.0
18,4553,4.0
18,1677,4.0
18,4972,4.5
18,1392,4.5
18,118,4.0
18,2567,4.0
18,272,4.5
18,1830,4.0
18,3933,4.0
18,59,4.0
18,398,4.0
18,533,4.0
18,5236,4.0
18,69,4.0
18,752,4.5
18,388,4.5
18,582,4.0
18,186,4.5
18,36668,4.0
18,58,4.0
18,1023,4.0
18,1417,4.0
18,1422,4.5
18,1124,4.5
18,12554,4.0
18,1949,4.5
18,6145,4.5
18,2503,4.0
18,2252,4.5
18,4566,4.0
18,4771,4.5
18,4982,4.5
18,13885,4.0
18,8321,4.0
18,12222,4.0
18,155,4.0
18,1726,4.0
18,9502,4.0
18,10360,4.5
18,13635,4.0
18,14301,4.0
18,15472,4.5
18,18947,4.5
18,16995,4.0
18,2080,4.0
18,14160,4.0
18,11322,4.0
18,19913,4.0
18,37903,4.5
18,24238,4.5
18,19995,4.0
18,10528,4.5
18,33613,4.5
18,11324,4.5
18,24253,4.5
18,25941,4.0
18,23483,4.5
18,10138,4.0
18,10193,4.0
18,27205,4.5
18,22538,4.0
18,23168,4.0
18,43539,4.5
18,50348,4.5
18,15362,4.0
18,51209,4.0
18,49538,4.0
18,1771,4.0
18,24428,4.0
18,70670,4.0
18,70160,4.0
18,49026,4.0
18,58574,4.0
18,82633,4.0
18,84334,4.0
18,84329,4.0
18,123025,4.0
18,49051,4.0
18,68718,4.0
18,142061,4.0
18,54138,4.0
18,75656,4.0
18,76170,4.0
18,101299,4.0
18,192136,4.0
18,120467,4.0
18,157336,4.5
18,127585,4.0
18,250658,4.5
18,171372,4.0
18,244786,4.5
18,118340,4.5
18,246400,4.0
18,264660,4.5
18,205596,4.5
18,266856,4.0
18,207703,4.0
18,140607,4.0
18,102899,4.0
18,283995,4.0
18,246655,4.0
18,286217,4.5
18,296313,4.0
18,276907,4.0
18,314365,4.5
18,259985,4.0
18,318846,4.0
18,370646,4.0
18,140554,4.0
18,1659,4.5
18,1652,4.5
18,290250,4.0
18,338766,4.0
18,274870,4.0
18,263115,4.0
18,425751,4.0
18,359940,4.5
18,363444,4.5
18,500609,4.5
19,862,4.0
19,63,4.0
19,9598,4.0
19,522,4.0
19,11,4.0
19,101,4.0
19,9495,5.0
19,712,4.0
19,854,4.0
19,1637,4.0
19,5503,4.0
19,78,4.0
19,9479,5.0
19,280,5.0
19,268,5.0
19,8069,4.0
19,503475,4.0
19,9100,4.0
19,532,4.0
19,10545,4.0
19,12606,4.0
19,10830,4.0
19,10478,4.0
19,426,5.0
19,567,5.0
19,239,4.0
19,963,5.0
19,4174,4.0
19,381,4.0
19,252,4.0
19,623,4.0
19,521,4.0
19,601,5.0
19,531,4.0
19,510,4.0
19,1891,4.0
19,2493,5.0
19,85,5.0
19,348,4.0
19,539,4.0
19,9277,4.0
19,218,4.0
19,3063,4.0
19,137,4.0
19,212,4.0
19,105,4.0
19,3034,4.0
19,2640,5.0
19,89,5.0
19,14370,4.0
19,174,5.0
19,154,5.0
19,168,4.0
19,18,5.0
19,11970,4.0
19,754,4.0
19,2118,4.0
19,2649,4.0
19,782,4.0
19,8067,5.0
19,544,4.0
19,13597,5.0
19,9340,4.0
19,14612,4.0
19,19379,4.0
19,10144,4.0
19,10249,4.0
19,15171,4.0
19,11639,4.0
19,4011,4.0
19,845,4.0
19,11597,4.0
19,10162,4.0
19,9749,4.0
19,1934,4.0
19,5825,4.0
19,16172,4.0
19,603,4.0
19,6552,4.0
19,9473,4.0
19,620,4.0
19,9824,5.0
19,745,4.0
19,913,4.0
19,14,4.0
19,9377,5.0
19,16305,4.0
19,550,5.0
19,36819,5.0
19,856,5.0
19,492,4.0
19,37853,4.0
19,18561,4.0
19,11379,5.0
19,177,4.0
19,926,4.0
19,14919,4.0
19,12186,5.0
19,11176,5.0
19,8469,4.0
19,840,4.0
19,13531,5.0
19,7450,4.0
19,17711,4.0
19,36657,4.0
20,21032,4.0
20,9598,4.0
20,10530,5.0
20,15789,4.5
20,19101,4.5
20,10714,4.0
20,8587,5.0
20,11236,4.5
20,9479,5.0
20,812,5.0
20,408,5.0
20,10020,5.0
20,10895,4.5
20,10539,5.0
20,503475,5.0
20,10830,4.0
20,872,4.0
20,11113,4.5
20,630,5.0
20,22660,4.0
20,19186,4.0
20,11224,4.5
20,9078,5.0
20,433,4.5
20,11360,4.5
20,15121,4.5
20,252,5.0
20,88,4.5
20,601,5.0
20,531,5.0
20,756,4.5
20,621,5.0
20,24662,4.0
20,11970,4.5
20,9444,4.5
20,10674,5.0
20,1725,5.0
20,9340,5.0
20,3170,4.0
20,10957,4.0
20,9325,4.5
20,10340,4.0
20,10144,5.0
20,10437,5.0
20,12230,4.0
20,10693,4.5
20,11135,4.5
20,10882,4.0
20,16081,5.0
20,15171,4.5
20,11639,4.0
20,4978,4.5
20,34584,4.5
20,30197,5.0
20,9487,4.0
20,9837,5.0
20,36685,5.0
20,37135,4.5
20,9473,4.5
20,10208,5.0
20,10776,4.5
20,10386,4.5
20,850,5.0
20,12105,4.0
20,17352,4.0
20,856,5.0
20,11886,5.0
20,863,5.0
20,49948,5.0
20,11176,5.0
20,14900,5.0
20,11899,5.0
20,117259,4.0
20,1498,4.0
20,4825,5.0
20,98,4.5
20,7443,5.0
20,2133,4.5
20,20438,4.0
20,786,4.5
20,71,4.5
20,392,4.0
20,11688,4.5
20,711,4.0
20,134,4.0
20,21991,4.0
20,15739,5.0
20,19405,4.0
20,634,5.0
20,808,5.0
20,676,4.0
20,9880,4.0
20,585,4.0
20,671,4.5
20,9428,4.0
20,12589,4.0
20,120,5.0
20,453,5.0
20,5279,4.5
20,10950,4.0
20,1365,4.0
20,11528,4.0
20,425,5.0
20,8346,4.0
20,2251,4.0
20,1894,4.0
20,320,4.0
20,180,4.5
20,129,5.0
20,11009,4.0
20,9012,4.0
20,672,4.5
20,121,5.0
20,640,4.5
20,1574,5.0
20,9699,4.0
20,17264,4.0
20,8326,4.0
20,36658,4.0
20,1816,5.0
20,604,4.0
21,710,5.0
21,11,4.5
21,888,4.0
21,13,4.5
21,8587,4.0
21,36593,5.0
21,329,4.0
21,812,4.0
21,114,4.0
21,954,4.5
21,10535,4.0
21,1891,4.5
21,85,4.0
21,1892,4.5
21,105,5.0
21,89,4.0
21,330,4.5
21,607,4.5
21,714,5.0
21,165,5.0
21,196,5.0
21,87,4.0
21,707,4.5
21,9489,4.0
21,871,4.0
21,796,4.0
21,603,4.0
21,1893,4.0
21,509,4.0
21,2105,5.0
21,2978,4.0
21,913,4.0
21,861,4.0
21,658,4.5
21,657,4.5
21,646,4.5
21,699,4.5
21,709,4.5
21,253,4.5
21,660,4.5
21,961,4.0
21,36643,5.0
21,8872,4.0
21,955,4.0
21,668,4.5
21,691,4.5
21,698,4.5
21,682,4.5
21,37136,4.0
21,37137,4.0
21,681,4.5
21,708,4.0
21,808,4.0
21,9602,4.5
21,2605,4.0
21,331,4.0
21,2770,4.5
21,671,4.0
21,161,4.5
21,425,4.0
21,1894,4.0
21,2501,4.0
21,180,4.5
21,608,4.5
21,4108,4.0
21,672,4.0
21,36669,5.0
21,22,4.0
21,605,4.0
21,508,4.0
21,616,4.0
21,667,4.5
21,700,4.5
21,36670,5.0
21,809,4.0
21,673,4.0
21,594,4.5
21,2048,4.0
21,2502,4.0
21,1538,4.0
21,2059,4.0
21,163,4.5
21,7453,4.5
21,1895,4.5
21,953,4.0
21,787,4.0
21,674,4.0
21,33813,4.0
21,7512,5.0
21,36557,4.0
21,810,4.5
21,285,4.0
21,298,4.5
21,2503,4.0
21,9870,4.5
21,1726,4.0
21,217,4.0
21,14160,4.5
21,8355,4.0
21,767,4.0
21,19995,4.0
21,10138,4.0
21,10193,4.0
21,10192,4.5
21,37834,4.0
21,37710,4.0
21,36540,4.0
21,12445,4.0
21,24428,4.0
21,56292,4.0
21,76493,4.0
21,41154,4.0
21,13313,4.0
21,37724,4.0
21,75612,4.5
21,116741,4.0
21,62211,4.0
21,93456,4.0
21,57201,4.0
21,138832,4.0
21,49047,4.0
21,107846,4.0
21,101299,4.0
21,109445,4.0
21,140823,4.0
21,227783,4.0
21,232672,4.0
21,137113,4.5
21,177677,4.5
21,118340,4.0
21,177572,4.0
21,135397,4.0
21,207703,4.0
21,140607,4.0
21,166426,4.0
21,284052,4.0
21,150540,4.0
21,211672,4.5
21,206647,4.0
21,296098,4.0
21,269149,4.0
21,329865,4.0
21,335797,4.0
22,10874,4.5
22,11017,4.0
22,628,4.0
22,278,5.0
22,13,5.0
22,78,5.0
22,510,5.0
22,530,4.0
22,3116,5.0
22,1051,4.5
22,805,4.0
22,30197,4.0
22,9008,4.0
22,879,5.0
22,98,4.0
22,7443,4.0
22,13785,4.0
22,146,4.5
22,12509,4.0
22,1900,4.5
22,10873,4.5
22,1018,4.5
22,1999,4.0
22,1430,4.5
22,153,4.0
22,322,4.0
22,24,4.0
22,393,5.0
22,1538,4.0
22,9806,4.0
22,1124,4.0
22,36557,5.0
22,6977,4.0
22,7345,4.0
22,16869,4.0
22,30416,4.0
23,949,4.0
23,902,4.0
23,629,4.0
23,11318,4.0
23,101,4.0
23,32636,4.0
23,78,5.0
23,9323,4.0
23,627,4.0
23,963,4.0
23,15,4.0
23,62,4.0
23,500,4.0
23,892,4.0
23,68,4.0
23,185,4.0
23,28,4.0
23,1092,5.0
23,348,4.0
23,600,5.0
23,1398,5.0
23,387,5.0
23,490,4.0
23,829,4.5
23,694,5.0
23,33,4.0
23,149,4.0
23,910,5.0
23,638,4.0
23,8197,4.0
23,192,4.0
23,11660,4.0
23,14283,4.0
23,247,4.0
23,11782,4.5
23,641,5.0
23,77,4.5
23,55,4.0
23,26030,4.0
23,129,4.0
23,1672,4.0
23,8392,4.0
23,290,5.0
23,9662,4.5
23,81,4.0
23,2742,4.5
23,5511,5.0
23,4291,4.0
23,28257,4.0
23,246,4.0
24,949,4.5
24,629,4.0
24,680,4.0
24,278,4.5
24,13,4.5
24,274,4.5
24,275,4.0
24,2493,4.0
24,85,4.5
24,207,4.0
24,137,4.5
24,2322,4.0
24,18,4.0
24,607,4.0
24,489,4.0
24,2898,4.0
24,857,4.0
24,87,4.0
24,9489,4.0
24,603,4.0
24,14283,4.0
24,497,4.5
24,98,4.0
24,134,4.0
24,111,4.0
24,9602,4.0
24,984,4.0
24,11362,4.5
24,2501,4.0
24,8051,4.0
24,1360,4.0
24,10515,4.5
24,616,4.0
24,670,4.5
24,6957,4.0
24,5236,4.0
24,752,4.0
24,1262,4.0
24,1271,4.0
24,2503,4.0
24,155,4.0
24,9870,4.0
24,4922,4.0
24,13475,4.0
24,17654,4.0
24,22947,4.0
24,27205,4.0
24,59436,4.0
24,49026,4.0
24,41154,4.0
24,207703,4.0
24,332340,4.0
24,286217,4.0
24,150540,4.0
25,8467,4.0
25,11,5.0
25,424,5.0
25,85,5.0
25,857,5.0
25,603,5.0
25,98,5.0
25,120,5.0
25,121,5.0
25,122,5.0
25,155,5.0
25,1726,4.0
25,10681,5.0
25,16869,5.0
25,14160,5.0
25,11324,4.5
25,27205,5.0
25,49026,5.0
25,205596,5.0
25,299536,5.0
25,284053,4.5
25,335984,4.0
25,359940,5.0
25,406997,5.0
25,260513,4.0
25,383498,5.0
26,807,4.0
26,1572,4.0
26,680,4.0
26,37233,4.0
26,5503,4.0
26,268,4.0
26,274,4.0
27,8844,4.0
27,9598,5.0
27,10530,4.0
27,2054,5.0
27,11,4.0
27,2164,4.0
27,13,5.0
27,8587,4.0
27,854,4.0
27,329,4.0
27,581,4.0
27,10020,4.0
27,954,4.0
27,532,5.0
27,10545,4.0
27,36344,4.0
27,164,4.0
27,4808,5.0
27,963,4.0
27,770,4.0
27,488,4.0
27,11076,4.0
27,6878,4.0
27,24795,4.0
27,11224,4.0
27,15121,5.0
27,11575,4.0
27,601,5.0
27,744,4.0
27,2756,4.0
27,531,5.0
27,1891,4.0
27,2493,5.0
27,85,5.0
27,429,4.0
27,595,5.0
27,1892,4.0
27,826,4.0
27,5925,5.0
27,105,5.0
27,903,4.0
27,665,5.0
27,686,4.0
27,597,5.0
27,8656,4.0
27,10674,4.0
27,1725,5.0
27,196,4.0
27,10122,4.0
27,9354,4.0
27,10340,4.0
27,10249,4.0
27,2619,4.0
27,87,4.0
27,8393,5.0
27,11937,5.0
27,34584,4.0
27,9326,4.0
27,10328,4.0
27,8388,5.0
27,871,4.0
27,16520,5.0
27,1893,5.0
27,1924,4.0
27,37135,4.0
27,1654,4.0
27,391,4.0
27,11040,4.0
27,9289,4.0
27,9013,4.0
27,863,4.0
27,29478,4.0
27,801,4.0
27,1879,5.0
27,840,4.0
27,526,4.0
27,879,5.0
27,10747,4.0
27,3536,4.0
27,10911,4.0
27,938,4.0
27,11589,4.0
28,11,4.0
28,101,4.5
28,680,4.5
28,2164,4.0
28,2759,4.0
28,13,4.0
28,7984,4.0
28,9559,4.0
28,78,4.0
28,280,4.5
28,581,4.0
28,238,4.5
28,1891,4.0
28,679,4.0
28,429,4.0
28,1892,4.0
28,769,4.0
28,240,4.0
28,600,4.0
28,218,4.5
28,9322,4.0
28,3063,4.0
28,33,4.5
28,12498,4.0
28,152,4.0
28,18,4.5
28,1669,4.5
28,115,4.0
28,473,4.0
28,1051,4.0
28,841,5.0
28,97,4.0
28,8195,4.0
28,2042,4.0
28,2112,4.5
28,603,4.0
28,1893,4.0
28,14,4.0
28,36819,4.0
28,293,4.0
28,7305,4.0
28,12143,4.0
28,2787,4.0
28,4816,4.0
28,5693,4.0
28,10747,4.5
28,1359,4.0
28,98,4.0
28,12706,4.0
28,71,4.0
28,853,4.0
28,141,4.0
28,855,4.5
28,10590,4.5
28,1894,4.0
28,1672,4.5
28,296,4.0
28,2055,4.0
28,2056,4.0
28,24,4.0
28,393,4.0
28,652,4.0
28,11864,4.5
28,13913,4.0
28,192936,4.5
28,876,5.0
28,13823,4.0
28,16219,4.0
28,26142,4.0
28,11884,4.5
28,2048,4.0
28,4553,4.0
28,8677,4.0
28,13057,4.0
28,206216,4.5
28,70,4.0
28,205,4.0
28,1895,4.0
28,921,4.0
28,272,4.5
28,16320,4.5
28,1830,4.0
28,5236,4.5
28,8053,4.5
28,9912,4.0
28,9388,4.5
28,496,4.0
28,8588,4.0
28,1372,4.5
28,1271,4.5
28,5723,5.0
28,2503,4.0
28,2252,4.0
28,6977,4.5
28,6479,4.0
28,11253,4.0
28,8321,4.0
28,12473,4.5
28,1726,4.5
28,8681,4.0
28,10681,4.0
28,14111,4.0
28,13183,4.0
28,10183,4.5
28,13107,4.0
28,12405,4.0
28,13223,4.0
28,11321,4.0
28,4922,4.5
28,534,4.5
28,17654,4.5
28,19995,5.0
29,568,4.0
29,1572,4.0
29,2164,4.0
29,278,4.5
29,13,4.5
29,935,4.5
29,602,4.0
29,238,4.5
29,567,4.5
29,11113,4.0
29,62,5.0
29,1585,5.0
29,762,4.0
29,85,4.5
29,429,5.0
29,947,4.5
29,28,4.0
29,335,4.5
29,769,4.0
29,600,4.0
29,10705,4.0
29,9665,4.0
29,826,5.0
29,5925,4.5
29,105,4.0
29,11202,5.0
29,983,4.5
29,9361,5.0
29,2118,5.0
29,887,4.0
29,654,4.5
29,857,5.0
29,10156,4.0
29,11527,4.5
29,1654,4.0
29,391,4.5
29,838,4.5
29,98,5.0
29,938,4.0
29,853,4.0
29,966,4.0
29,855,4.0
29,4147,4.5
29,423,5.0
29,170,4.5
29,891,4.5
29,12698,4.5
29,10176,4.0
29,4539,4.0
29,206216,5.0
29,1422,4.5
29,9693,4.5
29,1949,4.0
29,6977,4.0
29,6479,4.0
29,11499,4.5
29,17431,5.0
29,17654,4.0
29,23168,4.0
29,45269,4.0
29,44264,5.0
29,37686,4.5
29,97630,4.5
29,68718,4.5
29,49047,4.0
29,127585,4.5
29,137113,4.0
30,197,5.0
30,11,5.0
30,278,5.0
30,562,4.0
30,1891,5.0
30,85,5.0
30,1892,5.0
30,89,5.0
30,603,5.0
30,120,5.0
30,121,5.0
30,122,5.0
30,272,5.0
30,155,5.0
30,1726,5.0
30,10681,5.0
30,13475,5.0
30,14160,5.0
30,27205,5.0
30,49026,5.0
30,64688,5.0
30,1930,5.0
30,84892,5.0
30,82690,4.0
30,137106,4.0
30,157336,5.0
30,137113,5.0
30,118340,5.0
30,177572,5.0
30,131631,4.0
30,293660,5.0
31,862,5.0
31,11860,4.0
31,710,4.0
31,2054,4.0
31,11000,4.0
31,1572,4.0
31,2064,4.0
31,1637,5.0
31,812,5.0
31,7300,4.0
31,954,5.0
31,9802,5.0
31,664,4.0
31,602,4.0
31,10545,4.0
31,9894,5.0
31,10478,4.0
31,289,5.0
31,562,5.0
31,9716,5.0
31,252,4.0
31,1891,4.0
31,2493,5.0
31,85,4.0
31,348,4.0
31,218,4.0
31,105,4.0
31,3034,5.0
31,756,5.0
31,2323,4.0
31,25189,4.0
31,199,4.0
31,17204,5.0
31,21539,5.0
31,75,5.0
31,651,5.0
32,11860,4.0
32,8012,4.0
32,451,4.0
32,16420,4.0
32,63,4.0
32,687,4.0
32,629,5.0
32,11010,5.0
32,20927,4.0
32,27526,4.0
32,11062,4.0
32,11000,4.0
32,10149,5.0
32,9090,4.0
32,1909,4.0
32,14275,4.0
32,11,5.0
32,18183,5.0
32,11318,5.0
32,1945,4.0
32,680,5.0
32,14334,4.0
32,278,5.0
32,2064,4.0
32,2759,5.0
32,10660,4.0
32,11566,4.0
32,11971,5.0
32,424,4.0
32,14291,4.0
32,23210,5.0
32,858,4.0
32,268,5.0
32,274,5.0
32,275,5.0
32,12520,4.0
32,8866,4.0
32,9802,4.0
32,9826,4.0
32,9294,4.0
32,10478,4.0
32,289,5.0
32,562,5.0
32,819,4.0
32,252,5.0
32,623,4.0
32,475,4.0
32,521,4.0
32,221,4.0
32,702,5.0
32,1891,4.0
32,2493,5.0
32,85,5.0
32,199,4.0
32,75,5.0
32,9390,4.0
32,2928,4.0
32,9404,4.0
32,61563,4.0
32,66,4.0
33,4584,4.0
33,8012,4.0
33,17015,5.0
33,687,5.0
33,9603,5.0
33,629,5.0
33,11010,4.0
33,9283,4.0
33,197,5.0
33,11780,4.0
33,2292,4.0
33,10451,4.0
33,9587,4.0
33,18183,5.0
33,11318,4.0
33,101,4.0
33,680,5.0
33,108,5.0
33,109,4.0
33,278,4.0
33,1587,5.0
33,2064,5.0
33,2759,4.0
33,13,5.0
33,52038,4.0
33,1607,5.0
33,10997,5.0
33,10443,4.0
33,25440,4.0
33,5503,5.0
33,7984,4.0
33,11971,4.0
33,9559,4.0
33,713,5.0
33,424,5.0
33,14291,4.0
33,11446,5.0
33,812,5.0
33,280,4.0
33,274,5.0
33,275,4.0
33,47333,5.0
33,11876,4.0
33,627,4.0
33,26748,4.0
33,3573,5.0
33,9303,4.0
33,11113,5.0
33,630,5.0
33,18203,5.0
33,25147,4.0
33,454,4.0
33,10218,5.0
33,9504,4.0
33,10409,4.0
33,1892,5.0
33,379,5.0
33,9322,5.0
33,10404,5.0
33,7863,4.0
33,12498,4.0
33,9390,4.0
33,784,5.0
33,9434,4.0
33,11239,4.0
33,9450,4.0
33,38523,5.0
33,2118,5.0
33,55306,4.0
33,2255,5.0
33,9427,5.0
33,782,5.0
33,4995,5.0
33,19931,5.0
33,37165,4.0
33,489,5.0
33,10217,5.0
33,597,4.0
33,11003,4.0
33,9313,4.0
33,9844,4.0
33,9715,4.0
33,544,5.0
33,857,5.0
33,10340,4.0
33,881,4.0
33,9821,4.0
33,3033,4.0
33,9487,5.0
33,666,5.0
33,1934,4.0
33,9535,4.0
33,100,4.0
33,603,5.0
33,9430,5.0
33,24137,4.0
33,745,4.0
33,1049,4.0
33,2731,5.0
34,710,5.0
34,278,4.0
34,13,4.0
34,1637,4.5
34,18,4.5
34,9342,4.5
34,2109,5.0
34,825,4.5
34,564,4.0
34,550,4.0
34,128,4.0
34,8584,4.0
34,9679,4.5
34,36657,5.0
34,4327,4.5
34,146,5.0
34,77,4.5
34,634,4.0
34,1995,4.5
34,2114,5.0
34,8835,4.0
34,869,4.0
34,1933,4.0
34,194,4.0
34,557,5.0
34,1894,4.0
34,36658,5.0
34,9654,4.5
34,47423,4.5
34,22,5.0
34,11770,5.0
34,153,5.0
34,10617,4.5
34,14282,4.0
34,24,5.0
34,79,4.5
34,393,4.5
34,10625,4.5
34,558,5.0
34,30421,4.5
34,2332,4.5
34,9316,5.0
34,2652,4.5
34,36668,5.0
35,9087,4.0
35,8012,5.0
35,629,5.0
35,11359,5.0
35,2054,5.0
35,568,5.0
35,1642,5.0
35,22625,4.0
35,522,4.0
35,397,4.0
35,11777,4.0
35,9587,5.0
35,11450,4.0
35,2064,5.0
35,236,4.0
35,581,5.0
35,268,4.0
36,278,4.0
36,9277,4.0
36,5925,4.0
36,2118,4.5
36,10162,4.5
36,707,4.0
36,14280,4.5
36,838,4.5
36,786,4.5
36,11892,4.0
37,568,5.0
37,1572,5.0
37,8467,5.0
37,6950,4.0
37,680,5.0
37,2164,5.0
37,278,4.0
37,3049,5.0
37,9331,4.0
37,13,4.0
37,5503,4.0
37,581,4.0
37,274,5.0
37,3065,5.0
37,819,5.0
37,252,4.0
38,9087,5.0
38,629,5.0
38,197,5.0
38,568,4.0
38,11780,5.0
38,8963,4.0
38,6520,4.0
38,2292,5.0
38,1909,4.0
38,522,4.0
38,14275,5.0
38,11450,4.0
38,278,5.0
38,10731,4.0
38,712,5.0
38,9359,4.0
38,8987,4.0
38,37233,4.0
38,5503,5.0
38,11971,5.0
38,424,5.0
38,9479,4.0
38,581,4.0
38,268,4.0
38,10020,4.0
38,954,4.0
39,629,5.0
39,11,5.0
39,680,5.0
39,8587,4.0
39,5503,4.0
39,812,4.0
39,280,4.0
39,268,4.0
39,274,5.0
39,275,5.0
39,11827,4.0
39,532,4.0
39,238,4.0
39,9078,4.0
39,8367,4.0
39,562,4.0
39,500,5.0
39,601,4.0
39,2756,4.0
39,762,4.0
39,1891,5.0
39,2493,5.0
39,85,4.0
39,679,5.0
39,1892,5.0
39,769,4.0
39,348,5.0
39,766,5.0
39,539,5.0
39,240,5.0
39,1480,5.0
39,694,5.0
39,105,4.0
39,903,4.0
39,665,4.0
39,89,5.0
39,578,5.0
39,378,4.0
39,9361,4.0
39,9434,4.0
39,686,5.0
39,1669,4.0
39,184,5.0
39,473,5.0
39,13597,4.0
39,2108,5.0
39,609,4.0
39,11336,5.0
39,21589,5.0
39,244,5.0
39,10223,5.0
39,871,4.0
39,603,5.0
39,9430,5.0
39,9451,5.0
39,104,5.0
39,9473,5.0
39,745,5.0
39,14,5.0
39,10388,4.0
39,856,4.0
39,492,5.0
39,128,5.0
39,476,5.0
39,14919,5.0
39,4816,5.0
39,968,5.0
39,243,5.0
39,7450,4.0
39,36657,4.0
39,13785,5.0
40,862,5.0
40,4584,5.0
40,8012,4.0
40,16420,4.0
40,9909,4.0
40,9598,5.0
40,11861,4.0
40,11359,4.0
40,2054,5.0
40,880,5.0
40,10874,4.0
40,197,4.0
40,103,5.0
40,32119,4.0
40,568,5.0
40,11780,4.0
40,8839,4.0
40,8068,5.0
40,1572,4.0
40,9886,4.0
40,9482,4.0
40,9090,5.0
40,52856,4.0
40,9382,4.0
40,2292,5.0
40,1909,4.0
40,11929,5.0
40,522,4.0
40,397,4.0
40,11777,4.0
40,18183,5.0
40,4476,4.0
40,11318,5.0
40,11593,5.0
40,680,5.0
40,11450,5.0
40,110,5.0
40,108,5.0
40,109,5.0
40,14334,5.0
40,11395,4.0
40,278,5.0
40,9067,4.0
40,1587,5.0
40,3049,4.0
40,10731,5.0
40,10464,4.0
40,10714,4.0
40,8587,5.0
40,854,4.0
40,12280,4.0
40,6075,5.0
40,11566,4.0
40,37233,4.0
40,10502,5.0
40,10872,5.0
40,11969,5.0
40,812,4.0
40,581,4.0
40,268,4.0
40,25059,4.0
40,11827,4.0
40,33245,5.0
41,101,4.0
41,680,5.0
41,712,4.0
41,274,4.0
41,10020,4.0
41,275,4.0
41,627,4.0
41,185,5.0
41,539,4.0
41,279,4.5
41,694,5.0
41,235,5.0
41,597,5.0
41,115,4.0
41,2898,4.0
41,380,4.0
41,805,5.0
41,637,4.0
41,73,4.0
41,104,4.0
41,345,5.0
41,14,4.0
41,550,4.0
41,334,4.0
41,1907,4.0
41,98,4.0
41,1597,5.0
41,641,4.0
41,1636,4.0
41,8358,5.0
41,134,4.0
41,77,4.0
41,55,4.0
41,634,4.0
41,9398,5.0
41,1018,5.0
41,141,5.0
41,194,4.0
41,245,4.0
41,640,4.0
41,423,4.0
41,598,4.0
41,9506,5.0
41,310,4.0
41,12,4.0
41,7288,5.0
41,24,5.0
41,6964,4.5
41,5966,5.0
41,1824,5.0
41,38,4.0
41,393,5.0
41,9675,4.0
41,2288,4.0
41,70,4.0
41,2567,4.0
41,1640,4.0
41,9522,4.0
41,6957,4.0
41,116,4.0
41,773,4.0
41,1164,4.0
41,1372,4.0
41,2062,4.0
41,35,4.0
41,5915,4.0
41,6615,4.0
41,6977,5.0
41,8321,4.5
41,9870,4.0
41,13310,4.0
41,14836,4.0
41,15472,4.0
41,16869,4.0
41,14160,4.0
41,25376,4.0
41,24238,4.0
41,46738,4.0
41,51540,5.0
41,50646,4.0
41,60243,4.0
41,77338,4.0
41,103663,4.0
41,82693,4.0
41,68718,4.0
41,146233,5.0
41,116745,4.0
41,222935,4.0
41,244786,4.0
41,242582,4.0
41,265195,5.0
41,228970,4.0
41,273248,4.0
41,281957,4.0
42,15602,4.0
42,710,5.0
42,9087,5.0
42,524,5.0
42,8012,4.0
42,1710,5.0
42,807,4.0
42,629,5.0
42,10534,4.0
42,9614,4.0
42,197,4.0
42,16388,4.0
42,568,5.0
42,1642,4.0
42,11472,4.0
42,2292,5.0
42,8984,4.0
42,4954,4.0
42,8467,4.0
42,18395,4.0
42,11777,4.0
42,628,5.0
42,11,5.0
42,8986,4.0
42,241,5.0
42,680,5.0
42,278,4.0
42,11381,5.0
42,9331,4.0
42,10731,4.0
42,13,5.0
42,8587,4.0
42,10449,4.0
42,12160,4.0
42,18069,4.0
42,18658,4.0
42,9350,4.0
42,2124,4.0
42,9739,4.0
42,5503,4.0
42,10612,4.0
42,9559,4.0
42,713,4.0
42,424,4.0
42,867,4.0
42,9057,4.0
42,10635,5.0
42,10057,4.0
42,11969,5.0
42,319,5.0
42,581,4.0
42,274,5.0
42,114,5.0
42,954,5.0
42,8866,4.0
42,9327,4.0
42,1645,5.0
42,238,5.0
42,289,5.0
42,62,5.0
42,8367,4.0
42,562,4.0
42,10218,5.0
42,819,4.0
42,500,5.0
42,792,5.0
42,10537,5.0
42,601,4.0
42,2119,4.0
42,744,5.0
42,11816,5.0
42,2756,4.0
42,10174,4.0
42,2493,5.0
42,1892,5.0
42,769,5.0
42,240,5.0
42,600,5.0
42,9549,5.0
42,379,5.0
42,207,5.0
42,137,5.0
42,105,4.0
42,2640,4.0
42,2323,4.0
42,639,4.0
42,172,4.0
42,154,4.0
42,11967,5.0
42,9086,5.0
42,9390,4.0
42,1968,4.0
42,9366,4.0
42,9403,4.0
42,10003,4.0
42,1624,4.0
42,4477,4.0
42,9434,5.0
42,816,5.0
42,754,4.0
42,607,4.0
42,8834,4.0
42,9772,4.0
42,1669,4.0
42,10806,4.0
42,2649,4.0
42,1813,4.0
42,782,5.0
42,10890,4.0
42,11975,4.0
42,4995,5.0
42,489,5.0
42,714,5.0
42,184,4.0
42,2898,5.0
42,617,4.0
42,795,4.0
42,8656,4.0
42,6068,4.0
42,544,4.0
42,380,4.0
42,2108,4.0
42,941,5.0
42,942,4.0
42,165,4.0
42,242,5.0
42,857,5.0
42,10144,5.0
42,2619,4.0
42,9442,4.0
42,87,4.0
42,11557,4.0
42,117,4.0
42,11082,4.0
42,881,4.0
42,8195,5.0
42,12159,4.0
42,10377,4.0
42,4437,4.0
42,73,5.0
42,10663,4.0
42,12560,4.0
42,9749,5.0
42,14628,5.0
42,707,5.0
42,10328,4.0
42,5825,5.0
42,9489,4.0
42,8741,4.0
42,8388,5.0
42,2112,4.0
42,10207,4.0
42,1542,5.0
42,8224,4.0
42,9535,4.0
42,796,5.0
42,16379,4.0
42,603,5.0
42,9430,4.0
42,12596,4.0
42,1844,4.0
42,509,4.0
42,817,4.0
42,9032,4.0
42,9473,4.0
42,10279,4.0
42,2105,5.0
42,1073,4.0
42,345,5.0
42,10136,4.0
42,913,5.0
42,17707,4.0
42,813,5.0
42,11153,4.0
42,14170,4.0
42,850,4.0
42,10154,4.0
42,10390,4.0
42,10669,5.0
42,6415,4.0
42,12618,4.0
42,9346,4.0
42,9377,4.0
42,36819,4.0
42,856,4.0
42,699,5.0
42,709,5.0
42,492,4.0
42,957,4.0
42,36643,5.0
42,11393,4.0
42,293,5.0
42,10411,4.0
42,18161,4.0
42,9563,4.0
42,1213,4.0
42,3558,4.0
42,13342,4.0
42,9475,4.0
42,8872,4.0
42,9869,4.0
42,619,4.0
42,11259,4.0
42,10158,4.0
42,10206,4.0
42,14181,4.0
42,2069,4.0
42,287,4.0
42,11718,4.0
42,462,4.0
42,1880,4.0
42,801,5.0
42,11520,5.0
42,243,4.0
42,41659,5.0
42,49721,4.0
42,1359,4.0
42,11977,4.0
42,9285,4.0
42,9679,4.0
42,2123,4.0
42,2024,4.0
42,2133,5.0
42,11856,5.0
42,10461,4.0
42,2609,5.0
42,708,4.0
42,10673,5.0
42,2604,4.0
42,3981,4.0
42,8358,4.0
42,134,4.0
42,1900,5.0
42,2623,5.0
42,11191,4.0
42,96,4.0
42,90,4.0
42,17159,5.0
42,111,5.0
42,11307,4.0
42,19357,4.0
42,1406,5.0
42,13554,4.0
42,10364,4.0
42,1089,5.0
42,10653,4.0
42,11286,4.0
42,17170,5.0
42,7520,4.0
42,9602,5.0
42,2617,5.0
42,20443,4.0
42,11503,4.0
42,2605,4.0
42,11352,5.0
42,10142,4.0
42,9494,4.0
42,9942,4.0
42,2616,4.0
43,862,5.0
43,15602,5.0
43,11862,5.0
43,11860,5.0
43,45325,5.0
43,710,4.0
43,9087,4.0
43,9691,5.0
43,902,5.0
43,9598,5.0
43,807,4.0
43,10530,5.0
43,9089,5.0
43,11359,5.0
43,9623,5.0
43,9208,4.0
43,47475,5.0
43,10874,5.0
43,568,5.0
43,414,5.0
43,8839,5.0
43,8963,4.0
43,1572,5.0
43,6520,5.0
43,19326,5.0
43,1642,4.0
43,10802,4.0
43,9804,4.0
43,37141,5.0
43,8984,4.0
43,27985,5.0
43,628,4.0
43,6280,5.0
43,6071,4.0
43,9587,5.0
43,19101,5.0
43,28313,5.0
43,8986,5.0
43,10510,5.0
43,6950,5.0
43,2164,4.0
43,11395,4.0
43,278,4.0
43,27993,5.0
43,193,5.0
43,2064,4.0
43,48287,4.0
43,3049,4.0
43,10731,4.0
43,10464,4.0
43,888,5.0
43,13,5.0
43,10714,5.0
43,8587,5.0
43,854,5.0
43,11011,5.0
43,10395,5.0
43,2758,4.0
43,11041,5.0
43,306,5.0
43,11310,4.0
43,9350,5.0
43,9612,5.0
43,9739,5.0
43,37233,4.0
43,5503,5.0
43,329,4.0
43,29918,5.0
43,788,5.0
43,11231,5.0
43,5550,5.0
43,8005,5.0
43,11592,4.0
43,13203,4.0
43,10057,5.0
43,11969,4.0
43,10897,5.0
43,251,5.0
43,812,5.0
43,280,5.0
43,581,4.0
43,268,5.0
43,408,5.0
43,10020,5.0
43,10895,5.0
43,114,5.0
43,25059,5.0
43,11827,5.0
43,10112,5.0
43,19042,5.0
43,954,5.0
43,10539,5.0
43,36355,5.0
43,10545,5.0
43,9327,5.0
43,11511,5.0
43,18975,5.0
43,11238,5.0
43,252,5.0
43,475,5.0
43,25750,5.0
43,199,5.0
44,5,4.0
44,687,4.0
44,9283,4.0
44,9208,4.0
44,9614,4.0
44,33542,5.0
44,11,5.0
44,2320,4.0
44,18414,4.0
44,9802,5.0
44,11867,5.0
44,1645,4.0
44,10478,4.0
44,101230,4.0
44,1630,4.0
44,1892,5.0
44,9390,4.0
44,3179,4.0
44,9404,5.0
44,9403,5.0
44,816,4.0
44,1701,4.0
44,2255,5.0
45,862,4.0
45,949,4.0
45,9273,4.5
45,8012,4.0
45,63,4.5
45,629,5.0
45,2054,4.0
45,755,4.0
45,13997,4.0
45,9614,5.0
45,10874,4.0
45,197,5.0
45,33542,4.0
45,568,5.0
45,1572,5.0
45,2293,4.0
45,11017,5.0
45,2292,5.0
45,8467,5.0
45,11777,4.0
45,11,5.0
45,6950,4.0
45,680,5.0
45,2164,4.0
45,193,4.0
45,11381,4.0
45,3049,4.0
45,13,5.0
45,712,4.0
45,10714,5.0
45,8587,5.0
45,854,4.0
45,9359,4.0
45,36955,4.0
45,5503,4.0
45,9386,5.0
45,329,4.0
45,788,4.0
45,8005,4.0
45,10442,5.0
45,10057,4.0
45,812,5.0
45,280,5.0
45,581,4.0
45,274,4.0
45,408,4.0
45,10020,5.0
45,954,4.0
45,3065,4.0
45,9802,4.0
45,7095,4.0
45,627,4.0
45,9894,4.0
45,11543,4.0
45,3595,4.5
45,10478,4.0
45,238,5.0
45,426,4.0
45,62,4.0
45,433,4.0
45,11360,4.0
45,10948,4.0
45,15121,5.0
45,10163,4.0
45,454,5.0
45,10218,5.0
45,252,4.0
45,583,4.0
45,601,5.0
45,744,4.0
45,2756,4.0
45,762,5.0
45,1891,5.0
45,2493,5.0
45,85,4.0
45,1892,5.0
45,769,5.0
45,240,4.0
45,279,4.0
45,9665,5.0
45,207,5.0
45,694,5.0
45,756,5.0
45,89,5.0
45,2323,5.0
45,199,4.0
45,1573,4.5
45,174,5.0
45,157,4.0
45,9390,5.0
45,2322,4.0
45,4232,4.5
45,9622,4.0
45,26306,4.0
45,1968,4.0
45,1624,4.0
45,816,5.0
45,18,4.0
45,11970,4.0
45,8874,4.0
45,754,5.0
45,686,5.0
45,10336,4.0
45,9772,4.0
45,1669,4.0
45,2255,4.0
45,9427,4.0
45,782,4.0
45,563,4.0
45,37165,4.0
45,9444,4.0
45,489,5.0
45,597,4.0
45,184,4.0
45,115,5.0
45,9490,4.0
45,11003,4.0
45,2898,4.0
45,9448,5.0
45,846,4.0
45,473,5.0
45,544,5.0
45,380,4.0
45,2108,4.0
45,9342,5.0
45,857,5.0
45,1779,4.0
45,9325,5.0
45,10340,4.0
45,10144,5.0
45,10437,5.0
45,10693,4.0
45,10882,4.0
45,10419,5.0
45,87,4.5
45,2907,4.0
45,11639,4.0
45,14577,4.0
45,10220,5.0
45,881,5.0
45,4437,4.0
45,637,5.0
45,73,5.0
45,9487,5.0
45,1934,4.0
45,10312,5.0
45,10314,4.0
45,111794,4.0
45,13466,4.0
45,1542,5.0
45,15256,4.0
45,10803,4.0
45,796,4.0
45,603,5.0
45,9430,5.0
45,12596,4.0
45,8592,4.0
45,1893,4.0
45,36685,5.0
45,817,4.0
45,37135,4.0
45,9032,5.0
45,9473,5.0
45,2105,4.0
45,1073,4.0
45,2667,4.0
45,620,4.0
45,147,4.0
45,745,5.0
45,913,4.0
45,17707,5.0
45,813,4.0
45,2280,4.0
45,11601,4.0
45,14,5.0
45,6415,5.0
45,9346,4.0
45,861,4.0
45,9377,5.0
45,658,4.0
45,550,5.0
45,856,4.0
45,492,4.0
45,957,4.0
45,1832,4.0
45,36643,4.0
45,863,5.0
45,497,5.0
45,1213,4.0
45,10471,4.0
45,632,4.0
45,8872,4.0
45,8873,4.0
45,4234,4.0
45,14181,4.0
45,2069,4.0
45,11176,4.0
45,462,4.0
45,8469,4.0
45,243,4.0
45,10559,4.0
45,10468,4.0
45,4967,4.0
45,4825,4.0
45,11977,5.0
45,3536,4.0
45,10564,4.0
45,98,5.0
45,9285,4.0
45,9679,5.0
45,2123,4.0
45,2024,5.0
45,36657,5.0
45,2655,5.0
45,12207,5.0
45,146,5.0
45,107,5.0
45,11688,5.0
45,8358,5.0
45,11973,4.0
45,1900,4.0
45,9476,5.0
45,808,5.0
45,824,5.0
45,9799,5.0
45,2770,5.0
45,2294,5.0
45,585,5.0
45,671,4.0
45,1535,5.0
45,8007,4.0
45,161,5.0
45,11397,4.0
45,120,5.0
45,2752,4.0
45,11452,5.0
45,557,5.0
45,1894,5.0
45,2501,5.0
45,180,4.0
45,818,4.0
45,8764,5.0
45,2675,5.0
45,9357,5.0
45,9533,5.0
45,640,5.0
45,9506,5.0
45,36658,5.0
45,604,5.0
45,310,4.0
45,12,5.0
45,22,5.0
45,5966,5.0
45,16784,4.0
45,809,5.0
45,9472,5.0
45,2502,5.0
45,7453,4.0
45,8976,4.0
45,1895,5.0
45,787,5.0
45,2062,5.0
45,4169,4.5
45,810,4.0
45,285,4.0
45,298,5.0
45,2698,4.5
45,1858,4.5
45,35,5.0
45,2503,4.5
46,862,5.0
46,63,4.0
46,629,5.0
46,197,5.0
46,103,4.0
46,414,4.0
46,10329,4.0
46,1572,4.0
46,9482,5.0
46,1642,4.0
46,397,4.0
46,628,4.0
46,4476,5.0
46,6950,5.0
46,2164,4.0
46,278,4.0
46,2064,5.0
46,8587,5.0
46,854,4.0
46,36955,5.0
46,9350,4.0
46,37233,5.0
46,5503,5.0
46,812,5.0
46,581,5.0
46,274,5.0
46,10020,5.0
47,278,4.0
47,13,4.5
47,22067,4.5
47,9800,4.0
47,251,4.0
47,88,4.0
47,601,4.0
47,380,4.0
47,857,4.0
47,497,5.0
47,10860,4.0
47,8470,4.0
47,1430,4.0
47,11184,4.0
47,70,4.0
47,1640,4.5
47,7859,5.0
47,2355,5.0
47,5915,4.0
47,7350,4.0
47,12405,4.0
47,10024,4.0
47,22881,4.0
47,45317,4.0
47,51876,4.5
47,83686,4.0
47,77016,4.0
47,87502,4.0
47,152532,4.0
47,244786,5.0
47,244267,5.0
47,284293,4.0
47,277216,4.0
48,10530,4.0
48,8840,4.0
48,8077,4.0
48,199,4.5
48,1624,4.0
48,18,4.0
48,607,5.0
48,686,4.5
48,2649,4.5
48,782,4.5
48,8078,4.5
48,10144,4.5
48,87,5.0
48,117,4.0
48,603,5.0
48,564,4.5
48,2280,4.0
48,585,5.0
48,557,4.0
48,180,4.5
48,9016,4.0
48,7299,4.0
48,2789,4.0
48,558,4.5
49,197,4.0
49,278,4.0
49,13,4.0
49,424,4.5
49,601,4.5
49,679,4.5
49,348,4.0
49,857,4.5
49,603,4.5
49,8358,4.5
49,425,4.0
49,12,4.0
49,1402,4.5
49,17654,4.0
49,20352,4.0
49,27205,4.5
49,93456,4.0
49,157336,4.5
49,271110,4.0
49,281957,4.5
49,263115,4.5
50,103,4.0
50,680,4.0
50,78,4.0
50,275,4.0
50,935,4.0
50,238,4.0
50,872,4.0
50,426,4.0
50,15,4.0
50,62,4.5
50,762,4.0
50,68,4.0
50,429,4.0
50,947,4.5
50,185,4.0
50,28,4.5
50,1398,4.0
50,422,4.5
50,829,4.0
50,694,4.0
50,149,4.0
50,346,4.0
50,805,4.0
50,1628,4.0
50,1396,4.0
50,592,4.0
50,269,4.0
50,5781,4.0
50,129,4.0
50,797,4.0
50,133919,4.0
50,204,4.0
50,2786,4.0
50,3053,4.0
50,13041,4.0
50,8327,4.0
50,18491,4.0
50,192695,4.0
51,8844,4.5
51,15602,4.0
51,11860,4.0
51,755,5.0
51,9102,5.0
51,103,5.0
51,10428,4.0
51,8973,4.0
51,397,5.0
51,1024,5.0
51,11,5.0
51,2164,4.5
51,2064,4.0
51,36955,4.0
51,10612,4.5
51,11971,5.0
51,31586,4.0
51,8005,4.5
51,9479,5.0
51,319,4.5
51,280,5.0
51,274,5.0
51,11827,4.0
51,10112,4.0
51,8840,4.0
51,8866,4.0
51,9304,4.5
51,14553,4.0
51,11363,5.0
51,11962,4.0
51,10061,4.5
51,62,5.0
51,1585,5.0
51,260,5.0
51,15947,4.0
51,10948,4.0
51,623,5.0
51,88,4.0
51,10537,5.0
51,1412,4.5
51,1891,5.0
51,679,5.0
51,429,4.0
51,348,5.0
51,766,5.0
51,10705,5.0
51,343,5.0
51,18971,5.0
51,696,4.0
51,9322,5.0
51,13667,4.5
51,982,4.0
51,11202,5.0
51,903,5.0
51,12104,5.0
51,830,4.5
51,2323,5.0
51,642,5.0
51,794,4.5
51,152,5.0
51,172,5.0
51,75,4.5
51,10003,4.5
51,9434,5.0
51,607,5.0
51,2255,5.0
51,9427,4.0
51,1813,5.0
51,10890,5.0
51,1281,4.0
51,9281,5.0
51,2666,4.0
51,2898,5.0
51,29193,4.0
51,16148,5.0
51,4415,5.0
51,1051,5.0
51,13597,5.0
51,609,4.0
51,9552,5.0
51,11587,5.0
51,17984,4.0
51,10957,4.5
51,2619,4.0
51,2907,4.0
51,11639,5.0
51,11415,4.0
51,10692,4.0
51,36647,4.0
51,14557,4.0
51,574,5.0
51,117,5.0
51,2028,5.0
51,16384,5.0
51,11855,4.5
51,162,4.0
51,10156,5.0
51,10377,5.0
51,2657,5.0
51,9425,4.0
51,13698,4.0
51,10466,5.0
51,10223,4.5
51,11815,4.0
51,9426,4.5
51,9671,4.0
51,30202,4.0
51,9430,5.0
51,1844,4.0
51,18462,5.0
51,18252,4.5
51,11549,4.0
51,745,5.0
51,9267,5.0
51,813,4.0
51,2280,5.0
51,14578,4.0
51,10669,4.5
51,11527,4.0
51,9638,5.0
51,391,4.0
51,10563,4.0
51,11379,5.0
51,2924,5.0
51,177,5.0
51,31582,5.0
51,1715,5.0
51,3558,4.5
51,2990,4.0
51,287,5.0
51,838,4.5
51,8989,5.0
51,8469,5.0
51,13939,4.0
51,840,5.0
51,243,5.0
51,879,5.0
51,34322,4.0
51,11072,5.0
51,938,4.0
51,11368,5.0
51,9873,4.0
51,11686,5.0
51,8843,5.0
51,9003,5.0
51,9064,5.0
51,641,5.0
51,2134,4.5
51,10647,5.0
51,9741,5.0
51,2609,5.0
51,392,5.0
51,1900,5.0
51,2043,4.5
51,13166,4.0
51,111,5.0
51,2144,4.5
51,966,4.0
51,11906,5.0
51,31052,4.0
51,11542,5.0
51,984,4.5
51,768,5.0
51,141,4.0
51,585,4.0
51,23111,4.0
51,11232,4.5
51,651,4.5
51,245,5.0
51,818,4.0
51,9962,4.0
51,16806,4.0
51,672,5.0
51,3131,5.0
51,2832,4.5
51,170,5.0
51,9362,4.0
51,7270,5.0
51,153,4.5
51,4543,5.0
51,11775,5.0
51,9292,5.0
51,587,4.0
51,504,5.0
51,1954,4.5
51,393,5.0
51,667,5.0
51,12762,5.0
51,9372,5.0
51,11036,5.0
51,401,4.0
51,747,5.0
51,15258,5.0
51,142,5.0
51,2610,4.0
51,1690,5.0
51,7512,5.0
51,9693,5.0
51,214,5.0
51,1271,5.0
51,4964,4.5
51,675,5.0
51,7326,5.0
51,155,4.0
51,217,5.0
51,8960,5.0
51,13353,5.0
52,568,4.0
52,11,4.0
52,101,4.0
52,278,5.0
52,13,5.0
52,8587,5.0
52,812,5.0
52,9802,5.0
52,1891,4.0
52,1892,5.0
52,489,5.0
52,2898,4.0
52,544,5.0
52,637,4.0
52,603,5.0
52,550,4.5
52,2024,4.0
52,146,4.5
52,1535,5.0
52,855,4.0
52,11362,5.0
52,2501,5.0
52,1430,4.5
52,24,4.5
52,122,5.0
52,393,4.5
52,9509,5.0
52,9372,4.0
52,2502,5.0
52,747,5.0
52,9806,4.0
52,205,5.0
52,561,4.5
52,16320,4.5
52,6957,4.5
52,1830,5.0
52,59,5.0
52,142,4.0
52,6963,5.0
52,231,5.0
52,752,5.0
52,186,4.0
52,1262,5.0
52,1402,4.0
52,1948,5.0
52,1491,5.0
52,7512,5.0
52,1579,5.0
52,1422,4.0
52,1523,4.5
52,36557,5.0
52,1372,5.0
52,1246,4.5
52,7516,4.5
52,2062,4.0
52,4638,5.0
52,1271,5.0
52,9955,4.0
52,253768,4.0
52,1272,5.0
52,4964,4.5
52,2503,5.0
52,8363,4.0
52,4349,5.0
52,1992,5.0
52,5176,5.0
52,4141,5.0
52,2252,5.0
52,4566,5.0
52,4982,4.0
52,7191,5.0
52,8321,5.0
52,155,5.0
52,9870,5.0
52,8681,4.0
52,9502,4.0
52,10681,4.0
52,13183,4.0
52,7446,5.0
52,12113,4.0
52,12405,5.0
52,10764,4.0
52,11499,4.0
52,13475,5.0
52,14160,4.0
52,18785,5.0
52,12162,4.0
52,17654,5.0
52,19908,4.5
52,19995,4.5
52,10528,5.0
52,11324,4.5
52,10191,5.0
52,20352,4.0
52,27205,5.0
52,38757,4.0
52,51608,5.0
52,24428,5.0
52,80767,5.0
52,62177,5.0
52,77016,5.0
52,180299,5.0
52,187017,5.0
52,82702,4.5
52,118340,5.0
52,207703,4.0
52,76341,5.0
52,140607,5.0
52,102899,5.0
52,293660,5.0
52,286217,5.0
52,238713,4.5
52,150540,5.0
52,269149,5.0
53,9090,5.0
53,13701,5.0
53,10449,5.0
53,13595,5.0
53,10909,5.0
53,10547,5.0
53,9306,5.0
53,804,5.0
53,599,5.0
53,10586,5.0
53,2119,5.0
53,11843,5.0
53,3063,5.0
53,12104,5.0
53,4104,5.0
53,948,5.0
53,8592,5.0
53,14283,5.0
53,293,5.0
53,711,5.0
54,278,4.0
54,13,4.0
54,274,4.0
55,8009,4.0
55,783,4.0
55,100,5.0
55,6415,4.0
55,8374,5.0
55,107,5.0
55,4836,5.0
55,1640,4.5
55,186,4.5
55,1422,5.0
55,2503,4.0
56,710,4.0
56,9087,4.0
56,9273,5.0
56,9603,4.0
56,807,5.0
56,10634,4.0
56,197,4.0
56,414,4.0
56,8963,4.0
56,9804,4.0
56,8984,4.0
56,8467,5.0
56,6950,4.0
56,680,4.0
56,2636,4.0
56,11395,4.0
56,278,4.0
56,3049,5.0
56,9331,4.0
56,13,5.0
56,8587,5.0
56,36955,4.0
56,5503,4.0
56,329,5.0
56,9516,4.0
56,280,4.0
56,274,5.0
56,9802,4.0
56,9268,4.0
57,862,5.0
57,63,4.0
57,629,5.0
57,10634,4.0
57,197,4.0
57,33542,4.0
57,11000,4.0
57,26564,4.0
57,17447,4.0
57,1909,4.0
57,522,5.0
57,11,5.0
57,193,4.0
57,9331,4.0
57,13,4.0
57,712,4.0
57,8587,4.0
57,36955,4.0
57,6075,4.0
57,11566,4.0
57,5503,5.0
57,329,5.0
57,2320,4.0
57,1245,4.0
57,424,5.0
57,78,5.0
57,9479,4.0
57,11969,4.0
57,812,4.0
57,280,4.0
57,268,4.0
57,274,5.0
57,408,4.0
57,10020,5.0
57,10895,4.0
57,275,4.0
57,954,4.0
57,8069,4.0
57,503475,5.0
57,532,4.0
57,935,5.0
57,627,4.0
57,14553,4.0
57,238,5.0
57,11134,4.0
57,9303,4.0
57,27854,4.0
57,872,5.0
57,426,4.0
57,567,5.0
57,213,5.0
57,4808,4.0
57,289,5.0
57,963,5.0
57,6620,5.0
57,770,4.0
57,599,4.0
57,15,5.0
57,62,5.0
57,381,4.0
57,10907,4.0
57,1939,4.0
57,3085,4.0
57,900,5.0
57,488,4.0
57,18203,4.0
57,433,4.0
57,12092,4.0
57,562,4.0
57,11412,4.0
57,583,4.0
57,744,4.0
57,2756,4.0
57,762,5.0
57,531,5.0
57,409,4.0
57,510,4.0
57,1891,4.0
57,2493,5.0
57,85,5.0
57,679,4.0
57,429,5.0
57,947,5.0
57,185,4.0
57,28,4.0
57,1892,4.0
57,1092,5.0
57,525,4.0
57,240,5.0
57,600,4.0
57,530,4.0
57,3109,4.0
57,9277,5.0
57,218,4.0
57,9665,4.0
57,18971,5.0
57,1480,5.0
57,9322,4.0
57,826,5.0
57,829,5.0
57,3090,4.0
57,3063,5.0
57,137,5.0
57,33,4.0
57,212,4.0
57,105,4.0
57,8009,5.0
57,903,5.0
57,3034,4.0
57,756,4.0
57,288,5.0
57,910,5.0
57,2640,4.0
57,665,5.0
57,11031,5.0
57,89,4.0
57,642,5.0
57,199,4.0
57,174,4.0
57,154,5.0
57,168,4.0
57,75,4.0
57,9404,4.0
57,9611,4.0
57,816,4.0
57,18,4.0
57,607,4.0
57,1669,4.0
57,2118,5.0
57,9427,4.0
57,17589,4.0
57,782,5.0
57,14905,4.0
57,4995,4.0
57,563,4.0
57,37165,4.0
57,586,4.0
57,2898,4.0
57,10674,4.0
57,846,4.0
57,887,4.0
57,1051,4.0
57,1366,4.0
57,2108,4.0
57,941,5.0
57,12101,4.0
57,346,5.0
57,857,5.0
57,907,5.0
57,10340,4.0
57,10144,5.0
57,10693,4.0
57,53565,4.0
57,6471,4.0
57,11639,4.0
57,8393,4.0
57,117,4.0
57,13321,5.0
57,881,4.0
57,162,4.0
57,12159,4.0
57,30197,4.0
57,4437,4.0
57,2657,4.0
57,637,5.0
57,9487,4.0
57,8545,4.0
57,1934,5.0
57,1368,4.0
57,9326,4.0
57,2112,4.0
57,871,4.0
57,603,5.0
57,9451,4.0
57,1924,4.0
57,37135,4.0
57,9473,4.0
57,2105,4.0
57,620,5.0
57,16406,4.0
57,10386,4.0
57,745,5.0
57,11353,4.0
57,9267,4.0
57,813,5.0
57,850,4.0
57,14,5.0
57,861,4.0
57,14412,4.0
57,9377,5.0
57,11901,5.0
57,4929,4.0
57,3086,4.0
57,658,4.0
57,391,4.0
57,36819,4.0
57,699,4.0
57,492,4.0
57,37094,4.0
57,961,5.0
57,11878,5.0
57,11234,4.0
57,11498,4.0
57,11790,4.0
57,11165,5.0
57,2668,4.0
57,9013,4.0
57,11005,4.0
57,177,5.0
57,863,4.0
57,926,4.0
57,9869,4.0
57,11016,5.0
57,11176,4.0
57,54825,4.0
57,996,4.0
57,1880,4.0
57,35292,4.0
57,12187,4.0
57,840,5.0
57,526,4.0
57,17529,5.0
57,54087,4.0
57,11356,4.0
57,11977,4.0
57,98,4.0
57,8584,4.0
57,29372,4.0
57,30588,4.0
57,691,4.0
57,22994,4.0
57,11072,4.0
57,938,4.0
57,6978,4.0
57,8348,4.0
57,13783,4.0
57,5551,4.0
57,11589,5.0
57,651,4.0
58,11862,4.0
58,11860,5.0
58,8012,4.0
58,9909,4.0
58,63,5.0
58,687,4.0
58,9603,5.0
58,807,5.0
58,629,5.0
58,197,5.0
58,568,4.0
58,8963,4.0
58,1572,4.0
58,6520,5.0
58,9804,4.0
58,9382,5.0
58,22625,5.0
58,8467,5.0
58,18395,4.0
58,13701,5.0
58,9587,4.0
58,18183,4.0
58,10510,5.0
58,8438,5.0
58,1945,4.0
58,6950,4.0
58,101,5.0
58,680,5.0
58,11450,5.0
58,2636,5.0
58,278,5.0
58,9067,4.0
58,11381,5.0
58,1587,5.0
58,2064,5.0
58,236,5.0
58,2759,4.0
58,10731,4.0
58,13,4.0
58,10714,5.0
58,8587,4.0
58,854,4.0
58,9359,4.0
58,12280,4.0
58,1637,5.0
58,11566,4.0
58,5503,5.0
58,9386,5.0
58,7984,5.0
58,15765,4.0
58,329,4.0
58,11971,5.0
58,9800,5.0
58,424,5.0
58,14291,5.0
58,858,5.0
58,10442,5.0
58,9479,5.0
58,251,4.0
58,812,5.0
58,280,4.0
58,408,5.0
58,10020,5.0
58,10895,4.0
58,114,5.0
58,10112,4.0
58,954,5.0
58,8866,5.0
58,602,5.0
58,252,5.0
59,31174,5.0
59,688,4.0
59,103,5.0
59,11,4.0
59,854,4.0
59,424,5.0
59,78,5.0
59,280,4.0
59,274,5.0
59,275,5.0
59,10684,4.0
59,954,5.0
59,9802,4.0
59,935,5.0
59,602,4.0
59,238,5.0
59,426,5.0
59,567,5.0
59,13528,5.0
59,289,5.0
59,963,5.0
59,599,4.0
59,62,5.0
59,223,5.0
59,260,5.0
59,488,5.0
59,521,4.0
59,792,4.0
59,11386,5.0
59,601,5.0
59,18919,5.0
59,409,5.0
59,10409,5.0
59,1891,4.0
59,28,5.0
59,1092,5.0
59,539,5.0
59,240,4.0
59,600,5.0
59,10705,5.0
59,387,5.0
59,696,5.0
59,37247,5.0
59,826,5.0
59,829,5.0
59,11778,5.0
59,212,5.0
59,625,5.0
59,17204,4.0
59,9311,4.0
59,754,5.0
59,1669,4.0
59,2118,4.0
59,2649,5.0
59,18355,5.0
59,9281,5.0
59,19601,5.0
59,21736,5.0
59,143,5.0
59,11426,4.0
59,1051,5.0
59,859,5.0
59,857,5.0
59,907,5.0
59,11911,5.0
59,793,5.0
59,805,5.0
59,12560,5.0
59,8741,5.0
59,11772,5.0
59,247,5.0
59,913,5.0
59,1654,5.0
59,36819,5.0
59,11481,5.0
59,16241,5.0
59,21489,5.0
59,9869,5.0
59,820,4.0
59,801,5.0
59,9960,4.0
59,3082,5.0
59,840,4.0
59,526,4.0
59,11327,5.0
59,10774,4.0
59,651,4.0
59,3009,5.0
60,278,4.0
60,10714,4.0
60,424,5.0
60,10545,4.0
60,1645,4.0
60,238,5.0
60,9665,4.0
60,8393,4.0
60,873,4.0
60,820,4.0
60,925,4.0
60,598,4.0
60,155,5.0
61,524,4.0
61,63,4.5
61,629,4.5
61,522,4.0
61,4476,4.0
61,101,4.5
61,278,5.0
61,319,4.5
61,274,4.0
61,500,4.5
61,792,4.0
61,429,4.5
61,28,4.5
61,769,4.0
61,348,4.5
61,694,4.0
61,642,5.0
61,782,4.5
61,641,4.5
61,107,4.5
61,77,4.5
61,141,4.0
61,120,4.5
61,121,4.5
61,170,4.0
61,650,4.0
61,24,4.0
61,122,4.5
61,38,4.0
61,393,4.0
61,4836,4.0
61,70,4.5
62,8844,4.0
62,949,4.5
62,807,4.5
62,197,4.5
62,11,4.5
62,101,5.0
62,680,4.5
62,278,4.0
62,13,5.0
62,2758,4.5
62,424,4.5
62,771,4.0
62,274,5.0
62,627,4.5
62,238,5.0
62,500,5.0
62,601,4.5
62,510,4.0
62,1891,4.5
62,85,4.5
62,389,5.0
62,1892,4.5
62,240,5.0
62,207,4.5
62,137,4.0
62,105,4.5
62,89,4.5
62,1669,4.0
62,1813,5.0
62,782,5.0
62,37165,4.5
62,489,5.0
62,597,4.0
62,115,4.5
62,380,5.0
62,165,5.0
62,196,4.5
62,242,5.0
62,857,4.0
62,87,4.5
62,2907,5.0
62,73,4.5
62,603,5.0
62,1893,4.5
62,745,4.5
62,550,5.0
62,128,4.0
62,497,5.0
62,9475,4.5
62,98,4.5
62,1597,4.0
62,641,4.5
62,10647,4.5
62,9741,4.5
62,107,4.5
62,9740,5.0
62,853,4.5
62,111,5.0
62,141,4.0
62,671,4.5
62,161,4.5
62,194,4.5
62,120,5.0
62,453,4.5
62,557,4.0
62,1894,4.5
62,320,4.5
62,180,4.0
62,2675,4.0
62,129,5.0
62,9533,5.0
62,672,4.5
62,7299,4.5
62,121,5.0
62,640,4.5
62,423,4.5
62,604,5.0
62,310,4.0
62,22,4.0
62,24,5.0
62,605,5.0
62,616,4.0
62,122,5.0
62,1954,4.0
62,1824,4.0
62,38,4.5
62,393,5.0
62,652,4.0
62,673,4.5
62,594,4.5
62,558,4.0
62,8699,4.0
62,14337,4.5
62,4553,4.5
62,9806,4.5
62,163,5.0
62,55931,4.5
62,11774,4.0
62,2539,4.0
62,4836,4.5
62,118,4.5
62,561,4.5
62,187,4.5
62,1495,4.0
62,1895,4.5
62,921,4.0
62,272,5.0
62,1830,4.0
62,3933,4.0
62,59,4.0
62,5236,4.0
62,674,4.5
62,411,4.0
62,254,4.0
62,752,5.0
62,58,4.5
62,1593,4.0
62,1262,4.0
62,1402,5.0
62,1491,4.0
62,496,4.0
62,1417,4.5
62,1422,4.5
62,1124,5.0
62,9726,4.0
62,36557,4.5
62,1372,4.5
62,1248,5.0
62,1949,4.5
62,1271,4.5
62,6145,4.5
62,559,4.0
62,285,4.5
62,298,5.0
62,675,4.5
62,8363,4.0
62,5176,4.5
62,6977,5.0
62,13363,4.0
62,6479,4.0
62,7350,4.5
62,13885,4.5
62,155,5.0
62,8065,4.0
62,2454,4.0
62,10681,4.5
62,13183,4.5
62,10189,4.0
62,20766,4.0
62,10764,4.5
62,4922,4.5
62,10201,4.5
62,16614,4.0
62,16869,4.0
62,13448,4.0
62,21755,4.0
62,14160,5.0
62,18785,4.0
62,19913,4.5
62,767,4.5
62,22494,4.5
62,19995,4.0
62,10528,5.0
62,11324,4.0
62,12155,5.0
62,27205,5.0
62,31011,4.5
62,22538,4.0
62,43923,4.0
62,12444,4.5
62,45269,5.0
62,49009,4.0
62,51876,4.0
62,45612,4.5
62,10195,4.0
62,1865,4.0
62,45243,4.0
62,49538,4.0
62,12445,4.5
62,1771,4.0
62,50646,4.0
62,60308,4.0
62,24428,4.0
62,40807,4.5
62,70160,4.0
62,49026,5.0
62,58574,5.0
62,65754,4.5
62,37724,4.5
62,59967,4.0
62,84892,5.0
62,103663,4.0
62,82693,4.0
62,87827,4.5
62,49051,4.5
62,68718,5.0
62,82695,4.0
62,75612,4.0
62,109414,4.0
62,75656,4.0
62,107985,4.0
62,76170,4.0
62,122906,4.5
62,212716,4.0
62,101299,4.0
62,57158,5.0
62,106646,4.0
62,116745,4.5
62,109443,4.0
62,110415,4.0
62,181886,4.0
62,120467,5.0
62,157336,5.0
62,100402,4.0
62,240832,4.0
62,127585,4.0
62,137113,4.0
62,244786,4.0
62,210577,4.0
62,244267,4.5
62,118340,4.0
62,220289,4.0
62,190859,4.0
62,254375,4.5
62,206487,5.0
62,245891,5.0
62,228150,4.5
62,242582,4.5
62,273271,4.0
62,264660,4.0
62,205596,4.5
62,131631,4.0
62,265195,4.0
62,266856,4.5
62,122917,4.0
62,76341,4.0
62,140607,4.0
62,99861,4.0
62,141052,4.0
62,293660,4.5
62,299536,4.0
62,284053,4.0
62,283995,4.0
62,271110,4.0
62,284052,4.5
62,246655,4.0
62,202249,4.0
62,273248,5.0
62,259316,4.0
62,297761,4.0
62,206647,4.5
62,209112,4.0
62,281957,4.0
62,257211,4.0
62,303991,4.0
62,370646,5.0
62,290250,4.0
62,334533,4.5
62,308266,4.0
62,302946,4.0
62,329865,4.0
62,330459,4.5
62,381288,4.5
62,324552,4.5
62,419430,4.0
62,263115,5.0
62,339403,4.0
62,364150,5.0
62,406990,4.0
62,374430,5.0
62,346364,4.0
62,335984,4.0
62,452830,5.0
62,300668,4.0
62,445571,4.0
62,399360,4.5
62,500609,5.0
62,383498,4.0
62,348350,4.0
63,862,5.0
63,807,4.0
63,629,5.0
63,1572,4.0
63,11,5.0
63,680,5.0
63,278,5.0
63,3049,5.0
63,712,4.0
63,8587,4.0
63,854,4.0
63,424,4.0
63,812,4.0
63,280,4.0
63,268,4.0
63,275,4.5
63,954,4.0
63,532,5.0
63,627,4.0
63,238,4.0
63,289,4.0
63,963,4.0
63,1585,4.0
63,562,4.0
63,583,5.0
63,475,4.0
63,762,5.0
63,531,5.0
63,510,4.0
63,1891,5.0
63,85,5.0
63,429,4.0
63,13446,4.0
63,389,4.0
63,28,5.0
63,1892,4.5
63,769,4.0
63,525,5.0
63,240,4.0
63,530,5.0
63,5925,4.0
63,105,5.0
63,756,4.0
63,11031,5.0
63,89,4.0
63,2118,4.0
63,13820,4.5
63,2108,4.0
63,9325,5.0
63,87,4.0
63,73,4.0
63,100,4.5
63,104,4.5
63,620,5.0
63,9267,5.0
63,813,4.0
63,14,5.0
63,550,5.0
63,11787,4.0
63,996,4.0
63,243,4.0
63,1359,4.0
63,7443,4.0
63,641,5.0
63,146,4.0
63,9705,4.0
63,161,4.0
63,9428,4.0
63,120,4.0
63,453,4.0
63,855,4.0
63,425,4.0
63,2501,4.0
63,180,4.0
63,4147,4.0
63,129,4.0
63,1430,5.0
63,640,4.0
63,598,4.5
63,11949,5.0
63,10515,4.5
63,170,4.0
63,22,4.0
63,37719,4.0
63,122,4.0
63,38,5.0
63,5902,4.5
63,9372,4.0
63,747,5.0
63,3989,4.0
63,3509,4.0
63,4935,4.0
63,187,5.0
63,13589,5.0
63,533,5.0
63,58,4.0
63,2295,4.0
63,1422,4.5
63,9693,5.0
63,36557,4.0
63,4638,5.0
63,1571,4.0
63,35,4.0
63,2503,4.0
63,8321,5.0
63,155,5.0
63,217,4.0
63,10681,4.0
63,14447,4.5
63,19833,4.0
63,14160,4.0
63,12162,4.0
63,19908,4.0
63,10528,4.0
63,11324,4.0
63,39452,5.0
63,37495,5.0
63,10193,4.0
63,22538,5.0
63,39514,4.0
63,45269,4.5
63,45612,4.0
63,46105,5.0
63,49538,4.0
63,1771,4.0
63,49517,5.0
63,74643,5.0
63,49026,5.0
63,56292,4.0
63,65754,4.0
63,13976,5.0
63,80379,5.0
63,13930,4.0
63,59967,4.5
63,82690,5.0
63,140420,5.0
63,25117,5.0
63,54138,4.5
63,185574,4.0
63,109445,5.0
63,137106,5.0
63,100402,4.0
63,137113,4.0
63,177677,5.0
63,118340,4.0
63,177572,5.0
63,99861,4.0
63,150540,5.0
64,862,4.0
64,949,4.5
64,524,5.0
64,63,4.0
64,9598,4.5
64,687,4.0
64,9603,4.0
64,807,4.5
64,755,4.0
64,197,4.0
64,103,4.0
64,8467,4.5
64,628,4.0
64,4476,5.0
64,101,4.0
64,680,4.5
64,278,5.0
64,11381,4.5
64,9495,4.0
64,13,4.0
64,712,4.5
64,8587,4.0
64,1689,4.0
64,329,4.0
64,713,4.0
64,8005,4.0
64,424,5.0
64,11969,4.0
64,319,4.0
64,9066,4.0
64,251,4.0
64,812,4.0
64,280,4.0
64,581,5.0
64,274,5.0
64,10895,4.0
64,275,4.0
64,1592,4.5
64,8866,4.5
64,627,5.0
64,238,5.0
64,213,4.0
64,630,4.0
64,433,4.0
64,11360,4.0
64,252,4.0
64,623,4.5
64,88,4.0
64,500,4.0
64,792,5.0
64,402,4.5
64,11386,4.5
64,15764,5.0
64,601,4.5
64,762,4.0
64,531,4.0
64,409,4.0
64,510,5.0
64,2493,4.5
64,389,5.0
64,947,5.0
64,595,4.0
64,28,5.0
64,769,5.0
64,348,4.0
64,766,4.0
64,11645,5.0
64,240,5.0
64,600,4.0
64,279,4.0
64,1578,4.0
64,826,5.0
64,11778,4.5
64,137,4.0
64,903,4.0
64,665,4.5
64,11031,4.5
64,783,5.0
64,2323,4.0
64,1598,4.0
64,7340,4.5
64,653,4.0
64,12498,4.0
64,578,5.0
64,3179,4.0
64,9361,5.0
64,9366,4.0
64,9611,4.0
64,816,4.0
64,2118,4.0
64,9427,4.0
64,4995,4.5
64,37165,4.0
64,489,4.5
64,184,4.0
64,115,5.0
64,9457,4.0
64,11003,4.0
64,10674,4.0
64,1389,5.0
64,1725,4.0
64,380,4.0
64,13597,4.5
64,609,4.5
64,927,4.5
64,9340,4.0
64,346,5.0
64,857,4.0
64,1779,4.0
64,9325,4.0
64,10340,4.0
64,2907,4.0
64,11639,4.0
64,34584,4.0
64,117,4.5
64,2028,4.0
64,881,4.0
64,8195,5.0
64,162,4.0
64,1955,4.5
64,637,4.0
64,73,4.0
64,9487,4.0
64,11545,5.0
64,1934,4.0
64,1885,5.0
64,8741,5.0
64,1542,4.5
64,603,4.0
64,1924,4.5
64,36685,4.0
64,817,4.0
64,104,5.0
64,9473,4.5
64,10776,4.0
64,10386,5.0
64,745,4.5
64,11353,4.0
64,2280,4.0
64,850,5.0
64,10669,4.0
64,226,4.5
64,550,4.5
64,856,4.0
64,492,4.0
64,11878,4.0
64,1832,4.0
64,2039,5.0
64,11005,4.0
64,177,4.0
64,863,4.0
64,497,4.0
64,1715,4.0
64,334,4.0
64,13342,4.0
64,8872,4.5
64,2787,4.0
64,968,5.0
64,820,4.5
64,11176,4.0
64,8469,4.5
64,243,4.0
64,1700,4.5
64,1552,4.0
64,1359,5.0
64,1443,4.0
64,5683,5.0
64,10276,4.0
64,786,4.0
64,641,4.0
64,9741,4.0
64,146,4.5
64,2609,4.5
64,107,4.5
64,11688,4.5
64,134,4.0
64,1900,4.0
64,1547,5.0
64,843,4.5
64,77,4.5
64,55,5.0
64,634,4.0
64,9301,5.0
64,9602,4.5
64,1648,4.0
64,2034,4.0
64,768,4.0
64,141,4.0
64,585,4.0
64,194,5.0
64,9428,4.0
64,1649,4.0
64,120,4.5
64,855,5.0
64,1365,4.0
64,6312,4.0
64,1391,4.0
64,4547,4.0
64,548,4.5
64,8346,4.5
64,180,4.0
64,2675,4.5
64,11013,4.0
64,8051,5.0
64,12477,5.0
64,1672,4.5
64,65,4.0
64,2757,4.5
64,121,4.5
64,1429,4.5
64,3131,4.0
64,11635,5.0
64,979,4.0
64,455,4.0
64,1817,4.0
64,13370,4.0
64,16636,4.5
64,12,5.0
64,1088,5.0
64,170,4.5
64,22,4.0
64,9362,4.5
64,153,4.0
64,650,4.0
64,24,4.0
64,10147,4.0
64,10234,4.0
64,79,4.5
64,10511,4.5
64,587,4.0
64,122,4.5
64,504,4.0
64,2289,4.0
64,924,4.5
64,38,4.5
64,393,4.0
64,10625,4.0
64,9872,4.5
64,4552,4.5
64,113,5.0
64,8193,5.0
64,9372,4.0
64,1777,4.0
64,11584,4.0
64,8699,4.0
64,436,4.5
64,401,4.5
64,23305,4.5
64,1538,4.0
64,1653,4.5
64,747,5.0
64,3989,5.0
64,4553,4.5
64,2288,4.0
64,844,4.5
64,11178,5.0
64,670,5.0
64,11658,4.5
64,118,4.0
64,421,5.0
64,9470,4.0
64,187,4.5
64,10226,4.0
64,272,4.0
64,1667,4.5
64,142,4.0
64,674,4.0
64,69,4.0
64,411,4.0
64,254,4.0
64,4550,4.5
64,773,4.5
65,278,4.0
65,424,4.0
65,207,4.0
65,37165,4.5
65,857,4.0
65,73,4.5
65,550,4.5
65,497,4.5
65,77,4.0
65,122,4.0
65,921,4.0
65,1830,4.0
65,752,4.5
65,1124,4.5
65,5915,5.0
65,155,4.5
65,13223,4.5
65,11324,4.5
65,27205,4.5
65,59440,4.0
65,58574,4.5
65,83542,4.0
65,157336,4.5
65,137113,4.0
65,205596,4.5
66,862,4.0
66,11862,4.0
66,5,4.0
66,8012,4.0
66,902,4.5
66,63,5.0
66,807,5.0
66,629,4.0
66,197,5.0
66,103,4.5
66,9804,4.0
66,1909,5.0
66,1945,4.0
66,101,4.0
66,680,5.0
66,278,4.5
66,1587,4.0
66,13,5.0
66,712,5.0
66,47889,4.0
66,14291,4.5
66,695,5.0
66,78,5.0
66,280,4.0
66,581,4.5
66,268,4.0
66,274,4.0
66,275,4.0
66,1592,4.0
66,3065,4.0
66,10779,4.0
66,1645,4.0
66,426,4.5
66,289,4.5
66,599,5.0
66,1585,4.0
66,3083,4.0
66,81310,4.5
66,562,4.0
66,11412,4.0
66,252,4.5
66,623,4.5
66,583,4.0
66,500,4.0
66,792,4.0
66,11386,4.0
66,2756,4.0
66,762,5.0
66,1412,4.5
66,1891,4.0
66,2493,4.0
66,679,5.0
66,429,5.0
66,389,4.5
66,185,5.0
66,348,4.0
66,766,4.5
66,175,4.5
66,11645,5.0
66,600,4.5
66,10705,4.5
66,218,4.0
66,9665,4.0
66,18971,5.0
66,207,4.5
66,37247,5.0
66,829,4.5
66,13667,4.0
66,694,4.0
66,765,5.0
66,33,5.0
66,8009,4.5
66,910,5.0
66,2640,4.0
66,11031,5.0
66,2323,4.5
66,6217,4.0
66,12498,5.0
66,11967,4.0
66,378,4.5
66,4232,4.5
66,16448,4.5
66,9434,4.5
66,816,4.0
66,2058,4.0
66,8874,4.5
66,2649,4.5
66,2255,4.5
66,9427,4.5
66,37165,4.5
66,489,5.0
66,2666,5.0
66,11702,4.0
66,2898,5.0
66,16148,4.0
66,1389,4.5
66,544,4.0
66,3116,5.0
66,16619,5.0
66,380,4.0
66,2108,4.0
66,346,4.5
66,859,4.0
66,857,4.5
66,11704,4.0
66,11557,4.5
66,117,4.0
66,2028,4.5
66,44772,4.0
66,18282,4.5
66,1091,5.0
66,1890,4.0
66,8879,4.0
66,1885,4.0
66,8856,4.0
66,12151,4.0
66,9671,4.0
66,1542,5.0
66,603,5.0
66,9451,4.5
66,3035,5.0
66,817,4.5
66,9473,5.0
66,2105,4.0
66,2667,4.0
66,745,5.0
66,913,4.0
66,11153,4.0
66,2280,4.0
66,14,5.0
66,9377,4.0
66,391,4.5
66,31650,4.0
66,550,5.0
66,404,4.0
66,856,4.0
66,11040,5.0
66,1621,4.0
66,1832,4.0
66,9264,4.0
66,2039,4.0
66,11943,5.0
66,11393,4.5
66,293,4.5
66,10998,4.0
66,11005,4.0
66,177,4.5
66,5924,4.0
66,26617,5.0
66,9475,4.5
66,1923,4.0
66,9609,4.5
66,11690,4.5
66,243,4.5
66,1700,4.0
66,1552,4.5
66,11977,4.0
66,1551,4.0
66,865,4.5
66,6978,4.0
66,10276,4.0
66,13785,4.0
66,134,4.0
66,2623,4.5
66,5709,4.5
66,1547,4.0
66,10878,4.0
66,23685,4.0
66,2453,4.0
66,77,5.0
66,808,5.0
66,13554,4.0
66,10868,4.0
66,10141,4.0
66,18197,4.0
66,4105,4.0
66,21291,4.0
66,14550,4.0
66,505,4.0
66,11521,4.0
66,585,4.5
66,120,5.0
66,61418,4.0
66,9275,4.5
66,11452,4.0
66,8346,5.0
66,557,4.0
66,2501,5.0
66,4147,5.0
66,818,4.0
66,9941,4.5
66,4108,4.0
66,11013,5.0
66,129,4.5
66,19140,4.0
66,8051,5.0
66,11646,5.0
66,2757,5.0
66,121,5.0
66,2642,4.0
66,9506,4.5
66,36658,4.0
66,12,4.5
66,9654,4.5
66,2055,4.5
66,8992,4.0
66,7270,5.0
66,153,5.0
66,277,4.5
66,9662,4.0
66,11703,4.5
66,11364,4.0
66,24,5.0
66,10719,4.5
66,8619,4.5
66,860,4.0
66,2611,4.0
66,11092,5.0
66,11509,4.0
66,6069,4.5
66,11676,4.0
66,11316,4.0
66,79,4.0
66,616,4.5
66,587,5.0
66,122,5.0
66,1824,4.5
66,38,4.5
66,1487,4.0
66,393,5.0
66,9461,4.5
66,28285,4.0
66,26670,4.0
66,3777,4.0
66,27804,4.0
66,20289,4.0
66,809,4.5
66,12651,4.0
66,558,5.0
66,2502,5.0
66,401,4.5
66,1538,4.5
66,747,5.0
66,9806,4.0
66,4638,4.0
67,101,5.0
67,680,4.5
67,278,4.5
67,13,4.5
67,562,4.0
67,105,4.5
67,18,5.0
67,607,4.0
67,165,4.0
67,857,4.5
67,603,4.5
67,14,4.0
67,550,4.5
67,107,4.5
67,585,4.5
67,4108,4.0
67,2110,4.0
67,12,4.0
67,22,4.5
67,2330,5.0
67,2334,4.5
67,2332,5.0
67,16869,4.0
67,27205,4.0
67,68718,4.0
67,269149,4.0
68,949,4.0
68,710,4.5
68,9087,4.5
68,9603,4.0
68,807,4.0
68,10530,4.0
68,755,4.0
68,9614,4.5
68,8068,4.5
68,9560,4.0
68,9804,4.0
68,11,5.0
68,4476,4.0
68,101,4.0
68,11381,4.0
68,8587,4.5
68,9359,4.0
68,1637,5.0
68,9571,4.5
68,5503,4.5
68,8005,4.0
68,424,4.0
68,581,4.0
68,268,4.0
68,10020,4.5
68,114,4.5
68,954,4.0
68,8840,4.0
68,664,4.0
68,602,4.0
68,238,4.0
68,289,4.5
68,770,5.0
68,8356,4.0
68,1891,5.0
68,2493,5.0
68,85,5.0
68,1892,5.0
68,539,4.5
68,218,4.0
68,3034,4.0
68,89,5.0
68,9390,4.5
68,9361,5.0
68,10003,4.0
68,816,4.0
68,607,4.0
68,3597,4.0
68,1813,4.0
68,37165,4.5
68,489,4.5
68,714,4.0
68,11003,4.0
68,2898,4.0
68,11808,4.0
68,10668,4.0
68,2157,4.0
68,1965,4.0
68,6068,4.0
68,544,4.0
68,9342,4.0
68,857,4.0
68,10144,5.0
68,87,4.0
68,9454,4.5
68,14367,4.0
68,15144,4.0
68,16384,5.0
68,881,4.0
68,9326,4.0
68,5825,4.0
68,8388,4.0
68,16172,4.5
68,1542,5.0
68,796,4.0
68,603,4.5
68,4951,4.5
68,564,4.0
68,2275,4.0
68,2105,4.0
68,913,4.5
68,813,4.0
68,14,5.0
68,9377,4.0
68,657,4.0
68,699,4.5
68,660,4.0
68,492,4.5
68,9481,4.0
68,20565,4.0
68,10998,4.0
68,8872,4.5
68,8873,4.5
68,11287,4.0
68,16562,4.0
68,14181,4.0
68,11690,4.0
68,801,4.0
68,879,4.0
68,4967,4.0
68,11977,4.0
68,98,4.0
68,955,4.5
68,691,4.0
68,13368,4.0
68,4247,4.0
68,1788,4.0
68,36657,4.5
68,2655,4.0
68,1588,4.5
68,13785,4.5
68,10637,4.0
68,1597,4.0
68,681,4.0
68,392,4.0
68,11688,4.0
68,3981,4.5
68,711,4.0
68,1493,4.0
68,2018,4.0
68,77,4.0
68,4133,4.0
68,634,4.0
68,111,5.0
68,9476,4.0
68,808,5.0
68,8835,4.0
68,7520,4.0
68,2770,4.5
68,2034,4.5
68,9398,4.0
68,585,4.5
68,9889,4.5
68,671,5.0
68,120,4.5
68,855,4.0
68,1365,4.0
68,11362,4.5
68,10590,4.0
68,1576,4.0
68,9334,4.0
68,557,4.5
68,2501,4.5
68,9637,4.5
68,11544,4.5
68,4108,4.0
68,14361,4.0
68,1672,4.0
68,65,4.0
68,672,5.0
68,121,4.0
68,423,4.0
68,9919,5.0
68,11635,4.5
68,36658,4.5
68,604,4.0
68,12,4.5
68,170,4.5
68,22,5.0
68,9257,4.0
68,153,5.0
68,1584,4.5
68,1277,4.0
68,508,4.5
68,11846,4.5
68,79,4.0
68,616,4.5
68,122,4.5
68,11194,4.0
68,9384,4.5
68,10591,4.0
68,924,4.5
68,38,4.5
68,9509,4.0
68,652,4.0
68,20561,4.0
68,16219,4.5
68,673,5.0
68,9372,4.5
68,9472,4.0
68,558,4.5
68,8699,4.5
68,401,4.5
68,11282,4.0
68,11823,4.5
68,1653,4.0
68,747,4.0
68,10589,5.0
68,866,4.0
68,2288,4.5
68,8677,4.0
68,20562,4.0
68,206216,4.0
68,693,4.5
68,8488,4.5
68,187,5.0
68,11431,4.0
68,14278,4.0
68,9522,5.0
68,16320,4.5
68,501,4.0
68,6957,4.5
68,16608,4.0
68,4348,4.0
68,674,5.0
68,411,4.5
68,254,4.5
68,29595,4.5
68,10045,4.0
68,9388,5.0
68,388,4.0
68,186,4.0
68,13751,4.0
68,16070,4.0
68,7518,4.5
68,920,4.5
68,350,4.5
68,58,4.5
68,13508,4.0
68,1452,4.5
68,1262,4.0
68,7511,4.5
68,1776,4.5
68,1417,4.5
68,1440,4.0
68,36557,5.0
68,1581,4.0
68,1259,4.0
68,13365,4.0
68,10758,4.5
68,2062,4.0
68,4638,4.0
68,1271,4.0
68,9955,4.5
68,8271,4.5
68,20553,4.0
68,4964,5.0
68,1562,4.5
68,285,4.5
68,3432,4.5
68,1858,5.0
68,675,5.0
68,2270,4.0
68,2503,4.0
68,13958,5.0
68,5176,4.5
68,15361,4.0
68,2252,5.0
68,4588,4.0
68,4513,4.0
68,4953,4.0
68,7249,4.0
68,6557,4.0
68,8321,4.0
68,7840,4.0
68,155,5.0
68,9870,5.0
68,13007,4.0
68,1726,4.5
68,8681,5.0
68,10681,4.5
68,10358,4.0
68,13253,4.0
68,20766,4.0
68,12405,4.5
68,15373,4.5
68,12163,4.0
68,10201,5.0
68,15584,4.5
68,14301,5.0
68,15472,4.5
68,13808,5.0
68,16869,4.5
68,13475,4.0
68,13532,4.0
68,16871,4.0
68,17927,5.0
68,18785,4.5
68,33409,4.5
68,12162,4.0
68,62128,4.5
68,19913,4.0
68,18480,4.0
68,767,4.0
68,20943,5.0
68,17654,4.0
68,24803,4.0
68,19422,4.0
68,18570,4.5
68,19908,5.0
68,22947,4.0
68,22832,4.5
68,22881,4.5
68,19995,5.0
68,15357,4.0
68,12155,4.0
68,34016,5.0
68,10191,5.0
68,23483,4.0
68,10138,4.0
68,39545,4.0
68,27205,5.0
68,22538,4.0
68,37735,4.0
68,38408,4.5
68,44639,4.0
68,38055,4.5
68,38357,4.0
68,12444,5.0
68,38757,4.0
68,41999,4.0
68,45317,4.0
68,46838,4.5
68,40619,4.0
68,39513,4.5
68,24447,4.5
68,49538,4.5
68,12445,4.5
68,50646,4.0
68,61791,4.0
68,50014,4.5
68,60308,4.5
68,24428,4.5
68,63492,4.5
68,70160,5.0
68,49026,4.0
68,73937,4.0
68,64688,5.0
68,80767,4.5
68,1930,4.0
68,64635,4.0
68,37724,4.5
68,82690,4.0
68,49051,4.5
68,54138,5.0
68,49521,4.5
68,101299,4.0
68,137113,4.5
68,82702,4.5
68,118340,4.5
68,131631,4.0
68,135397,4.0
68,207703,4.0
68,76341,5.0
68,140607,4.5
68,293660,4.0
68,286217,5.0
68,259316,4.0
68,314365,4.5
68,330459,4.5
68,263115,4.0
69,629,5.0
69,11,5.0
69,680,5.0
69,278,5.0
69,11381,5.0
69,13,4.0
69,78,5.0
69,11969,5.0
69,280,4.0
69,274,5.0
69,62,5.0
69,744,5.0
69,510,5.0
69,1891,5.0
69,1892,5.0
69,694,5.0
69,33,5.0
69,607,4.0
69,1669,4.0
69,1813,4.0
69,597,4.0
69,95,4.0
69,10015,4.0
69,603,5.0
69,1893,4.0
69,745,5.0
69,391,5.0
69,926,5.0
69,11977,5.0
69,11072,5.0
69,36657,4.0
69,5551,4.0
69,9741,4.0
69,2046,4.0
69,8358,4.0
69,134,5.0
69,11371,4.0
69,869,4.0
69,1018,4.0
69,167,5.0
69,11457,5.0
70,687,5.0
70,568,4.0
70,14275,4.5
70,278,4.5
70,13,4.0
70,9800,4.5
70,424,5.0
70,14291,4.5
70,238,5.0
70,1585,5.0
70,601,4.5
70,11216,5.0
70,510,5.0
70,1892,5.0
70,343,4.0
70,207,5.0
70,826,4.5
70,828,4.0
70,235,4.5
70,105,4.0
70,11202,4.0
70,11031,4.0
70,783,5.0
70,8816,5.0
70,2323,5.0
70,983,4.5
70,642,4.0
70,489,4.5
70,20862,4.0
70,1366,4.5
70,606,4.5
70,403,4.0
70,2108,4.0
70,244,4.5
70,14,4.0
70,11393,4.5
70,25188,4.0
70,11287,4.0
70,20283,5.0
70,287,5.0
70,990,5.0
70,13776,4.0
70,592,4.5
70,808,4.0
70,453,4.5
70,1430,4.5
70,423,4.0
70,38,4.5
70,9675,5.0
70,398,4.5
70,6977,4.0
70,12405,5.0
70,19913,4.0
70,22947,4.5
70,60308,4.5
70,65057,4.0
71,862,5.0
71,2054,4.0
71,10534,5.0
71,9208,4.0
71,1572,5.0
71,2320,4.0
71,10684,4.0
71,954,4.0
71,664,5.0
71,602,5.0
71,9327,4.0
71,38223,4.0
71,9294,5.0
71,10830,4.0
71,10478,4.0
71,562,4.0
71,744,5.0
71,218,4.0
71,199,5.0
71,1573,4.0
72,63,4.5
72,807,4.5
72,629,4.5
72,197,4.5
72,568,4.0
72,1572,4.0
72,11,5.0
72,680,4.5
72,278,5.0
72,13,4.0
72,5503,4.5
72,424,4.5
72,280,4.5
72,581,4.0
72,274,4.5
72,954,4.0
72,238,4.5
72,289,4.5
72,510,4.0
72,1891,4.5
72,85,4.5
72,1892,4.5
72,175,4.0
72,240,4.5
72,105,4.0
72,7863,4.0
72,73,4.5
72,8741,4.5
72,2112,4.0
72,603,5.0
72,18990,4.0
72,14,4.5
72,194,5.0
72,693,4.0
72,6479,4.5
73,862,4.5
73,62,4.0
73,510,5.0
73,185,5.0
73,37165,5.0
73,115,5.0
73,857,5.0
73,2657,4.0
73,14,5.0
73,1359,5.0
73,11072,4.5
73,36657,5.0
73,10647,4.0
73,77,4.0
73,141,5.0
73,585,4.0
73,9428,5.0
73,453,4.0
73,36658,5.0
73,12,4.5
73,22,4.5
73,24,5.0
73,10719,5.0
73,393,4.0
73,558,4.0
73,11282,4.0
73,9806,4.0
73,2059,5.0
73,9981,4.0
73,9522,4.5
73,9655,4.5
73,10115,4.0
73,36668,5.0
73,350,4.0
73,58,4.0
73,773,4.0
73,1402,4.0
73,9293,4.0
73,36557,5.0
73,1265,4.0
73,4638,4.5
73,1949,4.5
73,9955,4.0
73,559,5.0
73,4964,4.0
73,285,4.5
73,1858,4.0
73,5559,4.0
73,8390,4.5
73,155,4.5
73,8780,4.5
73,1726,4.0
73,13183,5.0
73,12133,4.5
73,10189,4.0
73,12620,4.0
73,4944,4.0
73,10358,4.0
73,10201,4.0
73,16869,5.0
73,2080,4.0
73,13475,5.0
73,14160,4.0
73,12162,4.5
73,19913,4.0
73,22798,4.0
73,19908,5.0
73,22881,4.5
73,10528,5.0
73,11324,4.5
73,10193,5.0
73,27581,4.5
73,37799,4.0
73,44115,4.0
73,44214,4.0
73,10195,5.0
73,55721,5.0
73,49538,5.0
73,1771,4.5
73,50014,4.0
73,60308,4.0
73,24428,4.0
73,70160,4.0
73,49026,5.0
73,58574,5.0
73,64688,4.5
73,1930,4.0
73,37724,5.0
73,84892,4.0
73,68718,5.0
73,54138,5.0
73,116741,4.0
73,62211,4.5
73,72190,4.0
73,76338,5.0
73,106646,4.5
73,120467,5.0
73,157336,4.5
73,100402,5.0
73,127585,5.0
73,187017,4.0
73,210577,4.0
73,118340,5.0
73,177572,5.0
73,131631,4.0
73,227159,4.0
73,284293,4.0
73,207703,4.5
73,99861,5.0
73,293660,4.5
73,308369,4.0
73,238713,4.0
73,150540,4.0
73,287689,4.0
73,257211,4.0
73,269149,5.0
74,11010,5.0
74,103,5.0
74,10149,5.0
74,680,5.0
74,108,5.0
74,109,5.0
74,1587,4.0
74,10395,4.5
74,7984,5.0
74,275,5.0
74,238,5.0
74,426,4.5
74,15,5.0
74,705,5.0
74,220,4.0
74,11159,5.0
74,475,5.0
74,11386,4.5
74,221,5.0
74,10161,4.0
74,510,5.0
74,185,5.0
74,28,5.0
74,335,4.0
74,1092,5.0
74,11645,4.0
74,539,4.5
74,240,5.0
74,703,5.0
74,37247,4.0
74,422,4.5
74,829,5.0
74,11778,5.0
74,653,4.0
74,2118,4.5
74,68924,4.5
74,26610,5.0
74,3116,4.0
74,746,5.0
74,19,4.0
74,793,5.0
74,805,5.0
74,30197,5.0
74,309,4.5
74,1902,4.5
74,104,4.0
74,14,5.0
74,226,5.0
74,492,4.0
74,9008,4.0
74,476,4.0
74,99,5.0
74,5156,5.0
74,334,4.0
74,26617,4.0
74,1883,4.0
74,901,5.0
74,925,4.0
74,592,4.0
74,9040,4.5
74,641,5.0
74,146,5.0
74,10110,4.0
74,38718,4.0
74,77,4.0
74,8740,4.5
74,141,4.0
74,194,5.0
74,9428,4.5
74,14168,4.0
74,307,4.0
74,27094,4.0
74,21635,4.5
74,4107,4.0
74,1360,4.0
74,10712,4.0
74,11524,4.0
74,6007,5.0
74,423,5.0
74,262,4.0
74,598,5.0
74,8996,5.0
74,45129,4.0
74,12516,5.0
74,994,4.0
74,1714,4.0
74,3472,4.0
74,8094,5.0
74,4593,5.0
74,153,4.0
74,891,5.0
74,11832,5.0
74,18900,4.0
74,322,4.0
74,5143,5.0
74,15927,4.0
74,405,5.0
74,338,5.0
74,11577,4.0
74,439,5.0
74,4909,4.0
74,41975,5.0
74,16153,5.0
74,1653,4.0
74,11109,4.0
74,9652,5.0
74,24657,4.0
74,670,5.0
74,70,4.0
74,661,5.0
74,142,4.0
74,3291,4.5
74,8053,4.5
74,612,5.0
74,582,4.0
74,11490,4.0
74,773,5.0
74,1164,4.5
74,1262,4.0
74,7859,4.0
74,1165,4.0
74,1417,4.5
74,1422,5.0
74,1440,4.5
74,13364,5.0
74,9693,4.0
74,14202,4.0
74,13771,4.0
74,1949,4.0
74,11798,4.5
74,1919,4.5
74,2009,4.0
74,2252,5.0
74,5915,4.5
74,4566,5.0
74,4771,4.0
74,4512,4.0
74,5708,5.0
74,6977,4.5
74,13885,4.0
74,7345,4.5
74,4787,4.0
74,7461,4.0
75,6520,4.0
75,11,5.0
75,78,4.0
75,280,4.5
75,213,4.5
75,289,4.0
75,223,4.5
75,562,4.0
75,1891,4.5
75,85,4.5
75,348,4.5
75,9277,4.5
75,218,4.0
75,828,4.0
75,33,4.0
75,89,4.5
75,174,4.0
75,168,4.0
75,1669,4.0
75,403,4.5
75,9325,5.0
75,192,4.0
75,11886,4.0
75,938,5.0
75,808,4.0
75,120,5.0
75,37257,4.0
75,121,4.0
75,10514,4.0
75,11850,4.0
75,122,4.0
75,809,4.0
75,9806,4.0
75,16320,4.0
75,9335,4.0
75,752,4.5
76,11,4.0
76,241,4.0
76,680,4.5
76,275,4.0
76,627,4.5
76,238,5.0
76,583,4.5
76,500,4.5
76,762,5.0
76,1891,4.0
76,185,4.5
76,28,4.0
76,769,5.0
76,348,4.0
76,240,4.5
76,3034,4.0
76,11031,4.0
76,115,4.0
76,346,4.0
76,10683,4.5
76,1542,4.0
76,603,4.0
76,745,4.0
76,813,4.0
76,14,4.0
76,550,4.5
76,77,4.5
76,176,5.0
76,206216,4.0
76,70,4.0
76,613,4.0
76,7453,4.0
76,1895,4.5
76,16320,5.0
76,215,4.5
76,9388,4.5
76,214,4.5
76,663,4.5
76,8321,4.0
76,11917,4.5
76,16869,4.0
76,22804,4.5
76,11324,4.0
76,27205,4.0
76,41439,4.5
76,68718,4.0
77,11,5.0
77,1891,5.0
77,85,5.0
77,1892,5.0
77,603,5.0
77,98,5.0
77,146,5.0
77,120,5.0
77,557,5.0
77,1894,5.0
77,672,5.0
77,121,5.0
77,22,4.0
77,122,5.0
77,558,5.0
77,9806,5.0
77,272,5.0
77,155,5.0
77,157336,4.0
78,862,4.0
78,568,4.0
78,680,4.0
78,278,4.5
78,3049,4.0
78,36593,4.0
78,36955,4.0
78,329,4.0
78,280,4.5
78,562,5.0
78,85,4.5
78,218,5.0
78,105,4.0
78,89,4.0
78,1573,4.0
78,1701,4.0
78,941,4.0
78,603,4.5
78,620,4.5
78,813,5.0
78,37136,4.5
78,37137,4.0
78,9472,4.5
78,13475,4.0
79,949,4.0
79,8512,5.0
79,14275,5.0
79,11,5.0
79,108,4.0
79,1637,4.0
79,5503,4.0
79,329,5.0
79,280,5.0
79,238,5.0
79,2756,5.0
79,14285,5.0
79,10174,5.0
79,31225,5.0
79,1891,5.0
79,2493,4.0
79,679,4.0
79,1892,5.0
79,766,4.0
79,10835,5.0
79,525,5.0
79,240,5.0
79,600,4.0
79,218,4.0
79,9665,5.0
79,765,5.0
79,89,5.0
79,154,4.0
79,578,5.0
79,607,4.0
79,1669,5.0
79,1389,5.0
79,1366,4.0
79,941,4.0
79,346,5.0
79,857,5.0
79,793,4.0
79,8393,4.0
79,16384,4.0
79,9326,4.0
79,603,4.0
79,104,5.0
79,861,4.0
79,1654,4.0
79,658,5.0
79,9008,4.0
79,9289,4.0
79,9013,5.0
79,18161,4.0
79,11851,4.0
79,10086,5.0
79,41823,4.0
79,12476,4.0
79,681,4.0
80,63,4.0
80,629,4.5
80,568,4.0
80,278,5.0
80,6075,4.0
80,274,5.0
80,954,4.5
80,238,4.0
80,679,4.5
80,348,5.0
80,240,4.0
80,694,4.0
80,2323,4.0
80,18,4.0
80,2649,4.5
80,473,4.0
80,431,4.0
80,162,4.0
80,9671,4.0
80,8913,4.0
80,603,4.5
80,913,4.5
80,550,5.0
80,497,4.0
80,8374,5.0
80,2787,4.0
80,106,4.0
80,1359,5.0
80,955,4.0
80,853,4.0
80,77,5.0
80,1933,4.0
80,2034,4.5
80,1018,4.0
80,141,5.0
80,585,4.0
80,10796,4.0
80,161,4.5
80,453,4.5
80,11362,5.0
80,11528,4.0
80,557,4.0
80,320,4.0
80,2501,5.0
80,180,4.5
80,2675,4.0
80,9533,4.5
80,565,4.0
80,7299,4.5
80,640,4.5
80,1647,5.0
80,2832,4.0
80,604,4.0
80,170,4.0
80,22,4.0
80,277,5.0
80,24,4.5
80,605,4.5
80,4970,5.0
80,11820,4.0
80,393,4.5
80,9509,4.5
80,435,4.0
80,2048,4.5
80,2502,5.0
80,1538,5.0
80,395,4.0
80,1577,4.0
80,4553,5.0
80,176,4.5
80,272,5.0
80,74,4.0
80,1635,4.5
80,231,4.0
80,834,4.5
80,752,4.0
80,388,5.0
80,186,5.0
80,2652,4.5
80,956,4.5
80,1491,5.0
80,1417,4.5
80,1422,4.0
80,9693,4.0
80,1124,5.0
80,36557,4.5
80,7551,4.5
80,1372,4.0
80,4169,4.0
80,1271,4.5
80,7485,4.5
80,6145,4.5
80,1562,4.0
80,3432,4.5
80,298,4.0
80,1571,4.0
80,2503,5.0
80,4982,4.0
80,6479,4.5
80,7191,4.0
80,155,5.0
80,1726,4.5
80,8681,5.0
80,18467,4.5
80,13183,4.0
80,10764,4.5
80,12437,4.5
80,18785,4.0
80,17654,4.5
80,19898,4.0
80,19908,4.0
80,19995,4.0
80,11324,4.5
80,23483,4.0
80,10138,4.5
80,37707,4.0
80,29917,4.0
80,27205,4.5
80,35791,4.0
80,23168,4.5
80,41402,5.0
80,44214,4.0
80,46420,4.0
80,51876,4.5
80,43947,4.0
80,48138,4.0
80,49730,4.0
80,45612,4.5
80,50456,5.0
80,49538,4.0
80,39538,4.0
80,49530,4.0
80,70160,4.5
80,49040,4.0
80,56292,4.5
80,65754,5.0
80,52520,4.5
80,75674,4.5
80,22970,4.0
80,70981,5.0
80,37724,4.5
80,71679,4.0
80,82505,4.0
80,102780,4.0
80,97630,4.5
80,109421,4.5
80,145135,4.0
80,75612,4.0
80,68721,4.0
80,158015,4.0
80,72190,4.0
80,138843,4.0
81,63,5.0
81,2164,4.0
81,193,4.0
81,5503,4.0
81,329,4.0
81,280,5.0
82,197,4.5
82,9737,4.5
82,8068,4.0
82,1572,4.0
82,8467,4.0
82,13,4.5
82,36955,4.0
82,329,4.0
82,280,4.5
82,954,4.0
82,9802,4.0
82,602,4.0
82,562,4.0
82,1891,4.0
82,85,4.5
82,1892,4.0
82,105,4.0
82,89,4.5
82,1573,4.0
82,18,4.0
82,754,4.0
82,607,4.0
82,544,4.0
82,941,4.5
82,942,4.5
82,165,4.0
82,196,4.0
82,87,4.5
82,2109,4.0
82,603,4.0
82,817,4.0
82,9473,4.0
82,8487,4.0
82,98,4.5
82,8584,4.0
82,8810,4.0
82,9679,4.0
82,2024,4.0
82,4247,4.0
82,1597,4.0
82,8859,4.5
82,3981,4.0
82,96,4.0
82,16300,4.0
82,808,4.0
82,676,4.0
82,1995,4.5
82,4248,4.0
82,5175,4.0
82,9398,4.0
82,8386,4.0
82,120,4.0
82,425,4.0
82,5851,4.0
82,3132,4.0
82,2022,4.0
82,608,4.0
82,565,4.0
82,8427,4.0
82,36669,4.0
82,9932,4.0
82,11078,4.0
82,6038,4.5
82,9506,4.0
82,9654,4.0
82,14411,4.0
82,296,4.5
82,22,4.5
82,8698,4.0
82,8961,4.5
82,1996,4.5
82,9257,4.0
82,2830,4.0
82,7270,4.0
82,10159,4.5
82,11775,4.0
82,13920,4.0
82,6964,4.0
82,122,4.0
82,9384,4.0
83,197,4.0
83,278,5.0
83,13,4.5
83,78,4.5
83,804,5.0
83,62,5.0
83,11216,4.0
83,185,4.0
83,600,5.0
83,279,5.0
83,207,5.0
83,694,5.0
83,756,4.5
83,37165,5.0
83,857,5.0
83,745,4.0
83,49948,5.0
83,98,5.0
83,2024,4.0
83,71,4.0
83,77,4.5
83,676,4.0
83,194,5.0
83,1903,4.0
83,120,4.0
83,855,4.0
83,548,4.0
83,598,5.0
83,122,4.5
83,338,5.0
83,164721,4.0
83,2440,4.0
83,4348,4.5
83,752,4.0
83,9693,5.0
83,12225,5.0
83,2011,4.5
83,155,5.0
83,2253,4.0
83,13813,4.0
83,14160,4.5
83,19995,4.5
83,27205,5.0
83,45269,4.0
84,949,4.0
84,9087,4.0
84,10858,4.0
84,4584,5.0
84,8012,4.0
84,451,5.0
84,9598,4.0
84,687,5.0
84,577,4.0
84,629,4.0
84,11448,5.0
84,97406,4.0
84,2054,4.0
84,9283,4.0
84,43566,4.0
84,9302,4.0
84,10474,4.0
84,568,5.0
84,8512,4.0
84,10149,4.0
84,18402,4.0
84,19155,4.0
84,2292,5.0
84,1909,4.0
84,10451,5.0
84,10525,4.0
84,14275,4.0
84,1024,4.0
84,11,4.0
84,9587,4.0
84,18183,5.0
84,4476,4.0
84,11318,5.0
84,680,4.0
84,40156,5.0
84,11450,5.0
84,110,4.0
84,278,5.0
84,9905,4.0
84,12527,4.0
84,36614,4.0
84,32636,4.0
84,236,4.0
84,11382,5.0
84,9331,4.0
84,10731,4.0
84,29973,4.0
84,13,5.0
84,712,4.0
84,23333,4.0
84,1637,4.0
84,10449,4.0
84,10436,5.0
84,11566,4.0
84,10997,5.0
84,37233,4.0
84,5503,4.0
84,9386,4.0
84,7984,4.0
84,15765,4.0
84,788,4.0
84,9800,4.0
84,713,5.0
84,1245,4.0
84,14534,4.0
84,424,5.0
84,10445,4.0
84,858,4.0
84,581,4.0
84,274,5.0
84,275,5.0
84,1592,4.0
84,10684,4.0
84,3065,4.0
84,73183,4.0
84,9802,4.0
84,26748,5.0
84,9294,4.0
84,1645,4.0
84,2925,4.0
84,3573,5.0
84,238,4.0
84,981,5.0
84,872,4.0
84,2769,4.0
84,164,4.0
84,567,4.0
84,213,4.0
84,289,4.0
84,11113,4.0
84,630,5.0
84,770,4.0
84,599,4.0
84,15,4.0
84,705,5.0
84,8356,4.0
84,381,4.0
84,1712,4.0
84,3085,4.0
84,3083,4.0
84,900,4.0
84,433,4.0
84,15121,5.0
84,9716,4.0
84,252,4.0
84,623,5.0
84,12614,4.0
84,792,4.0
84,11386,4.0
84,15764,5.0
84,744,4.0
84,221,4.0
84,702,4.0
84,11816,5.0
84,4480,5.0
84,4481,4.0
84,762,4.0
84,11216,4.0
84,26561,4.0
84,10161,4.0
84,1412,4.0
84,14285,4.0
84,510,4.0
84,1891,4.0
84,2493,4.0
84,85,4.0
84,679,4.0
84,389,4.0
84,595,4.0
84,28,5.0
84,1892,4.0
84,11645,4.0
84,539,4.0
84,279,4.0
84,1578,4.0
84,703,4.0
84,9549,4.0
84,9277,4.0
84,9665,5.0
84,696,4.0
84,207,4.0
84,37247,5.0
84,694,4.0
84,235,4.0
84,11778,4.0
84,33,4.0
84,982,5.0
84,212,4.0
84,1633,4.0
84,11202,5.0
84,903,5.0
84,10404,5.0
84,11031,4.0
84,10322,5.0
84,783,4.0
84,10644,5.0
84,11257,4.0
84,625,5.0
84,8816,4.0
84,2323,4.0
84,642,4.0
84,639,5.0
84,1598,4.0
84,621,4.0
84,578,4.0
84,9390,4.0
84,378,4.0
84,9361,4.0
84,27265,4.0
84,651,4.0
85,49133,5.0
85,14334,5.0
85,1245,4.0
85,424,5.0
85,23210,4.0
85,99479,5.0
85,409,4.0
85,10161,5.0
85,595,5.0
85,490,5.0
85,7863,5.0
85,784,4.0
85,16448,4.0
85,49462,4.0
85,55306,5.0
85,68924,4.0
85,9427,5.0
85,17589,5.0
85,11831,4.0
85,2895,4.0
85,10217,5.0
85,9746,4.0
85,586,4.0
86,862,4.0
86,1572,4.0
86,11,4.5
86,278,4.5
86,13,4.0
86,5503,4.0
86,812,4.0
86,581,4.0
86,10020,4.0
86,954,4.5
86,601,4.0
86,1891,4.0
86,1892,4.0
86,137,4.0
86,10215,4.5
86,795,4.0
86,380,4.0
86,8856,4.0
86,603,4.5
86,37135,4.0
86,745,4.0
86,10154,4.0
86,14,4.0
86,2787,4.0
86,98,4.0
86,36657,4.0
86,77,4.5
86,808,4.0
86,585,4.0
86,1535,4.0
86,161,4.5
86,120,4.0
86,2501,4.5
86,180,4.0
86,121,4.0
86,310,4.0
86,12,4.5
86,22,4.0
86,587,4.0
86,122,4.0
86,38,4.5
86,787,5.0
86,272,4.0
86,155,4.5
86,1726,4.0
86,14836,4.5
86,8054,4.5
86,22794,4.5
86,24480,4.5
86,27205,4.0
86,1930,4.5
87,19101,4.0
87,11236,4.0
87,3065,4.5
87,11561,4.0
87,762,5.0
87,686,4.0
87,12101,4.0
87,30197,4.5
87,10774,4.5
87,16,4.0
87,194,5.0
87,129,5.0
87,8392,5.0
88,524,4.5
88,629,5.0
88,2292,4.5
88,278,5.0
88,424,4.0
88,11543,4.0
88,510,5.0
88,12498,4.0
88,115,5.0
88,1878,5.0
88,100,4.5
88,8374,4.5
88,2291,4.5
88,786,4.0
88,77,4.0
88,111,4.5
88,141,4.5
88,161,4.5
88,120,5.0
88,453,4.5
88,2501,4.5
88,121,5.0
88,640,4.0
88,423,4.5
88,170,4.5
88,322,4.5
88,24,4.5
88,122,5.0
88,393,4.5
88,2502,4.5
88,4553,5.0
88,752,4.5
88,773,4.0
88,1417,5.0
88,1422,4.0
88,9693,4.5
88,2503,4.5
88,6977,4.5
88,7345,4.5
88,155,5.0
88,16869,4.5
88,22972,4.0
88,27205,4.5
89,9614,4.0
89,935,4.5
89,981,4.0
89,3080,4.0
89,637,4.5
89,2105,4.0
89,10137,4.0
89,127602,4.5
89,7443,4.0
89,4247,5.0
89,1597,4.0
89,10481,4.5
89,37691,4.0
89,5175,4.0
89,585,4.5
89,11888,5.0
89,11870,4.5
89,425,4.0
89,9637,5.0
89,10996,5.0
89,12771,4.0
89,10771,5.0
89,6038,4.0
89,50285,5.0
89,9486,4.0
89,33954,4.0
89,10610,5.0
89,2122,4.0
89,27459,5.0
89,809,4.5
89,8920,5.0
89,27655,5.0
89,9929,5.0
89,18250,4.5
89,18966,4.0
89,4271,4.0
89,11430,4.5
89,55177,4.0
89,54302,4.0
89,9928,5.0
89,30863,5.0
89,11451,4.5
89,31063,5.0
89,11459,4.5
89,43313,4.0
89,3118,4.0
89,9982,4.0
89,13499,4.5
89,8290,4.5
89,39345,4.5
89,10177,4.5
89,460,5.0
89,17628,4.5
89,773,4.0
89,11227,4.0
89,33810,5.0
89,46774,4.5
89,11619,4.0
89,9836,5.0
89,15689,4.5
89,2062,5.0
89,13517,5.0
89,13393,4.5
89,10063,5.0
89,2241,5.0
89,21427,5.0
89,13493,4.5
89,8359,4.0
89,22100,5.0
89,14306,4.0
89,13849,5.0
89,55773,4.5
89,18360,4.0
89,27134,5.0
89,19724,4.0
89,19508,5.0
89,8355,4.0
89,15423,4.5
89,22794,4.0
89,14968,4.5
89,15400,5.0
89,16866,4.0
89,23398,5.0
89,57978,5.0
89,33728,4.5
89,19962,4.0
89,21467,4.5
89,13417,4.5
89,4180,4.5
89,25846,4.5
89,34544,4.0
89,32068,4.5
89,10192,4.5
89,39414,4.0
89,44718,5.0
89,38842,4.0
89,16344,4.5
89,39514,4.0
89,43810,5.0
89,52844,4.5
89,120843,5.0
89,44896,5.0
89,47533,5.0
89,110639,5.0
89,55725,4.5
89,50359,4.0
89,73884,5.0
89,67109,4.0
89,51993,5.0
89,59108,4.5
89,9642,5.0
89,65759,5.0
89,16939,4.0
89,78480,5.0
89,54507,4.5
89,51875,5.0
89,40161,4.5
89,26815,4.0
89,57800,4.0
89,40770,4.5
89,52906,5.0
89,67166,5.0
89,45397,5.0
89,76492,5.0
89,101519,5.0
89,105538,4.0
89,72525,4.0
89,116741,4.0
89,133463,4.5
89,178946,5.0
89,115199,4.5
89,51985,4.5
89,173495,4.5
89,137312,4.5
89,204810,5.0
89,206408,5.0
89,137106,5.0
89,146375,5.0
89,85444,4.0
89,227783,5.0
89,258096,4.5
89,253306,4.0
89,244403,4.5
89,301566,4.5
89,227159,4.0
89,123107,5.0
89,42441,4.5
89,253272,4.0
89,24388,5.0
89,137347,4.0
89,32916,5.0
89,181533,4.5
89,27317,4.5
89,14749,4.0
89,50327,4.5
89,19254,4.5
89,14862,4.5
89,30178,5.0
89,14407,5.0
89,48132,4.5
89,85439,5.0
89,48874,5.0
89,89247,4.0
89,9948,5.0
89,102959,5.0
89,27866,4.5
89,251016,4.0
89,263105,4.0
89,17870,4.5
89,15567,5.0
89,256591,5.0
89,252512,4.0
89,213110,4.5
89,238302,5.0
89,33436,4.5
89,24696,5.0
89,46836,5.0
89,253303,5.0
89,278316,4.5
89,256924,4.5
89,284537,4.5
89,248574,4.5
89,5061,4.0
89,25973,5.0
89,20359,4.5
89,86541,5.0
89,19670,4.5
89,211672,4.5
89,16390,5.0
89,12902,5.0
89,119321,5.0
89,36972,5.0
89,60293,5.0
89,33723,5.0
89,329134,4.5
89,326215,5.0
89,30459,4.0
89,27412,5.0
89,278604,4.5
89,143634,4.0
89,343295,4.0
89,253255,4.0
89,317981,5.0
89,32285,4.5
89,285840,5.0
89,315841,4.5
89,19636,4.5
89,13968,5.0
89,323792,5.0
89,13986,4.0
89,367326,5.0
89,53179,4.0
89,321751,5.0
89,104515,4.5
89,333088,4.5
89,26736,4.0
89,356486,5.0
89,140300,4.0
89,92499,5.0
89,102051,5.0
89,32643,5.0
89,16403,4.0
89,387893,5.0
89,24784,4.0
89,127380,5.0
89,34935,5.0
89,44238,5.0
89,387398,5.0
89,83501,4.5
89,296193,4.0
89,332210,4.5
89,339116,4.5
89,55504,4.0
89,381289,4.5
89,423122,4.5
89,36968,4.0
89,15314,4.0
89,256608,4.0
89,390407,4.0
89,468366,4.5
89,479269,4.0
89,152047,4.0
89,128756,4.0
89,188763,4.0
89,124117,4.5
89,502616,4.0
90,11860,4.0
90,10858,5.0
90,4584,5.0
90,451,5.0
90,63,4.0
90,687,4.0
90,11448,5.0
90,11010,5.0
90,880,5.0
90,8447,5.0
90,51352,5.0
90,11,5.0
90,11446,4.0
90,32562,4.0
90,275,5.0
90,47333,5.0
90,4307,4.0
90,21588,4.0
90,26890,4.0
90,12606,5.0
90,44705,4.0
90,85328,5.0
90,11229,5.0
90,11159,5.0
90,10938,4.0
90,9716,5.0
90,10218,4.0
90,252,4.0
90,102461,4.0
90,44497,4.0
90,124829,4.0
90,409,4.0
90,199,4.0
90,7863,5.0
90,12498,5.0
90,20539,4.0
90,10549,5.0
90,27265,4.0
90,8818,4.0
91,862,4.0
91,949,5.0
91,524,4.5
91,8012,4.0
91,902,4.0
91,63,4.0
91,31174,4.0
91,807,4.5
91,629,4.5
91,197,4.0
91,103,4.0
91,8068,5.0
91,9886,4.5
91,522,4.5
91,628,4.5
91,11,4.5
91,101,4.0
91,680,4.5
91,2164,4.0
91,9495,5.0
91,5503,4.0
91,2019,4.0
91,329,4.5
91,9593,4.0
91,8850,4.0
91,78,5.0
91,9479,5.0
91,280,4.0
91,268,5.0
91,274,4.5
91,10824,4.0
91,11827,4.5
91,954,4.0
91,9323,4.5
91,935,5.0
91,627,4.0
91,10779,4.0
91,238,5.0
91,9303,4.0
91,426,4.0
91,289,4.0
91,15,4.0
91,562,4.0
91,623,4.0
91,583,4.0
91,500,4.0
91,402,4.5
91,2756,4.0
91,1103,5.0
91,762,5.0
91,531,4.0
91,510,4.0
91,1891,4.5
91,2493,5.0
91,85,5.0
91,68,4.0
91,679,5.0
91,429,4.5
91,185,5.0
91,1892,4.0
91,769,4.0
91,348,5.0
91,766,5.0
91,539,5.0
91,525,5.0
91,240,4.0
91,9277,4.0
91,218,4.5
91,763,4.5
91,9665,4.0
91,9322,4.0
91,694,4.5
91,765,4.5
91,137,4.0
91,33,4.0
91,149,5.0
91,3034,4.5
91,89,4.0
91,12104,4.0
91,642,4.0
91,814,4.5
91,30346,4.5
91,377,4.0
91,794,4.5
91,154,4.5
91,8845,4.0
91,578,5.0
91,75,4.0
91,2322,4.0
91,4232,4.0
91,9361,4.0
91,18,4.0
91,1669,4.5
91,782,4.5
91,563,4.0
91,37165,4.0
91,2666,4.5
91,12238,4.0
91,16148,4.0
91,473,5.0
91,1366,5.0
91,13597,4.0
91,4488,4.0
91,609,4.0
91,346,4.5
91,857,4.5
91,793,4.0
91,9314,4.0
91,10823,4.0
91,11837,4.0
91,805,4.5
91,4011,4.0
91,1091,5.0
91,162,4.0
91,27791,4.0
91,1368,4.5
91,1542,4.5
91,871,4.0
91,100,4.5
91,603,5.0
91,1893,4.0
91,104,4.0
91,9473,4.0
91,2667,4.0
91,345,4.0
91,620,4.5
91,10386,5.0
91,745,4.0
91,813,4.5
91,11797,4.0
91,10669,4.0
91,861,4.5
91,1654,4.0
91,658,4.5
91,550,4.5
91,5548,4.5
91,856,4.0
91,128,4.0
91,18111,4.0
91,16288,4.0
91,1694,4.5
91,11379,5.0
91,2668,5.0
91,863,4.0
91,15515,4.0
91,1213,4.0
91,28216,4.0
91,9367,4.0
91,8374,4.5
91,14181,4.0
91,2787,5.0
91,54825,5.0
91,840,4.0
91,1700,4.0
91,10747,4.0
91,1359,4.0
91,11654,4.0
91,11072,4.5
91,938,4.0
91,865,4.0
91,8810,5.0
91,11495,4.0
91,11879,4.5
91,6978,5.0
91,4247,4.5
91,36657,4.0
91,10276,4.0
91,11589,4.5
91,15158,5.0
91,26515,4.0
91,37136,4.0
91,9003,4.5
91,146,4.5
91,134,4.0
91,1900,4.0
91,764,4.0
91,77,4.5
91,14268,4.0
91,808,5.0
91,10992,4.0
91,11371,4.0
91,24739,4.0
91,36095,4.5
91,11959,5.0
91,1933,4.5
91,16767,4.5
91,984,4.0
91,141,4.0
91,585,4.0
91,671,4.0
91,120,4.5
91,7219,4.0
91,557,5.0
91,1894,4.0
91,2501,4.0
91,8665,4.0
91,129,4.0
91,12921,4.5
91,565,4.0
91,11009,4.5
91,7299,4.5
91,121,4.0
91,2671,4.5
91,11299,4.5
91,36658,4.0
91,22,5.0
91,18573,4.0
91,9362,5.0
91,10617,4.0
91,8408,4.5
91,9707,4.0
91,4543,4.0
91,9871,5.0
91,14282,5.0
91,24,4.0
91,30068,4.0
91,10729,4.0
91,79,4.5
91,2742,4.0
91,122,4.5
91,924,5.0
91,923,5.0
91,393,4.0
91,9461,4.0
91,26517,4.0
91,667,4.0
91,11474,4.0
91,29146,4.0
91,823,4.5
91,673,4.5
91,33441,4.0
91,9542,4.0
91,3293,4.0
91,558,5.0
91,747,5.0
91,9806,4.5
91,11075,4.5
91,561,4.0
92,10874,5.0
92,10830,5.0
92,6878,4.0
92,978,4.0
92,10693,4.5
92,11704,4.0
92,11881,4.0
92,11815,4.0
92,13466,4.0
92,4951,5.0
92,624,4.5
92,6957,4.5
92,1271,4.5
92,4688,4.0
92,4513,4.0
92,19913,4.0
93,8844,5.0
93,710,4.0
93,1408,4.0
93,9598,5.0
93,11359,4.0
93,10534,4.0
93,197,5.0
93,568,5.0
93,414,4.0
93,8839,4.0
93,6520,4.0
93,9482,4.0
93,37108,4.0
93,11,5.0
93,2164,5.0
93,278,4.0
93,193,5.0
93,2064,4.0
93,9331,4.0
93,13,5.0
93,712,4.0
93,10714,4.0
93,854,5.0
93,9359,4.0
93,36955,5.0
93,9350,5.0
93,329,5.0
93,424,5.0
93,858,4.0
93,10057,5.0
93,15139,4.0
93,812,4.0
93,581,5.0
93,274,5.0
93,954,4.0
93,8840,4.0
93,9802,4.0
93,664,4.0
93,9826,4.0
93,12123,4.0
93,10061,4.0
93,10586,4.0
93,601,5.0
93,137,5.0
93,199,5.0
93,9279,4.0
93,174,5.0
93,364,4.0
93,9403,4.0
93,9360,4.0
93,1701,4.0
93,415,4.0
93,607,5.0
93,10336,4.0
93,17832,4.0
93,9433,4.0
93,9427,4.0
93,563,4.0
93,489,5.0
93,597,5.0
93,10153,4.0
93,2898,5.0
93,95,5.0
93,544,5.0
93,9342,4.0
93,841,4.0
93,857,5.0
93,9354,4.0
93,10249,4.0
93,41841,4.0
93,97,5.0
93,34584,5.0
93,36647,4.0
93,4011,4.0
93,847,5.0
93,881,5.0
93,10377,4.0
93,2657,4.0
93,9487,4.0
93,10162,4.0
93,1934,4.0
93,9489,4.0
93,10312,5.0
93,564,4.0
93,1893,5.0
93,2280,4.0
93,9096,4.0
93,11527,5.0
93,861,5.0
93,36819,4.0
94,8844,4.0
94,63,5.0
94,9598,4.0
94,197,5.0
94,568,4.0
94,8963,4.0
94,1572,4.0
94,680,4.0
94,2164,4.0
94,278,5.0
94,193,4.0
94,8587,4.0
94,5503,4.0
94,329,4.0
94,812,4.0
94,280,4.0
94,581,4.0
95,451,5.0
95,902,5.0
95,63,4.0
95,9598,4.0
95,9603,4.0
95,26564,5.0
95,9071,4.0
95,11,5.0
95,101,4.5
95,858,4.0
95,78,5.0
95,280,4.0
95,275,4.5
95,9323,5.0
95,963,4.0
95,62,5.0
95,10869,4.0
95,562,5.0
95,9591,4.0
95,500,5.0
95,11386,4.0
95,892,5.0
95,1891,5.0
95,85,5.0
95,679,4.5
95,185,5.0
95,28,5.0
95,1892,4.5
95,348,4.0
95,240,5.0
95,1578,5.0
95,218,5.0
95,37247,4.5
95,105,5.0
95,149,5.0
95,639,5.0
95,154,4.5
95,2322,4.0
95,18,5.0
95,1811,4.0
95,686,4.0
95,2118,4.0
95,782,5.0
95,125052,4.0
95,2666,4.0
95,1389,4.5
95,473,4.5
95,13597,5.0
95,2108,4.5
95,12101,4.0
95,841,4.5
95,242,4.0
95,857,5.0
95,12230,4.0
95,97,4.5
95,87,4.5
95,881,4.0
95,1934,4.0
95,5825,4.0
95,10803,4.0
95,603,5.0
95,1924,4.5
95,104,4.0
95,2105,4.0
95,10136,4.0
95,850,5.0
95,8052,4.0
95,36819,4.5
95,5548,4.0
95,476,5.0
95,957,4.0
95,29154,4.0
95,287,4.0
95,1541,4.0
95,925,4.5
95,106,4.5
95,9659,5.0
95,8810,5.0
95,36657,4.0
95,16723,4.0
95,13703,4.0
95,55,5.0
95,111,5.0
95,11826,4.0
95,11286,4.0
95,141,4.0
95,1535,4.0
95,299,4.0
95,194,5.0
95,1903,4.0
95,9428,4.0
95,1365,4.5
95,11595,4.0
95,9606,5.0
95,2752,4.0
95,12705,4.0
95,11006,4.0
95,557,4.0
95,245,4.0
95,1894,4.0
95,2501,5.0
95,180,4.0
95,4147,4.0
95,129,4.5
95,54714,4.0
95,11009,4.0
95,13441,4.0
95,65,4.0
95,10712,4.0
95,2757,5.0
95,121,4.5
95,3131,4.0
95,598,5.0
95,7514,5.0
95,455,4.5
95,14290,4.0
95,36658,4.0
95,604,4.0
95,170,4.5
95,153,4.5
95,650,4.5
95,1584,4.0
95,11775,4.5
95,10536,4.0
95,605,4.0
95,10719,4.0
95,508,4.0
95,8619,4.0
95,860,4.0
95,38,5.0
95,11884,4.5
95,558,4.5
95,2048,4.0
96,862,5.0
96,9598,5.0
96,629,5.0
96,197,5.0
96,568,5.0
96,11,5.0
96,11318,5.0
96,680,5.0
96,854,5.0
96,1637,5.0
96,9350,4.0
96,37233,4.0
96,329,5.0
96,424,5.0
96,280,5.0
96,9802,4.0
96,238,4.0
96,623,5.0
96,500,5.0
96,11386,4.0
96,601,4.0
96,10409,5.0
96,85,5.0
96,679,5.0
96,1892,5.0
96,348,5.0
96,240,4.0
96,89,4.0
96,11257,5.0
96,642,4.0
96,578,4.0
96,1669,4.0
96,2118,5.0
96,2649,4.0
96,25430,5.0
96,841,4.0
96,857,4.0
96,9631,5.0
96,87,5.0
96,4011,4.0
96,10403,5.0
96,8916,5.0
96,9798,5.0
96,1934,4.0
96,603,4.0
96,620,5.0
96,14,5.0
96,11663,5.0
96,926,5.0
96,1213,4.0
96,9869,4.0
96,1541,5.0
96,98,4.0
97,1637,4.0
97,274,5.0
97,238,5.0
97,510,4.0
97,1892,5.0
97,857,5.0
97,603,5.0
97,619,4.0
97,3536,4.0
97,98,4.0
97,955,5.0
97,9679,4.0
97,36657,5.0
97,8870,4.0
97,146,5.0
97,107,5.0
97,8358,5.0
97,6073,5.0
97,1734,5.0
97,9476,4.0
97,808,5.0
97,1995,4.0
97,10992,4.0
97,331,4.0
97,869,4.0
97,161,5.0
97,120,5.0
97,16690,4.0
97,1894,4.0
98,862,4.5
98,13,5.0
98,274,4.5
98,275,4.0
98,567,5.0
98,562,5.0
98,510,4.5
98,2493,5.0
98,595,4.0
98,348,4.5
98,539,5.0
98,694,5.0
98,489,4.0
98,637,4.0
98,863,4.5
98,1700,4.5
98,11688,4.5
98,77,4.0
98,808,5.0
98,1933,5.0
98,453,4.0
98,11544,4.5
98,129,4.0
98,1584,4.0
98,9806,5.0
98,533,5.0
98,773,5.0
98,1402,5.0
98,2062,5.0
98,2976,4.0
98,2698,4.0
98,7211,5.0
98,4523,4.0
98,6637,4.0
98,440,4.0
98,1724,4.0
98,11665,5.0
98,14301,4.0
98,11324,5.0
98,27205,4.0
98,38055,5.0
98,45269,5.0
98,38757,4.5
98,46838,4.0
98,50646,5.0
98,50014,4.0
98,82693,5.0
98,87827,4.0
98,49047,4.5
98,157336,5.0
98,205596,5.0
98,266856,4.0
98,299536,5.0
98,284053,5.0
98,283995,4.0
98,202249,5.0
98,286217,4.5
98,333371,4.5
98,329865,5.0
98,419430,4.5
98,354912,5.0
98,260513,4.0
98,383498,5.0
99,710,4.0
99,1710,4.0
99,9691,4.0
99,11066,4.0
99,9737,4.0
99,568,5.0
99,414,5.0
99,8068,5.0
99,1572,5.0
99,6520,5.0
99,8984,5.0
99,8467,5.0
99,397,5.0
99,11777,5.0
99,628,4.0
99,6280,4.0
99,9061,5.0
99,4476,4.0
99,8986,4.0
99,11593,5.0
99,1945,4.0
99,6950,5.0
99,101,5.0
99,680,5.0
99,278,5.0
99,11381,5.0
99,1587,5.0
99,2064,5.0
99,3049,5.0
99,9331,5.0
99,36955,5.0
99,11853,4.0
99,319,4.0
99,812,5.0
99,268,4.0
100,9087,4.0
100,524,4.5
100,4584,4.5
100,17015,4.5
100,2054,4.0
100,20927,4.0
100,2086,4.0
100,9208,4.5
100,6520,4.5
100,22625,4.0
100,18395,4.0
100,10525,4.0
100,9587,4.5
100,4476,4.0
100,13,4.0
100,712,4.0
100,9359,4.5
100,1637,4.0
100,9571,4.0
100,11971,4.0
100,9800,4.0
100,12519,4.0
100,858,4.5
100,11969,4.5
100,319,4.0
100,251,4.0
100,581,4.0
100,268,4.0
100,114,4.5
100,7300,4.5
100,954,4.0
100,3573,4.5
100,872,4.5
100,2769,4.0
100,11113,4.0
100,804,4.5
100,630,4.5
100,770,4.0
100,8356,4.0
100,381,4.0
100,20758,4.5
100,433,4.5
100,15121,4.0
100,454,4.0
100,8491,4.5
100,744,5.0
100,389,4.0
100,207,4.5
100,105,4.0
100,11673,4.0
100,3034,4.5
100,15143,4.0
100,639,4.5
100,621,4.0
100,9390,4.5
100,4232,4.0
100,4104,4.5
100,9434,4.5
100,816,4.0
100,607,4.0
100,19931,4.5
100,10215,4.5
100,11003,4.5
100,1389,4.5
100,11050,5.0
100,2108,4.5
100,9340,4.5
100,857,4.0
100,9454,4.5
100,3525,4.5
100,18169,4.0
100,162,4.0
100,73,4.0
100,1934,4.5
100,9326,4.0
100,5825,5.0
100,11622,4.0
100,1542,4.5
100,9535,4.0
100,509,4.5
100,11393,4.0
100,14741,4.0
100,11259,4.5
100,11068,4.0
100,9605,4.0
100,2621,4.0
100,4967,4.0
100,9679,4.0
100,2024,4.5
100,2623,5.0
100,6073,4.5
100,634,4.5
100,824,4.5
100,9494,4.0
100,869,4.0
100,453,4.0
100,9026,4.5
100,11529,5.0
100,65,4.0
100,640,4.5
100,1647,4.5
100,4952,4.5
100,12,4.0
100,16563,4.5
100,11775,4.0
100,594,4.0
100,558,4.5
101,2292,4.0
101,20156,4.0
101,10537,5.0
101,2756,4.0
101,1892,4.0
101,10217,5.0
101,10683,5.0
101,11545,5.0
101,1934,4.0
101,10212,4.0
101,9430,4.0
101,9451,5.0
101,1946,4.0
101,104,4.0
101,9473,4.0
101,10279,4.0
101,2105,4.0
101,1073,4.0
101,345,5.0
101,620,4.0
101,745,4.0
101,14,4.0
101,226,4.0
101,550,5.0
101,492,5.0
101,2668,4.0
101,49948,4.0
101,334,4.0
101,1850,5.0
101,926,4.0
101,10493,4.0
101,2990,4.0
101,1907,4.0
101,14181,4.0
101,98,4.0
101,9679,4.0
101,7443,4.0
101,12706,4.0
101,36657,4.0
102,15602,5.0
102,807,5.0
102,2292,5.0
102,241,4.0
102,680,5.0
102,278,4.0
102,3049,4.0
102,9331,4.0
102,13,5.0
102,8587,4.0
102,37233,4.0
102,5503,4.0
102,9386,4.0
102,788,4.0
102,11969,4.0
102,771,4.0
102,812,4.0
102,280,4.0
102,581,4.0
102,274,4.0
103,862,4.0
103,8844,4.0
103,11862,4.0
103,524,5.0
103,5,5.0
103,9598,4.0
103,687,4.0
103,629,4.0
103,11359,4.0
103,13685,4.0
103,9614,4.0
103,197,4.5
103,103,4.5
103,568,4.0
103,11017,4.0
103,11,4.0
103,10510,4.0
103,680,5.0
103,11395,4.0
103,278,5.0
103,1587,4.0
103,13,4.0
103,2758,4.0
103,329,4.0
103,10440,4.0
103,9479,4.0
103,319,5.0
103,771,4.0
103,581,4.0
103,274,5.0
103,10895,4.5
103,275,4.0
103,10539,4.0
103,238,4.5
103,289,5.0
103,770,4.5
103,15,4.0
103,62,4.0
103,1585,4.0
103,488,4.0
103,22660,4.0
103,9078,4.0
103,433,4.0
103,11360,4.0
103,12092,4.5
103,10948,4.0
103,15121,4.0
103,454,4.0
103,252,4.0
103,475,5.0
103,500,4.5
103,18129,4.5
103,510,4.5
103,1891,4.5
103,429,5.0
103,185,5.0
103,28,4.0
103,769,5.0
103,240,4.5
103,600,5.0
103,1578,5.0
103,703,4.0
103,696,4.5
103,379,5.0
103,37247,4.5
103,829,4.5
103,694,4.0
103,1633,4.0
103,3034,5.0
103,11031,4.0
103,89,4.0
103,783,4.5
103,653,4.0
103,12498,4.0
103,578,4.0
103,378,4.5
103,9366,4.5
103,11970,4.5
103,10603,4.5
103,37165,4.5
103,9444,4.0
103,11831,4.0
103,489,4.5
103,184,4.5
103,115,5.0
103,1878,4.5
103,473,4.5
103,654,4.0
103,1366,5.0
103,380,5.0
103,2108,4.0
103,609,4.0
103,857,4.0
103,9325,4.0
103,10693,5.0
103,11335,4.0
103,10882,4.0
103,2907,4.0
103,15144,4.0
103,4011,4.0
103,117,5.0
103,10220,5.0
103,162,4.5
103,8916,4.0
103,73,5.0
103,10663,4.0
103,9447,4.0
103,1934,5.0
103,1367,4.0
103,1371,4.0
103,1374,4.0
103,5825,5.0
103,13466,4.5
103,603,4.0
103,345,4.5
103,2280,4.0
103,850,5.0
103,9377,5.0
103,391,4.5
103,772,5.0
103,550,5.0
103,492,5.0
103,11886,4.5
103,2668,4.0
103,9647,4.5
103,334,5.0
103,1850,4.5
103,1213,4.0
103,990,5.0
103,243,4.5
103,1359,4.5
103,11977,4.5
103,6003,4.0
103,11072,4.0
103,938,5.0
103,9040,5.0
103,7443,4.0
103,641,5.0
103,2609,4.5
103,107,4.0
103,711,5.0
103,134,5.0
103,77,5.0
103,111,5.0
103,9602,4.0
103,6951,4.0
103,2294,4.0
103,1018,5.0
103,9081,5.0
103,10778,5.0
103,194,5.0
103,120,4.0
103,855,4.0
103,10950,4.0
103,11528,4.0
103,320,4.0
103,11544,4.0
103,129,4.0
103,8051,4.5
103,65,4.0
103,3131,5.0
103,598,5.0
103,290,4.5
103,22,4.5
103,4464,4.0
103,153,5.0
103,322,4.5
103,11775,4.0
103,24,4.5
103,10719,5.0
103,10147,4.0
103,122,4.0
103,38,4.5
103,393,5.0
103,8193,5.0
103,8699,4.0
103,11282,4.0
103,4553,4.5
103,866,4.0
103,4935,4.5
103,272,4.5
103,308,4.0
103,3933,4.0
103,674,4.0
103,69,4.5
103,254,4.0
103,58,4.0
103,1164,4.5
103,1422,4.5
103,1124,4.5
103,2062,4.0
103,285,4.5
103,5915,5.0
103,6977,4.5
103,13885,4.0
103,7345,4.5
103,155,5.0
103,8065,4.0
103,13335,4.0
103,10681,4.0
103,12133,4.0
103,4944,4.0
103,12837,4.0
103,13223,5.0
103,16869,5.0
103,18785,4.0
103,37924,4.0
103,18533,4.0
103,10315,4.0
103,22881,4.0
103,10528,4.0
103,20352,4.0
103,27205,4.5
103,37799,4.0
103,43939,4.0
103,16290,4.0
103,45958,4.5
103,45317,5.0
103,44896,4.0
103,59436,4.5
103,39538,4.0
103,60308,4.0
103,59440,4.5
103,58233,4.0
103,44826,4.0
103,71880,4.0
103,57212,4.0
103,49026,4.5
103,58574,4.0
103,37724,4.0
103,68722,4.0
103,68718,4.5
103,76203,4.0
103,120467,4.0
103,157336,4.5
103,177677,4.0
103,210577,4.5
103,171274,4.0
103,135397,4.0
103,76341,4.0
103,271714,5.0
103,277216,4.5
103,318846,5.0
104,9909,4.0
104,9603,4.0
104,688,4.0
104,101,4.0
104,236,4.0
104,13,4.0
104,712,5.0
104,8587,4.0
104,11934,4.5
104,424,4.5
104,858,4.0
104,812,4.0
104,408,4.0
104,10020,5.0
104,114,4.0
104,275,4.0
104,532,5.0
104,602,4.0
104,3573,4.0
104,13320,4.0
104,11113,4.0
104,11224,4.0
104,762,4.5
104,531,5.0
104,525,4.0
104,530,4.0
104,207,4.0
104,37247,4.0
104,137,4.0
104,11031,4.0
104,621,4.5
104,11970,4.0
104,8874,4.5
104,9427,4.0
104,10215,4.0
104,11568,4.0
104,1725,4.0
104,9325,4.0
104,10144,4.0
104,9487,4.0
104,9489,4.5
104,4951,5.0
104,11355,4.0
104,509,5.0
104,24137,4.0
104,104,4.0
104,4806,4.0
104,10776,4.0
104,856,4.0
104,957,4.0
104,11886,4.0
104,11663,4.0
104,926,4.0
104,8872,4.0
104,462,4.0
104,7443,4.0
104,11688,4.0
104,2018,4.0
104,77,4.0
104,634,4.0
104,808,4.5
104,824,5.0
104,8835,4.0
104,12710,4.0
104,47045,4.0
104,9880,4.0
104,742,4.0
104,585,4.0
104,671,4.5
104,194,5.0
104,8346,4.0
104,9026,4.0
104,8764,4.0
104,129,4.0
104,672,4.5
104,121,4.0
104,1574,5.0
104,9027,4.0
104,455,4.0
104,12157,4.0
104,10720,4.0
104,12,4.0
104,430,4.5
104,10330,4.0
104,508,4.5
104,11634,5.0
104,28292,4.0
104,8696,4.0
104,11083,4.0
104,809,4.0
104,673,4.0
104,11036,4.0
104,9806,4.0
104,2059,4.0
104,118,4.5
104,7453,4.0
104,533,5.0
104,674,4.5
104,411,4.5
104,16367,4.0
104,773,4.0
104,1165,4.0
104,7512,4.0
104,1124,4.5
104,1581,4.0
104,1267,4.0
104,2976,4.0
104,675,4.0
104,2270,4.0
104,4347,4.0
104,2268,4.0
104,7326,4.0
104,11631,4.5
104,14160,4.0
104,10191,4.0
104,23483,4.0
104,37735,4.0
104,15179,4.0
104,12444,4.0
104,45269,4.0
104,38757,4.0
104,49517,4.5
104,74643,4.0
104,70160,4.0
104,75802,4.0
104,72197,4.0
104,198663,4.0
105,949,4.0
105,524,4.5
105,807,5.0
105,629,5.0
105,103,4.5
105,50797,4.5
105,76,4.0
105,11,4.0
105,101,5.0
105,680,5.0
105,110,5.0
105,108,4.5
105,109,4.5
105,278,5.0
105,6075,4.0
105,78,4.0
105,280,4.0
105,274,4.5
105,275,4.0
105,11902,4.5
105,922,4.5
105,935,4.0
105,627,5.0
105,238,5.0
105,426,4.0
105,567,4.5
105,3078,4.0
105,284,4.0
105,289,4.0
105,11113,4.0
105,6620,4.0
105,599,4.0
105,15,4.0
105,62,4.0
105,705,4.0
105,29376,4.0
105,500,5.0
105,9305,4.0
105,11216,4.0
105,975,4.0
105,510,4.5
105,85,4.0
105,68,4.0
105,429,4.0
105,389,4.5
105,185,5.0
105,595,4.0
105,28,5.0
105,144,4.0
105,769,5.0
105,348,4.0
105,539,4.5
105,240,4.5
105,600,4.0
105,279,5.0
105,311,4.0
105,703,4.0
105,387,4.0
105,9277,4.0
105,696,5.0
105,37247,4.0
105,694,4.0
105,235,4.0
105,832,4.0
105,11778,4.0
105,137,4.0
105,33,4.0
105,914,5.0
105,11314,4.0
105,783,4.0
105,145,4.0
105,4232,4.0
105,784,4.5
105,9366,4.5
105,2118,4.5
105,489,4.0
105,5910,4.0
105,346,4.5
105,857,5.0
105,793,4.0
105,12761,5.0
105,73,4.0
105,19426,4.0
105,309,4.0
105,16306,5.0
105,100,5.0
105,603,4.0
105,9473,4.0
105,345,4.5
105,147,4.0
105,745,4.5
105,1075,5.0
105,14,5.0
105,20123,4.5
105,550,5.0
105,404,4.0
105,1832,4.0
105,2668,4.0
105,5156,4.5
105,497,5.0
105,5924,4.0
105,8374,4.5
105,1907,4.0
105,28978,4.5
105,901,5.0
105,10098,4.5
105,9532,4.0
105,1396,4.5
105,3082,4.5
105,98,4.0
105,22501,4.5
105,955,4.0
105,962,4.5
105,30588,5.0
105,14002,4.5
105,22500,5.0
105,9040,4.0
105,643,4.0
105,4247,4.0
105,16,4.0
105,10637,4.0
105,641,4.5
105,71,4.0
105,10647,4.5
105,11978,4.0
105,8871,4.0
105,146,4.0
105,107,5.0
105,8358,5.0
105,853,4.0
105,111,4.5
105,1734,4.0
105,808,4.0
105,676,4.0
105,41050,4.0
105,9397,4.0
105,9799,4.0
105,4248,4.0
105,1933,4.5
105,2294,4.0
105,2034,4.0
105,21028,5.0
105,768,4.0
105,167,5.0
105,141,5.0
105,161,4.0
105,194,4.0
105,120,4.0
105,453,4.0
105,855,4.0
105,10950,4.5
105,6312,4.0
105,993,4.0
105,10590,4.5
105,425,4.5
105,548,4.0
105,38360,4.0
105,1894,4.0
105,608,4.0
105,818,4.0
105,11013,4.0
105,129,4.0
105,565,4.0
105,12477,5.0
105,1360,4.0
105,36669,4.0
105,20992,5.0
105,66091,5.0
105,7299,4.0
105,22257,4.5
105,121,4.0
105,3131,4.0
105,8392,4.0
105,640,4.5
105,423,4.0
105,598,5.0
105,11615,5.0
105,979,4.5
105,1817,4.0
105,994,4.5
105,36658,4.0
105,10515,4.0
105,604,4.5
105,310,4.0
105,26317,5.0
105,170,4.0
105,22,4.0
105,11770,4.0
105,7270,4.0
105,322,4.0
105,24,4.0
105,605,4.5
105,508,4.0
105,780,4.5
105,3176,4.5
105,79,4.0
105,81,4.0
105,122,4.5
105,11093,4.0
105,1954,4.0
105,9352,4.0
105,797,4.0
105,1586,4.0
105,38,5.0
105,553,5.0
105,393,4.0
105,9509,4.0
105,5511,4.0
105,113,5.0
105,46187,4.5
105,3001,4.0
105,5544,4.0
105,809,4.0
105,673,4.0
105,9372,4.0
105,47653,4.5
105,594,4.0
105,80,4.0
105,10754,4.5
105,1653,4.0
105,176,4.0
105,1677,4.0
105,866,4.0
105,2288,4.0
105,163,4.0
105,8424,4.5
105,14537,4.0
105,895,4.5
105,20873,4.5
105,20848,4.0
105,2998,4.0
105,9385,4.0
105,43430,4.0
105,24657,4.5
105,16859,4.0
105,13519,5.0
105,37797,4.0
105,9597,4.0
105,12496,4.5
105,670,5.0
105,1913,4.0
105,5528,4.5
105,11190,4.5
105,70,4.0
105,205,4.0
105,118,4.0
105,1280,4.0
105,2567,4.0
105,4935,4.0
105,8488,4.0
105,158,5.0
105,187,4.5
105,49565,4.5
105,31442,5.0
105,775,4.5
105,1895,4.0
105,953,4.0
105,921,4.5
105,272,4.0
105,1667,4.0
105,20874,4.0
105,1830,4.0
105,3933,4.0
105,8923,5.0
105,31056,4.5
105,13925,4.5
105,950,4.0
105,752,4.0
105,186,5.0
105,591,4.0
105,36668,4.0
105,920,4.0
105,58,4.0
105,1402,4.5
105,1579,4.0
105,496,4.5
105,1422,5.0
105,1124,5.0
105,6077,4.5
105,36557,4.0
105,7551,4.0
105,7516,4.5
105,2062,4.0
105,1949,4.0
105,1271,4.5
105,253768,5.0
105,1562,4.0
105,810,4.0
105,285,4.5
105,298,4.0
105,1991,5.0
105,3021,4.0
105,675,4.0
105,35,4.0
105,1992,4.0
105,5915,5.0
105,7347,4.0
105,12555,4.5
105,5876,4.0
105,6479,4.0
105,13885,4.0
105,7345,4.5
105,7508,5.0
105,14069,4.5
105,14793,5.0
105,8065,4.0
105,10681,5.0
105,43680,4.0
105,5038,4.0
105,13809,4.5
105,3580,4.0
105,12405,4.0
105,10764,4.0
105,22358,4.0
105,13053,4.0
105,13223,4.0
105,11321,4.0
105,12163,4.0
105,4922,4.0
105,38142,4.5
105,14756,4.5
105,15472,4.0
105,13804,4.0
105,16869,4.0
105,13448,4.5
105,18785,4.5
105,17609,5.0
105,62320,5.0
105,8355,4.0
105,19913,5.0
105,767,4.0
105,17654,4.0
105,25376,4.0
105,19908,4.0
105,24238,4.0
105,44338,4.5
105,24480,4.5
105,22881,4.0
105,19995,4.0
105,10528,5.0
105,20453,4.5
105,33602,4.5
105,11324,5.0
105,20871,4.5
105,12155,4.0
105,23169,4.0
105,10191,5.0
105,39452,5.0
105,10193,4.0
105,20352,4.0
105,27205,5.0
105,39768,4.0
105,22538,4.0
105,49943,5.0
105,37799,4.0
105,44115,4.0
105,44214,4.5
105,45269,4.0
105,38757,4.0
105,45317,4.0
105,40619,4.5
105,51876,4.5
105,89704,4.5
105,20993,4.5
105,13413,4.5
105,58496,4.5
105,64484,4.0
105,62215,5.0
105,45523,4.5
105,30969,4.5
105,167966,4.0
105,51209,4.0
105,12445,4.0
105,67913,4.0
105,13931,4.0
105,59440,4.0
105,40807,4.0
105,70160,4.0
105,49026,4.0
105,58574,4.0
105,65754,4.0
105,77338,5.0
105,80379,4.5
105,74308,4.0
105,76493,4.0
105,83666,4.0
105,63193,5.0
105,13042,5.0
105,13932,4.5
105,13933,4.5
105,13929,5.0
105,13930,4.0
105,76696,4.0
105,109584,4.5
105,84334,4.5
105,89708,5.0
105,59967,4.0
105,84892,4.0
105,103663,5.0
105,68734,4.0
105,83542,4.0
105,82693,4.0
105,140420,4.0
105,83389,4.5
105,49051,4.0
105,68718,4.0
105,80278,4.5
105,134481,4.5
105,132344,4.0
105,86825,4.0
105,110420,4.0
105,64682,4.5
105,27861,4.0
105,20803,4.5
105,152742,4.5
105,185574,4.5
105,122906,5.0
105,49802,5.0
105,49047,4.0
105,146233,4.5
105,96721,4.0
105,85889,5.0
105,76203,4.0
105,152532,4.5
105,106646,4.0
105,116745,4.0
105,152601,5.0
105,140823,4.0
105,40897,4.0
105,37129,4.5
105,20894,4.0
105,20878,4.5
105,126319,4.5
105,110414,4.5
105,249397,4.5
105,120467,4.5
105,157336,4.0
105,198375,5.0
105,157832,4.0
105,198277,4.0
105,82881,4.0
105,194662,4.0
105,85350,4.0
105,171372,4.5
105,244786,4.0
105,210577,4.0
105,118340,4.0
105,242582,4.5
105,116440,4.5
105,238628,4.5
105,205596,4.0
105,265195,5.0
105,266856,4.0
105,122917,4.0
105,20147,4.0
105,265177,4.0
105,87093,4.0
105,207703,4.0
105,297222,5.0
105,198184,4.0
105,265297,5.0
105,285700,4.5
105,76341,4.0
105,293660,4.0
105,36129,4.5
105,321130,4.0
105,189197,5.0
105,20875,5.0
105,321594,4.5
105,13643,5.0
105,13015,5.0
105,184155,4.5
105,32334,5.0
105,35428,5.0
105,31139,4.5
105,42279,4.5
105,20870,4.0
105,104522,5.0
105,25936,5.0
105,251516,4.0
105,20963,4.5
105,27937,4.5
105,10986,4.5
105,53210,4.0
105,150540,4.0
105,34509,5.0
105,34513,5.0
105,203801,4.0
105,49418,5.0
105,11441,4.5
105,25161,5.0
105,27924,4.0
105,27934,5.0
105,27935,4.5
105,46010,4.0
105,57778,4.5
105,42275,4.5
105,31648,4.5
105,2798,5.0
105,359364,5.0
105,27940,5.0
105,84254,4.0
105,20975,5.0
105,127605,5.0
105,83456,4.0
105,127608,5.0
105,270393,5.0
105,126846,5.0
105,72093,5.0
105,72095,5.0
105,370646,5.0
105,77294,5.0
105,269149,4.5
105,365222,4.0
105,33108,5.0
105,192040,5.0
105,36161,5.0
105,36163,5.0
105,372058,4.5
105,36162,5.0
105,324786,4.5
105,333372,5.0
105,33065,5.0
105,77304,5.0
105,444706,4.0
105,129229,5.0
105,331214,5.0
105,72215,5.0
105,420714,5.0
105,419787,5.0
105,145760,5.0
105,213321,5.0
105,72203,5.0
105,77759,5.0
105,77762,5.0
105,74535,5.0
105,160046,5.0
105,195065,4.5
105,213313,5.0
105,165095,5.0
105,193216,5.0
105,406403,4.5
105,30163,5.0
105,6079,5.0
105,435041,5.0
105,79701,5.0
105,70061,5.0
105,196649,5.0
105,91673,4.0
105,72199,5.0
105,79216,4.5
105,16275,4.0
105,339877,5.0
106,278,5.0
106,603,5.0
106,564,4.5
106,671,5.0
106,120,5.0
106,121,5.0
106,22,5.0
106,122,5.0
106,673,5.0
106,674,5.0
106,58,5.0
106,1402,5.0
106,285,5.0
106,9502,5.0
106,767,5.0
106,19995,5.0
106,10528,5.0
106,12444,5.0
106,10195,4.0
106,1865,4.0
106,12445,5.0
106,87827,4.5
106,118628,5.0
106,57158,5.0
107,862,4.0
107,8844,5.0
107,11862,4.0
107,9087,5.0
107,2054,5.0
107,688,4.0
107,197,5.0
107,103,4.0
107,9302,4.0
107,11000,5.0
107,568,5.0
107,10329,4.0
107,8963,4.0
107,1642,4.0
107,628,4.0
107,4476,4.0
107,6950,4.0
107,11395,4.0
107,278,5.0
107,9331,4.0
107,36955,4.0
107,11310,4.0
107,581,5.0
108,451,4.0
108,880,5.0
108,5894,4.0
108,2259,4.0
108,329,4.0
108,9800,4.0
108,713,5.0
108,78,5.0
108,26748,5.0
108,3573,5.0
108,623,5.0
108,601,5.0
108,947,5.0
108,105,5.0
108,38904,5.0
108,597,4.0
108,606,5.0
108,2108,4.0
108,11545,5.0
108,603,5.0
108,1414,4.0
108,47585,5.0
108,4958,4.0
108,134,5.0
108,843,4.0
108,634,5.0
108,824,5.0
108,10691,5.0
108,141,5.0
108,194,5.0
108,1903,4.0
108,11889,5.0
108,11232,4.0
108,453,5.0
108,12660,4.0
108,18317,4.0
108,480,4.0
108,425,4.0
108,2565,5.0
108,10491,4.0
108,557,5.0
108,9026,5.0
108,17734,5.0
108,180,5.0
108,50035,5.0
108,8051,5.0
108,10712,5.0
108,2103,5.0
108,2755,5.0
108,640,5.0
108,61807,4.0
109,9087,4.0
109,10858,4.0
109,524,4.0
109,451,5.0
109,63,4.0
109,687,5.0
109,629,4.0
109,2054,5.0
109,197,5.0
109,11780,4.0
109,9344,5.0
109,13701,4.0
109,241,5.0
109,680,5.0
109,278,5.0
109,12635,4.0
109,13,5.0
109,712,4.0
109,5503,4.0
109,9559,4.0
109,11969,5.0
109,319,4.0
109,268,4.0
109,274,4.0
109,627,4.0
109,9294,4.0
109,1645,4.0
110,807,4.5
110,103,4.0
110,680,4.5
110,424,4.0
110,78,4.0
110,275,4.5
110,284,4.0
110,239,4.5
110,500,4.0
110,510,4.0
110,28,4.0
110,600,4.0
110,903,5.0
110,339,4.5
110,914,4.5
110,603,4.0
110,104,4.0
110,9267,4.5
110,14,4.5
110,550,4.5
110,962,4.0
110,641,4.0
110,10778,4.0
110,194,5.0
110,598,4.5
110,30140,5.0
110,113,4.0
110,10227,5.0
110,670,4.0
110,1165,4.5
111,524,4.5
111,9603,4.0
111,9737,4.0
111,278,4.5
111,13,5.0
111,2758,4.0
111,788,4.0
111,9479,4.0
111,812,4.5
111,114,4.0
111,9304,4.0
111,10830,4.0
111,864,4.0
111,433,4.0
111,756,4.0
111,816,4.0
111,37165,4.0
111,9574,4.0
111,489,4.0
111,597,4.0
111,13907,4.0
111,15037,4.0
111,2907,4.0
111,4011,4.5
111,9487,4.0
111,14709,4.0
111,10314,4.0
111,796,4.0
111,4951,4.0
111,11355,4.0
111,8487,4.0
111,10490,4.0
111,14,4.0
111,550,5.0
111,1832,5.0
111,1850,4.0
111,10471,4.0
111,3558,4.0
111,8872,5.0
111,11287,4.0
111,8374,5.0
111,2069,4.0
111,1588,4.0
111,786,4.0
111,16723,4.0
111,634,4.0
111,2171,4.5
111,141,4.0
111,671,4.0
111,14369,4.0
111,161,4.5
111,8386,5.0
111,453,4.0
111,39939,4.5
111,11452,4.5
111,9012,5.0
111,65,4.0
111,672,4.0
111,10426,4.0
111,640,4.0
111,4912,4.0
111,9919,4.0
111,11635,4.5
111,12,4.0
111,10719,4.0
111,11846,4.0
111,5205,4.0
111,1824,4.5
111,10625,4.0
111,673,4.0
111,9472,4.5
111,8699,4.0
111,11282,4.5
111,163,4.0
111,9291,4.5
111,9522,4.5
111,4442,4.0
111,7553,5.0
111,10033,4.5
111,674,4.0
111,69,4.0
111,6877,4.0
111,591,4.0
111,350,4.0
111,9718,5.0
111,9293,4.0
111,9988,4.5
111,12094,5.0
111,1422,4.5
111,9794,4.0
111,1124,4.0
111,1581,4.5
111,2179,4.0
111,1271,4.0
111,675,4.0
111,3563,4.5
111,4688,4.0
111,8363,4.5
111,10030,4.5
111,4566,4.0
111,155,4.0
111,9870,5.0
111,14236,4.0
111,8780,4.0
111,8909,4.0
111,12133,5.0
111,10189,5.0
111,10186,4.0
111,13596,4.5
111,15373,4.0
111,13523,4.5
111,12163,4.0
111,10202,4.0
111,16869,4.5
111,13448,4.0
111,14160,4.0
111,18785,4.5
111,17610,4.0
111,767,4.0
111,19905,4.0
111,19899,4.5
111,22821,5.0
111,13477,4.0
111,23742,5.0
111,23048,4.5
111,32823,5.0
111,27205,4.5
111,38365,5.0
111,14158,5.0
111,16290,5.0
111,39514,4.0
111,12444,4.0
111,48988,4.0
111,50546,5.0
111,110639,4.0
111,55721,4.5
111,38319,5.0
111,38317,4.5
111,51540,4.0
111,12445,4.0
111,57431,4.5
111,58574,4.0
111,74387,4.5
111,64688,5.0
111,62213,4.0
111,50647,4.5
111,80035,4.0
111,114150,4.5
111,87428,4.0
111,65851,5.0
111,68718,4.0
111,146837,4.5
111,109431,4.5
111,107811,4.5
111,109414,4.5
111,116741,4.5
111,75656,5.0
111,93456,4.0
111,146216,4.0
111,138832,4.5
111,109418,4.5
111,112205,5.0
111,106646,5.0
111,116745,4.0
111,262481,4.0
111,193610,4.5
111,195589,4.0
111,232672,5.0
111,187017,4.5
111,210577,4.0
111,118340,4.5
111,193893,4.0
111,245891,4.5
111,20147,4.5
111,308571,4.5
111,228967,4.5
111,207703,5.0
111,191489,4.5
111,46967,4.5
111,32836,4.5
111,76341,4.0
111,293660,5.0
111,283995,4.0
111,31981,4.5
111,272693,4.5
111,309299,4.5
111,318224,4.5
111,278468,4.0
111,216553,4.0
111,289333,4.5
111,252838,5.0
111,259395,5.0
111,228161,4.5
111,257091,5.0
111,320996,4.0
111,238713,5.0
111,257344,4.0
111,297761,4.0
111,296099,4.0
111,257211,4.5
111,277216,4.5
111,296100,4.5
111,4912,4.0
111,318846,5.0
111,259694,4.5
111,274167,4.0
111,266294,4.0
111,370646,4.5
111,291870,4.0
111,333385,4.5
111,186759,4.0
111,127380,4.5
111,302401,4.5
111,291805,4.5
111,396292,4.5
111,389053,4.5
111,302699,5.0
111,377462,4.5
111,316023,4.5
111,404022,4.5
111,308266,4.5
111,376659,4.5
111,376482,5.0
111,213681,4.5
111,346685,4.5
111,331313,4.0
111,421854,4.0
111,413361,4.5
111,393561,4.0
111,339396,4.0
111,277834,4.5
111,384682,4.5
111,356305,4.5
111,335797,4.0
111,345922,4.5
111,24439,4.0
111,324552,4.0
111,416477,4.0
111,295693,4.5
111,437752,4.0
111,435351,4.5
111,444705,4.0
111,417644,4.0
111,339846,4.0
111,373569,4.0
111,430830,4.0
111,397422,4.5
111,324852,4.0
111,336890,4.0
111,343668,4.0
111,466986,4.0
111,298718,4.0
111,469019,4.5
111,497520,4.5
111,502892,4.0
112,949,4.5
112,524,4.5
112,9273,4.0
112,63,5.0
112,807,5.0
112,629,5.0
112,2054,4.0
112,9614,4.0
112,11000,4.0
112,568,4.0
112,628,4.5
112,11,5.0
112,241,4.0
112,6950,4.0
112,37233,4.0
112,329,5.0
112,9800,4.5
112,274,4.0
112,602,5.0
112,1891,5.0
112,85,5.0
112,1892,5.0
112,105,4.0
112,199,4.0
112,9390,4.0
112,95,5.0
112,857,5.0
112,603,5.0
112,497,5.0
112,9679,4.0
112,120,5.0
112,121,5.0
112,122,5.0
112,155,5.0
112,16869,4.5
112,14160,4.0
112,19995,4.0
112,27205,4.5
112,49026,5.0
112,68718,4.0
112,157336,5.0
113,103,4.0
113,22625,4.0
113,11,4.0
113,18183,5.0
113,101,5.0
113,10464,5.0
113,13,4.0
113,712,4.0
113,713,5.0
113,274,4.0
113,114,4.0
113,3573,4.0
113,238,4.0
113,164,5.0
113,426,4.0
113,567,5.0
113,284,4.0
113,289,5.0
113,6620,5.0
113,804,5.0
113,8356,5.0
113,381,5.0
113,22292,5.0
113,488,5.0
113,19186,5.0
113,31102,5.0
113,252,5.0
113,521,4.0
113,11386,5.0
113,1103,4.0
113,409,5.0
113,510,5.0
113,703,5.0
113,343,5.0
113,696,4.0
113,37247,4.0
113,903,4.0
113,756,4.0
113,16633,4.0
113,6114,4.0
113,7863,5.0
113,65889,5.0
113,8874,4.0
113,38295,4.0
113,2118,5.0
113,45609,5.0
113,597,4.0
113,26941,4.0
113,11003,4.0
113,37636,4.0
113,1389,5.0
113,11426,4.0
113,12102,4.0
113,9552,4.0
113,907,5.0
113,793,4.0
113,10340,5.0
113,2107,4.0
113,396,5.0
113,16081,5.0
113,11219,4.0
113,46889,4.0
113,18588,5.0
113,9465,5.0
113,31924,4.0
113,912,5.0
113,14,5.0
113,42726,5.0
113,31121,5.0
113,624,4.0
113,24735,4.0
113,25934,5.0
113,20283,4.0
113,1879,5.0
113,990,4.0
113,2291,4.0
113,11327,4.0
113,10774,4.0
113,31776,5.0
113,10242,5.0
113,10518,4.0
113,6003,5.0
113,13368,4.0
113,635,4.0
113,9040,4.0
113,2360,5.0
113,10673,4.0
113,2623,5.0
113,11191,5.0
113,2613,4.0
113,4639,4.0
113,13703,4.0
114,162,4.0
114,497,4.0
114,671,4.0
114,557,4.0
114,672,4.0
114,673,4.0
114,558,4.5
114,559,4.5
114,675,4.0
114,106646,4.5
114,323373,5.0
115,8012,4.0
115,63,5.0
115,9348,4.0
115,11,5.0
115,680,5.0
115,8587,4.0
115,9359,4.0
115,36593,4.0
115,5503,4.0
115,329,5.0
115,22317,5.0
115,11969,5.0
115,812,4.0
115,280,5.0
115,268,5.0
115,274,5.0
115,10020,4.0
115,630,4.0
115,1891,5.0
115,85,4.0
115,679,5.0
115,28,5.0
115,600,5.0
115,218,5.0
115,33,5.0
115,642,5.0
115,9086,5.0
115,578,5.0
115,4232,5.0
115,11970,5.0
115,607,4.0
115,1669,5.0
115,2118,4.0
115,1813,4.0
115,37165,4.0
115,4233,4.0
115,597,4.0
115,10674,5.0
115,544,5.0
115,857,5.0
115,11415,4.0
115,2109,4.0
115,2657,4.0
115,8675,4.0
115,5825,5.0
115,564,4.0
115,2275,4.0
115,9473,4.0
115,9824,4.0
115,2665,5.0
115,850,5.0
115,11601,4.0
115,11797,4.0
115,11901,5.0
115,658,4.0
115,856,5.0
115,11040,5.0
115,863,5.0
115,10402,4.0
115,926,4.0
115,10206,4.0
115,4234,4.0
115,2069,4.0
115,1700,5.0
115,10747,5.0
115,3536,5.0
115,98,5.0
115,8584,4.0
115,11072,5.0
115,2123,4.0
115,2024,4.0
115,4247,4.0
115,36657,5.0
116,10329,4.0
116,8963,4.5
116,2064,4.5
116,10731,4.0
116,13,4.0
116,854,5.0
116,329,4.0
116,858,4.0
116,78,5.0
116,280,4.0
116,581,4.5
116,114,4.5
116,664,4.0
116,15121,5.0
116,88,4.5
116,744,5.0
116,510,4.0
116,85,5.0
116,105,4.5
116,89,4.0
116,6114,4.0
116,621,4.5
116,578,5.0
116,330,4.5
116,8834,4.0
116,597,4.0
116,380,4.5
116,941,4.0
116,9342,5.0
116,87,4.5
116,9326,4.5
116,1844,4.0
116,4806,5.0
116,98,4.5
116,161,4.0
116,22,4.0
116,809,4.0
116,205,4.5
116,30266,4.0
117,11860,4.0
117,9087,4.0
117,8012,4.0
117,16420,4.0
117,31174,4.0
117,807,4.0
117,629,4.0
117,2054,4.0
117,48750,4.0
117,197,5.0
117,11000,4.0
117,568,4.0
117,1909,4.0
117,13701,4.0
117,11777,4.0
117,628,4.0
117,4476,4.0
117,11318,4.0
117,10510,4.0
117,6950,4.0
117,680,4.0
117,11450,4.0
117,278,5.0
117,13,4.0
117,10714,4.0
117,8587,4.0
117,9359,4.0
117,36955,4.0
117,11566,4.0
117,5503,4.0
117,329,4.0
117,10502,5.0
117,11971,4.0
117,788,4.0
117,1245,4.0
117,424,5.0
117,858,4.0
117,9479,4.0
117,10057,4.0
117,11969,4.0
117,771,4.0
117,251,4.0
117,812,4.0
117,280,4.0
117,581,4.0
117,274,5.0
117,408,4.0
117,10020,4.0
117,10895,4.0
117,10112,4.0
117,9304,4.0
117,532,4.0
117,10545,4.0
117,10779,4.0
117,1645,4.0
117,11224,4.0
117,433,4.0
117,15121,4.0
117,623,4.0
118,680,4.0
118,424,4.0
118,581,4.0
118,275,4.0
118,238,5.0
118,702,4.0
118,1891,4.0
118,769,5.0
118,240,5.0
118,1598,4.0
118,2649,4.0
118,9440,4.0
118,380,5.0
118,857,4.0
118,8195,4.0
118,9377,4.0
119,710,4.0
119,10428,5.0
119,101,5.0
119,680,4.0
119,2636,4.0
119,278,4.5
119,13,4.0
119,8587,5.0
119,9350,4.0
119,9739,4.0
119,402,4.0
119,105,4.0
119,607,4.0
119,115,4.0
119,36647,4.0
119,637,5.0
119,73,4.0
119,603,4.0
119,817,4.0
119,2668,4.0
119,497,5.0
119,8374,4.5
119,2085,5.0
119,98,5.0
119,36657,4.0
119,8859,4.0
119,6073,4.0
119,4133,4.0
119,9476,4.5
119,808,4.0
119,9705,4.0
119,1995,4.0
119,9799,5.0
119,2140,4.5
119,869,4.0
119,2770,4.0
119,2034,4.0
119,585,4.5
119,161,5.0
119,120,5.0
119,453,5.0
119,855,4.0
119,11362,4.5
119,425,4.0
119,2501,4.0
119,4108,4.0
119,121,4.5
119,640,4.5
119,423,4.5
119,604,4.0
119,12,4.0
119,9654,4.5
119,22,4.0
119,605,4.5
119,122,5.0
119,652,4.5
119,2048,4.0
119,9806,4.0
119,70,5.0
119,613,4.0
119,8488,4.0
119,187,4.0
119,953,4.0
119,921,4.0
119,6957,4.0
119,25,4.0
119,752,4.5
119,920,4.0
119,9513,4.0
119,1402,4.0
119,1422,4.0
119,9693,4.0
119,36557,5.0
119,2062,4.0
119,1271,5.0
119,35,4.5
119,2503,4.5
119,5915,4.0
119,6479,4.5
119,155,4.5
119,8681,4.0
119,9502,4.0
119,10681,4.0
119,12405,5.0
119,10764,4.0
119,13223,4.5
119,30508,5.0
119,15472,5.0
119,16869,4.0
119,2080,4.0
119,14160,5.0
119,18785,5.0
119,17654,4.5
119,19995,5.0
119,10528,4.5
119,20504,4.5
119,11324,4.0
119,10191,4.0
119,20352,5.0
119,27205,4.0
119,37799,5.0
119,39514,4.5
119,45269,4.0
119,44264,4.0
119,50348,4.0
119,27582,4.5
119,45243,5.0
119,49538,4.0
119,51540,4.5
119,50646,4.0
119,61791,4.5
119,62835,4.5
119,49026,4.5
119,58574,4.0
119,65754,5.0
119,77338,4.5
119,80321,4.0
119,72105,4.5
119,82675,5.0
119,75780,4.0
119,68718,4.0
119,49519,4.0
119,116741,4.0
119,75656,5.0
119,62211,4.5
119,93456,5.0
119,179144,5.0
119,96721,5.0
119,109424,5.0
119,76203,4.0
119,64686,4.5
119,106646,4.5
119,116745,4.5
119,152601,5.0
119,100241,4.0
119,137106,4.5
119,82703,5.0
119,214030,4.0
119,157353,4.0
119,177677,4.0
119,244786,4.5
119,242095,4.5
119,190859,5.0
119,49017,4.0
119,245891,4.5
119,177572,5.0
119,264660,4.0
119,205596,5.0
119,131631,4.0
119,266856,5.0
119,293310,4.0
119,116149,4.0
119,207703,4.0
119,260346,4.5
119,76341,4.0
119,293660,4.5
119,283330,4.0
119,256591,4.0
119,266396,4.0
119,305091,4.5
119,308504,4.0
119,150540,4.0
119,274854,4.5
119,211672,4.0
119,296099,5.0
119,203801,4.5
119,300671,5.0
119,281957,4.0
119,307081,4.0
119,228066,4.5
119,314365,4.5
119,318846,5.0
119,302401,4.5
119,333484,4.5
119,334543,4.5
119,277834,4.0
119,263115,4.5
120,11862,4.0
120,11,5.0
120,275,5.0
120,9802,4.0
120,9294,4.0
120,238,5.0
120,1892,5.0
120,11674,4.0
121,862,4.0
121,949,5.0
121,9087,4.0
121,524,5.0
121,451,4.0
121,9603,4.0
121,2054,5.0
121,197,4.0
121,11000,4.0
121,8068,4.0
121,10525,4.0
121,241,4.0
121,680,4.0
121,278,5.0
121,1587,4.0
121,13,4.0
121,11566,4.0
121,858,4.0
121,319,4.0
121,581,4.0
121,602,4.0
122,8844,4.0
122,63,5.0
122,807,4.5
122,629,5.0
122,755,4.5
122,9614,4.0
122,103,5.0
122,1572,5.0
122,8467,4.5
122,628,4.5
122,11,5.0
122,241,5.0
122,6950,4.0
122,680,5.0
122,278,5.0
122,13,5.0
122,9739,4.0
122,329,4.0
122,8005,4.0
122,9479,5.0
122,319,4.5
122,280,5.0
122,268,4.5
122,274,5.0
122,275,5.0
122,922,5.0
122,627,5.0
122,602,4.0
122,9894,5.0
122,238,5.0
122,15,5.0
122,252,5.0
122,583,5.0
122,500,5.0
122,792,5.0
122,762,5.0
122,1891,5.0
122,2493,5.0
122,68,5.0
122,679,5.0
122,28,5.0
122,1892,5.0
122,769,5.0
122,348,5.0
122,539,4.0
122,525,4.5
122,600,5.0
122,490,5.0
122,37247,5.0
122,11778,5.0
122,137,5.0
122,105,5.0
122,8009,4.5
122,903,5.0
122,7340,4.5
122,364,4.5
122,75,5.0
122,378,5.0
122,4995,5.0
122,563,4.5
122,37165,5.0
122,184,4.5
122,115,5.0
122,2666,5.0
122,473,4.0
122,544,4.5
122,380,5.0
122,2108,4.5
122,927,4.0
122,165,4.5
122,196,4.0
122,793,5.0
122,805,5.0
122,431,4.5
122,162,5.0
122,9487,4.5
122,9426,5.0
122,1542,5.0
122,100,5.0
122,603,5.0
122,104,4.5
122,2667,4.5
122,10386,4.5
122,745,5.0
122,850,5.0
122,861,5.0
122,9377,4.5
122,550,5.0
122,856,4.5
122,492,5.0
122,37094,4.5
122,5156,5.0
122,863,5.0
122,334,5.0
122,926,4.5
122,8872,4.0
122,8374,4.5
122,9532,4.0
122,3082,5.0
122,243,4.5
122,1700,4.5
122,1359,5.0
122,11072,4.5
122,9659,4.5
122,36657,4.0
122,8843,4.5
122,13785,5.0
122,641,5.0
122,1636,4.0
122,107,5.0
122,11688,4.5
122,134,5.0
122,9740,4.0
122,4133,4.5
122,111,5.0
122,9397,4.0
122,1548,4.5
122,869,4.0
122,2034,5.0
122,9398,4.5
122,9081,4.5
122,167,4.5
122,585,5.0
122,161,4.0
122,1903,4.0
122,9428,5.0
122,39939,5.0
122,1576,4.0
122,9533,4.5
122,1430,4.5
122,8051,4.5
122,65,4.5
122,640,4.5
122,11635,4.5
122,36658,4.5
122,12,4.5
122,170,5.0
122,4543,5.0
122,10719,4.0
122,10147,4.5
122,3176,4.0
122,1487,4.5
122,923,5.0
122,393,5.0
122,10625,4.5
122,9372,4.5
122,8699,4.5
122,2048,4.0
122,11282,4.0
122,747,5.0
122,3989,5.0
122,55931,5.0
122,11774,4.0
122,670,4.0
122,4836,4.5
122,3509,4.5
122,421,4.5
122,4935,5.0
122,7453,4.5
122,787,4.0
122,308,4.5
122,142,5.0
122,612,4.5
122,1452,4.0
122,773,5.0
122,9718,4.0
122,7512,5.0
122,1381,4.5
122,496,4.5
122,1422,5.0
122,9693,5.0
122,1124,5.0
122,36557,4.5
122,4638,5.0
122,1949,5.0
122,253768,5.0
122,22311,4.5
122,1991,4.5
122,3021,4.0
122,8363,5.0
122,1992,5.0
122,5915,4.5
122,4538,4.5
122,4982,5.0
122,6977,5.0
122,6479,4.0
122,7345,5.0
122,7555,4.0
122,155,4.0
122,9870,4.5
122,14784,4.5
122,10681,5.0
122,13183,4.5
122,13310,4.5
122,4944,5.0
122,10764,4.5
122,15373,4.0
122,4922,4.5
122,14836,4.5
122,16538,4.5
122,17431,5.0
122,14160,5.0
122,18785,4.5
122,12162,4.5
122,18480,4.5
122,24420,4.0
122,19908,4.5
122,10315,5.0
122,19995,4.5
122,11324,5.0
122,23483,4.0
122,10138,4.0
122,32823,4.0
122,27205,4.5
122,27581,4.5
122,22538,5.0
122,37799,5.0
122,41733,4.5
122,44214,5.0
122,45523,5.0
122,30969,5.0
122,24447,5.0
122,55721,5.0
122,49538,5.0
122,37686,4.5
122,39538,4.5
122,49026,4.0
122,49040,4.0
122,65754,4.0
122,80379,5.0
122,64688,4.5
122,22970,5.0
122,76493,4.5
122,70981,4.0
122,83666,5.0
122,84332,4.0
122,37724,4.5
122,68722,5.0
122,49049,5.0
122,86838,4.0
122,68718,5.0
122,49519,4.5
122,75612,4.0
122,49521,4.0
122,62211,4.5
122,68726,4.5
122,68724,4.0
122,107985,5.0
122,76170,4.5
122,49047,4.5
122,106646,5.0
122,152601,5.0
122,110415,4.5
122,137106,4.5
122,157336,5.0
122,242224,4.5
122,118340,4.0
122,246741,5.0
122,242582,4.5
122,177572,4.0
122,171274,4.0
122,135397,4.0
122,207703,4.5
122,198184,5.0
122,270303,5.0
122,76341,5.0
122,140607,5.0
122,102899,4.0
122,273248,5.0
122,286217,4.0
122,251516,4.0
122,281957,5.0
122,294963,4.5
122,333371,4.0
122,269149,4.0
123,807,4.5
123,11,4.5
123,680,4.0
123,278,4.0
123,274,4.0
123,1891,4.0
123,73,4.5
123,603,4.0
123,550,4.5
123,77,4.5
123,2034,4.0
123,585,4.0
123,388,4.0
123,1124,4.0
123,1949,4.0
123,4982,4.0
123,8065,4.5
123,1726,4.0
123,13183,4.0
123,10201,4.0
123,16869,4.0
123,13448,4.5
123,18487,4.0
123,10191,4.5
123,27205,4.0
123,37799,4.5
123,44048,4.0
123,51876,4.0
123,45612,4.5
123,49538,4.0
123,24428,4.0
123,58574,4.0
123,103663,4.5
123,87502,4.0
123,68718,4.5
123,146233,4.0
123,157336,4.5
123,137113,4.5
123,210577,4.5
123,118340,4.0
123,242582,4.5
123,205596,4.5
123,273197,4.0
124,862,4.0
124,629,4.5
124,9344,4.0
124,11,4.0
124,680,4.5
124,278,4.5
124,13,5.0
124,8005,4.0
124,274,4.0
124,275,5.0
124,402,4.0
124,1891,4.5
124,1892,4.5
124,530,4.0
124,12498,5.0
124,3179,4.0
124,816,4.0
124,2118,4.0
124,2898,4.0
124,1878,4.5
124,380,4.0
124,73,4.5
124,817,4.0
124,14,5.0
124,497,4.5
124,9475,4.5
124,10158,4.0
124,4816,4.5
124,1443,4.0
124,641,5.0
124,77,4.5
124,453,4.0
124,575,4.5
124,11635,4.0
124,12,5.0
124,38,5.0
124,2062,4.5
125,8844,4.0
125,197,4.5
125,9804,4.0
125,2292,5.0
125,241,5.0
125,680,4.5
125,278,4.0
125,1587,5.0
125,13,5.0
125,21450,4.5
125,319,4.0
125,280,4.0
125,274,4.0
125,238,4.5
125,11229,4.5
125,475,4.5
125,1630,4.5
125,510,5.0
125,185,4.5
125,1892,4.0
125,766,4.0
125,240,4.5
125,218,4.0
125,765,4.5
125,137,4.5
125,105,5.0
125,607,4.0
125,2649,5.0
125,9922,4.5
125,115,4.5
125,267,4.5
125,2657,5.0
125,10029,4.5
125,603,5.0
125,6396,4.5
125,1946,5.0
125,104,4.0
125,1075,4.0
125,14,5.0
125,9377,4.0
125,550,5.0
125,1832,5.0
125,99,4.0
125,497,4.0
125,11296,5.0
125,10937,5.0
125,77,4.0
125,869,4.0
125,22230,4.0
125,1018,4.5
125,141,4.5
125,9428,4.5
125,453,4.0
125,4031,5.0
125,11013,4.5
125,3131,4.5
125,598,4.0
125,22,4.0
125,24,4.5
125,20312,4.0
125,1643,5.0
125,3176,5.0
125,1954,5.0
125,1278,5.0
125,38,4.5
125,553,5.0
125,393,4.5
125,11044,5.0
125,8193,4.0
125,176,5.0
125,8424,5.0
125,9768,5.0
125,9812,4.0
125,437,4.5
125,670,4.5
125,9667,4.0
125,158,4.0
125,53116,4.5
125,272,4.0
125,6957,4.0
125,4550,5.0
125,9388,4.0
125,2652,4.5
125,9786,4.5
125,1023,4.5
125,7512,4.0
125,496,4.5
125,1422,4.0
125,9693,4.5
125,5206,4.5
125,4964,4.5
125,285,4.0
125,4688,5.0
125,8363,4.5
125,4520,4.5
125,13363,4.0
125,8461,5.0
125,155,4.0
125,9502,4.0
125,10681,4.0
125,8909,4.0
125,12133,4.0
125,5038,5.0
125,225130,4.5
125,10358,4.5
125,13596,4.5
125,14943,4.5
125,4148,5.0
125,14756,4.0
125,14139,4.5
125,16991,5.0
125,14160,4.0
125,17654,4.0
125,12244,4.0
125,22794,4.5
125,22536,4.5
125,20178,4.5
125,23082,4.5
125,22947,4.0
125,10315,5.0
125,19995,4.5
125,31867,4.5
125,10191,4.0
125,23483,4.0
125,27205,4.0
125,31011,4.0
125,27581,4.0
125,22538,4.0
125,44115,4.0
125,54186,4.0
125,42521,5.0
125,51540,4.0
125,64690,4.5
125,50646,4.0
125,61791,4.0
125,91550,4.5
125,80038,4.5
125,79896,4.5
125,77338,4.0
125,76726,4.5
125,51999,4.5
125,64688,4.0
125,22970,4.5
125,74306,4.5
125,76493,4.5
125,83666,5.0
125,72105,4.5
125,80468,4.5
125,73567,4.5
125,114150,4.0
125,103663,4.5
125,83542,4.0
125,87827,4.0
125,71883,4.5
125,82654,4.5
125,68718,4.0
125,89492,4.0
125,75761,4.5
125,142061,4.5
125,87818,5.0
125,170657,4.5
125,68728,4.5
125,107985,4.5
125,122906,4.0
125,138697,4.5
125,106646,4.5
125,116745,4.0
125,152601,4.0
125,27584,4.5
125,110414,4.0
125,119360,4.5
125,210479,4.5
125,195589,4.0
125,188161,4.0
125,137113,4.0
125,194662,4.0
125,244786,4.0
125,119450,4.0
125,220289,4.0
125,206487,4.0
125,177572,4.0
125,273271,4.0
125,265195,4.5
125,228967,4.0
125,207703,4.0
125,76341,4.5
125,293660,4.5
125,284052,4.0
125,227719,4.0
125,308639,4.0
125,308369,4.0
125,273248,4.0
125,320007,4.0
125,228108,4.5
125,286217,4.0
125,251516,4.0
125,271718,4.0
125,203801,4.0
125,273477,4.0
125,310135,4.0
125,303991,4.0
125,296100,4.0
125,330764,4.5
125,325348,4.5
125,282069,4.0
125,282070,4.0
125,58431,4.5
125,319888,4.0
125,329004,4.0
125,333371,4.0
125,269149,4.0
125,279641,4.0
125,267193,4.0
125,371645,4.0
125,333385,4.0
125,295699,4.0
125,290250,4.0
125,290098,4.0
125,223702,5.0
125,334533,4.5
125,347031,4.0
125,338766,4.0
125,337674,4.0
125,213681,4.0
125,372058,4.0
125,324786,4.0
125,313369,4.0
125,277834,4.0
125,274870,4.0
125,324849,4.0
125,419430,4.0
125,180863,4.0
125,339403,5.0
125,374430,5.0
126,807,5.0
126,197,4.0
126,568,4.0
126,414,4.0
126,1572,4.0
126,278,5.0
126,193,4.0
126,9331,4.0
126,13,4.0
126,8587,5.0
126,854,5.0
126,1637,5.0
126,36955,5.0
126,37233,5.0
126,5503,5.0
126,788,4.0
126,581,4.0
126,10020,4.0
127,239,4.0
127,963,5.0
127,903,4.0
127,586,4.0
127,1725,4.0
127,913,4.0
127,1621,4.0
127,11072,4.0
127,651,5.0
127,1985,4.0
127,4566,5.0
128,197,5.0
128,11,5.0
128,274,5.0
128,275,5.0
128,981,5.0
128,567,5.0
128,3078,5.0
128,213,5.0
128,4808,4.0
128,289,5.0
128,15,4.0
128,705,5.0
128,29376,5.0
128,10907,5.0
128,1939,4.0
128,22292,4.0
128,3080,5.0
128,260,4.0
128,31530,5.0
128,583,4.0
128,762,4.0
128,1891,4.0
128,85,5.0
128,1578,4.0
128,910,5.0
128,89,4.0
128,199,4.0
128,4232,4.0
128,597,4.0
129,197,4.0
129,9804,4.0
129,15789,4.0
129,11,4.0
129,2164,4.5
129,114,4.0
129,954,4.0
129,9802,4.0
129,664,4.0
129,252,4.0
129,744,4.0
129,1891,4.0
129,2493,5.0
129,1892,4.0
129,600,4.0
129,621,4.5
129,18,4.5
129,330,4.0
129,2649,4.0
129,563,5.0
129,10674,4.5
129,857,4.5
129,97,4.0
129,11837,4.5
129,36647,4.0
129,4011,4.5
129,1934,4.0
129,603,4.5
129,104,4.5
129,813,4.0
129,14,4.5
129,6415,4.5
129,861,4.0
129,550,4.0
129,856,4.0
129,128,4.5
129,11886,4.0
129,8469,4.0
129,1443,5.0
129,98,4.5
129,865,4.0
129,7450,4.0
129,36657,4.0
129,146,4.0
129,19933,4.5
129,824,4.0
129,676,4.0
129,2114,4.0
129,585,4.0
129,671,4.0
129,161,4.0
129,120,4.5
129,855,4.5
129,13225,4.0
129,2501,4.0
129,180,4.0
129,2675,4.0
129,129,4.5
129,672,4.0
129,121,4.5
129,10150,4.5
129,455,4.5
129,36658,4.5
129,604,4.0
129,9654,4.0
129,22,4.0
129,153,4.0
129,1584,4.0
129,24,4.5
129,81,4.5
129,616,5.0
129,122,4.5
129,393,4.0
129,16219,4.5
129,673,4.0
129,2048,4.0
129,2502,4.0
129,747,4.0
129,55931,4.5
129,11633,4.5
129,4935,4.0
129,187,4.5
129,1640,5.0
129,787,5.0
129,272,4.5
129,6957,4.0
129,647,4.5
129,142,4.0
129,674,4.0
129,69,4.0
129,411,4.0
129,752,4.5
129,956,4.0
129,36668,4.5
129,58,4.0
130,197,5.0
130,568,4.0
130,414,4.0
130,8963,4.0
130,1572,4.0
130,8984,5.0
130,8467,4.0
130,628,4.0
130,6950,5.0
130,680,4.0
130,278,5.0
130,2064,4.0
130,3049,4.0
130,2758,4.0
131,807,4.0
131,629,4.0
131,103,4.0
131,101,4.0
131,680,4.0
131,278,4.0
131,78,4.0
131,274,4.0
131,275,4.0
131,627,4.0
131,238,4.0
131,213,4.0
131,500,4.0
131,702,4.5
131,769,4.0
131,348,4.5
131,240,4.0
131,1578,4.5
131,387,4.0
131,903,4.0
131,2118,4.0
131,10669,4.0
131,77,4.0
131,1672,4.0
131,598,4.0
131,155,4.0
131,27205,4.0
131,24428,4.0
131,49026,4.0
132,807,4.0
132,629,4.0
132,9587,4.0
132,241,4.0
132,101,4.0
132,680,4.0
132,108,4.0
132,278,4.5
132,2759,4.0
132,13,4.0
132,8587,4.5
132,10020,4.5
132,872,4.0
132,567,4.0
132,239,4.0
132,433,4.0
132,88,4.0
132,11216,4.0
132,539,4.0
132,694,4.0
132,638,4.0
132,184,4.0
132,2108,4.0
132,4011,4.0
132,162,4.0
132,637,4.0
132,73,4.0
132,10312,4.0
132,603,4.5
132,4951,4.0
132,36685,4.5
132,14,4.5
132,550,4.0
132,492,4.0
132,3558,4.5
132,243,4.0
132,1443,4.0
132,641,4.0
132,146,4.0
132,77,4.0
132,634,4.5
132,824,4.0
132,1548,4.0
132,3172,4.0
132,1018,4.5
132,167,4.5
132,194,4.0
132,120,4.5
132,1574,4.0
132,590,4.0
132,153,4.0
132,1584,4.0
132,24,4.5
132,508,4.5
132,10511,4.0
132,122,4.0
132,38,4.0
132,393,4.5
132,16876,4.0
132,80,4.0
132,9801,4.0
132,140,4.0
132,205,4.0
132,4935,4.0
132,187,4.0
132,1904,4.0
132,773,4.0
132,1262,4.0
132,253768,4.0
133,63,4.0
133,807,4.0
133,278,4.0
133,13,4.0
133,5503,4.0
133,11934,4.0
133,424,4.0
134,807,4.0
134,197,5.0
134,414,4.0
134,8963,4.0
134,9804,4.0
134,628,4.0
134,241,4.0
134,680,4.0
134,2164,4.0
134,9331,4.0
134,9739,4.0
134,37233,4.0
134,713,4.0
134,11969,4.0
134,581,5.0
134,274,5.0
134,10020,5.0
135,862,4.0
135,63,5.0
135,807,5.0
135,197,4.0
135,33542,4.0
135,11000,4.0
135,8963,5.0
135,2293,4.0
135,2292,5.0
135,11,4.0
135,6950,4.0
135,101,4.0
135,680,4.0
135,11450,4.0
135,278,5.0
135,854,4.0
135,1637,4.0
135,2758,4.0
135,5503,4.0
135,329,5.0
135,9593,5.0
135,424,5.0
135,9479,4.0
135,251,4.0
135,280,4.0
135,268,5.0
135,274,5.0
135,275,4.0
135,954,4.0
135,18414,4.0
135,3065,4.0
135,10280,4.0
135,11543,4.0
135,9327,4.0
135,3595,4.0
135,238,4.0
135,20318,5.0
135,289,4.0
135,630,5.0
135,14821,4.0
135,562,5.0
135,252,5.0
135,11561,4.0
135,601,4.0
135,1103,4.0
135,762,5.0
135,1891,4.0
135,2493,5.0
135,85,4.0
135,68,5.0
135,679,5.0
135,389,5.0
135,185,5.0
135,1892,4.0
135,769,4.0
135,348,4.0
135,766,5.0
135,525,4.0
135,703,4.0
135,218,5.0
135,235,5.0
135,137,5.0
135,89,4.0
135,8077,4.0
135,12498,5.0
135,154,4.0
135,11967,4.0
135,9086,4.0
135,578,5.0
135,4232,4.0
135,9415,4.0
135,9404,4.0
135,16448,4.0
135,66,4.0
135,21915,5.0
135,884,4.0
135,816,5.0
135,754,4.0
135,607,4.0
135,8834,4.0
135,2255,4.0
135,782,5.0
135,9281,4.0
135,37165,4.0
135,115,4.0
135,9411,5.0
135,16148,5.0
135,9452,5.0
135,1965,4.0
135,473,5.0
135,544,5.0
135,1366,4.0
135,13597,4.0
135,2108,4.0
135,941,5.0
135,928,4.0
135,859,4.0
135,857,4.0
135,1779,5.0
135,793,4.0
135,87,4.0
135,2907,4.0
135,36647,4.0
135,2109,4.0
135,30197,5.0
135,10377,4.0
135,637,4.0
135,10029,4.0
135,10223,5.0
135,9326,4.0
135,1367,5.0
135,1542,4.0
135,603,5.0
135,817,4.0
135,104,4.0
135,9473,5.0
135,2105,4.0
135,9824,4.0
135,10136,4.0
135,10776,4.0
135,913,4.0
135,813,5.0
135,2665,4.0
135,850,5.0
135,11601,4.0
135,14,4.0
135,861,4.0
135,550,5.0
135,36819,4.0
135,5548,4.0
135,856,5.0
135,492,4.0
135,9481,4.0
135,37094,4.0
135,1832,5.0
135,11393,4.0
135,10998,4.0
135,9013,4.0
135,926,4.0
135,14919,4.0
135,7305,4.0
135,8872,5.0
135,10158,4.0
135,14271,4.0
135,12186,4.0
135,1880,4.0
135,2291,4.0
135,526,4.0
135,106,4.0
135,8584,4.0
135,9355,4.0
135,11495,4.0
135,6978,5.0
135,9873,4.0
135,36657,4.0
135,11624,4.0
135,20438,4.0
135,13785,4.0
135,1597,4.0
135,9741,5.0
135,146,5.0
135,8358,4.0
135,17006,4.0
135,90,4.0
135,1547,4.0
135,77,5.0
135,808,4.0
135,1632,4.0
135,14506,4.0
135,8337,4.0
135,1648,4.0
135,37146,5.0
135,2034,5.0
135,671,4.0
135,120,5.0
136,710,5.0
136,1408,5.0
136,524,5.0
136,9691,5.0
136,807,5.0
136,2054,5.0
136,12158,4.0
136,9208,4.0
136,197,5.0
136,11780,5.0
136,8963,4.0
136,1572,5.0
136,6520,4.0
136,10428,4.0
136,11980,5.0
136,18402,5.0
136,9560,5.0
136,11017,5.0
136,8984,4.0
136,522,4.0
136,11777,5.0
136,628,4.0
136,6280,4.0
136,11008,4.0
136,40490,4.0
136,8986,4.0
136,8438,5.0
136,1945,5.0
136,11381,5.0
136,1587,5.0
136,2064,4.0
136,19855,4.0
136,9331,5.0
136,10731,5.0
136,9495,5.0
136,8587,5.0
136,854,4.0
136,6075,5.0
136,11566,5.0
136,5503,5.0
136,10612,5.0
136,11934,4.0
136,10502,5.0
136,268,4.0
136,9099,4.0
137,862,4.0
137,197,4.0
137,103,5.0
137,14275,5.0
137,11,4.0
137,11318,4.0
137,78,5.0
137,812,4.0
137,274,4.0
137,275,4.5
137,935,5.0
137,238,5.0
137,426,4.0
137,567,4.0
137,213,4.5
137,239,4.0
137,289,5.0
137,963,4.5
137,630,5.0
137,599,5.0
137,15,5.0
137,62,4.0
137,3085,5.0
137,1585,4.0
137,3083,4.5
137,488,4.0
137,10537,4.0
137,762,5.0
137,510,4.0
137,1891,4.0
137,85,4.5
137,679,4.0
137,389,4.5
137,947,5.0
137,28,5.0
137,348,5.0
137,539,5.0
137,240,5.0
137,279,5.0
137,1578,4.5
137,703,5.0
137,9549,4.0
137,387,4.5
137,490,4.5
137,9665,4.0
137,37247,4.5
137,826,5.0
137,829,4.0
137,11202,5.0
137,11031,5.0
137,783,4.5
137,625,5.0
137,830,4.0
137,642,4.5
137,597,4.0
137,143,4.5
137,874,5.0
137,1051,4.0
137,859,4.5
137,857,4.0
137,1779,5.0
137,18603,4.0
137,603,4.0
137,745,4.5
137,3767,4.0
137,492,4.0
137,3082,4.0
137,10774,4.5
137,11356,4.0
137,11072,4.0
137,21137,4.0
137,3133,4.5
137,643,4.0
137,808,4.0
137,18988,4.5
137,120,5.0
137,453,4.0
137,965,4.0
137,13963,4.5
137,121,4.5
137,12,4.0
137,11898,5.0
137,891,4.0
137,5143,4.5
137,122,5.0
137,37088,4.0
137,28257,4.5
137,13671,4.0
137,205,4.0
138,22625,5.0
138,10112,4.5
138,10061,4.5
138,981,5.0
138,173,5.0
138,746,4.0
138,8393,5.0
138,11230,5.0
138,12207,5.0
138,146,5.0
138,1729,4.5
138,9502,5.0
139,11,4.0
139,85,4.0
139,2024,4.0
139,853,4.0
139,120,4.0
139,121,4.0
139,122,4.0
139,16320,4.0
139,13183,4.0
139,49026,4.0
139,49051,4.0
139,57158,4.0
139,140607,4.0
140,949,5.0
140,9087,4.0
140,8012,4.0
140,9598,4.0
140,807,4.0
140,2054,4.5
140,10534,4.0
140,688,4.0
140,197,4.0
140,568,5.0
140,11780,4.0
140,8963,4.0
140,1572,4.0
140,9804,4.0
140,11,4.0
140,9587,4.0
140,101,5.0
140,680,4.0
140,11395,4.0
140,278,4.0
140,9331,4.0
140,13,4.0
140,10714,4.0
140,8587,4.0
140,1637,4.0
140,36955,4.0
140,26203,4.0
140,11566,4.5
140,37233,4.0
140,5503,4.0
140,9386,4.0
140,329,4.0
140,788,4.0
140,424,5.0
140,14291,4.0
140,11969,4.0
140,581,5.0
140,274,4.0
140,10020,5.0
140,114,5.0
140,576,4.0
140,275,5.0
140,10684,4.0
140,954,4.0
140,602,4.0
140,11228,4.0
140,26748,4.0
140,3595,4.0
140,47907,4.0
140,10478,4.0
140,238,5.0
140,9303,4.0
140,289,4.0
140,11113,4.0
140,630,4.0
140,770,5.0
140,62,4.0
140,488,4.0
140,11076,5.0
140,14136,4.0
140,19186,4.0
140,6878,4.0
140,18444,4.0
140,173,4.0
140,24795,4.0
140,433,4.0
140,15121,5.0
140,562,4.0
140,252,4.0
140,475,4.0
140,792,4.0
140,601,4.0
140,744,4.5
140,85,4.0
140,679,4.5
140,429,4.0
140,947,5.0
140,348,4.0
140,9549,4.0
140,9277,5.0
140,826,5.0
140,5925,5.0
140,33,4.0
140,11202,5.0
140,903,4.0
140,2323,4.5
140,642,5.0
140,578,4.0
140,9390,4.0
140,31908,4.0
140,9361,4.0
140,4104,4.0
140,25624,4.0
140,9434,5.0
140,2163,4.0
140,686,5.0
140,2142,4.0
140,1669,5.0
140,2118,4.0
140,9281,5.0
140,37165,4.0
140,489,4.0
140,597,4.0
140,547,5.0
140,184,4.0
140,16148,4.0
140,1389,4.0
140,10633,4.0
140,12102,4.0
140,9443,5.0
140,380,4.0
140,941,4.0
140,346,4.0
140,242,4.0
140,857,5.0
140,907,4.0
140,42121,4.0
140,35144,4.0
140,9325,4.0
140,12230,4.0
140,117,4.0
140,881,4.0
140,8195,4.0
140,1890,4.0
140,9798,4.0
140,8879,4.5
140,1368,4.0
140,10312,4.0
140,9671,4.0
140,2112,4.0
140,10207,4.0
140,13466,4.0
140,100,4.0
140,603,4.0
140,1844,4.0
140,1893,4.0
140,62676,4.0
140,620,4.0
140,4806,4.0
140,913,4.0
140,912,4.0
140,2280,4.0
140,9096,4.0
140,14,4.0
140,10390,4.0
140,6415,4.0
140,1654,4.0
140,658,4.0
140,391,4.0
140,9289,4.0
140,11943,4.0
140,11393,4.0
140,10998,4.0
140,9013,4.0
140,11005,4.0
140,1439,5.0
140,624,4.0
140,9563,4.0
140,10400,5.0
140,17908,4.0
140,5924,4.0
140,21489,4.0
140,11287,5.0
140,9869,4.0
140,25934,4.0
140,2069,4.0
140,20283,4.0
140,5693,4.0
140,287,5.0
140,838,4.5
140,15873,4.0
140,801,4.0
140,1879,4.0
140,840,4.0
140,17529,4.0
140,10747,4.0
140,3536,4.0
140,98,4.0
140,10911,4.0
140,938,4.0
140,2075,5.0
140,9679,4.0
140,9040,4.0
140,43002,4.0
140,2024,4.0
140,2133,4.0
140,11589,4.0
140,11694,4.0
140,10637,5.0
140,4958,4.0
140,11983,4.0
140,392,4.0
140,3981,4.0
140,8358,4.0
140,1493,4.0
140,11973,4.0
140,1900,4.0
140,11209,4.0
140,10655,4.0
140,5955,4.0
140,6073,4.0
140,38805,4.0
140,853,5.0
140,5257,5.0
140,26791,4.0
140,52654,4.0
140,676,4.0
140,1406,4.0
140,13554,4.0
140,966,5.0
140,5923,4.0
140,21876,4.0
140,24266,5.0
140,9942,4.0
140,6951,4.0
140,2034,4.0
140,30295,4.0
140,3172,4.0
140,1018,4.0
140,984,4.0
140,14811,4.5
140,167,4.0
140,11457,4.0
140,585,4.0
140,1999,4.0
140,39938,4.0
140,453,5.0
140,855,4.0
140,10950,4.0
140,1365,4.0
140,651,4.0
140,11362,4.0
140,11528,4.0
140,10592,4.0
140,32030,4.0
140,425,4.0
140,14635,4.0
140,11560,4.0
140,8346,5.0
140,1894,4.0
140,2501,4.0
140,4147,4.0
140,8665,4.0
140,10859,4.0
140,5917,4.0
140,11524,5.0
140,121,4.0
140,640,4.0
140,41164,4.0
140,6016,4.0
140,12,4.0
140,9654,5.0
140,5921,4.0
140,10243,4.0
140,6643,4.5
140,2055,4.0
140,891,4.0
140,11046,4.0
140,10536,5.0
140,8619,5.0
140,11092,5.0
140,11509,4.0
140,916,5.0
140,6964,4.0
140,122,5.0
140,2289,4.5
140,14292,4.0
140,4909,4.0
140,12651,4.0
140,9806,4.5
140,179,4.0
140,70,4.5
140,1640,4.5
140,1895,4.0
140,921,4.0
140,1667,4.5
140,8292,4.5
140,15487,4.0
140,231,4.0
140,411,4.0
140,9918,5.0
140,9912,4.0
140,13751,4.0
140,36557,4.0
140,1372,4.0
141,862,4.0
141,11,4.0
141,680,4.0
141,278,4.0
141,13,4.0
141,8587,4.0
141,8005,4.0
141,812,4.0
141,2300,4.0
141,1892,4.5
141,782,4.0
141,115,4.0
141,2108,4.0
141,857,4.0
141,9487,4.0
141,1542,4.0
141,550,5.0
141,957,4.0
141,863,4.5
141,926,4.0
141,11287,4.0
141,287,5.0
141,879,4.0
141,11977,5.0
141,98,5.0
141,2609,4.5
141,107,4.5
141,134,4.5
141,808,4.0
141,585,4.0
141,161,4.0
141,120,4.0
141,180,4.0
141,129,4.5
141,12,4.5
141,22,4.0
141,587,4.5
141,122,4.0
141,673,4.0
141,9472,4.5
141,594,4.0
141,8699,4.5
141,747,4.0
141,9806,4.5
141,674,4.5
141,752,5.0
141,1262,5.0
141,4638,5.0
141,155,5.0
141,10681,5.0
141,14160,5.0
141,767,4.0
141,10193,4.0
141,37799,5.0
141,49026,4.0
141,68718,5.0
141,120467,5.0
141,157336,5.0
141,264660,4.5
141,293660,5.0
141,150540,4.5
141,281957,4.0
142,9598,4.0
142,687,4.0
142,807,4.0
142,629,5.0
142,568,5.0
142,8963,5.0
142,8984,4.0
142,11593,4.0
142,680,5.0
142,1587,4.0
142,3049,4.0
142,13,4.0
142,8587,4.0
142,854,4.0
142,1637,4.0
142,36955,4.0
142,11566,4.0
142,5503,4.0
142,9386,4.0
142,9800,4.0
142,424,5.0
142,812,5.0
142,581,4.0
142,274,5.0
142,10020,4.0
143,13,5.0
143,597,4.0
143,15144,5.0
143,2105,4.5
143,36657,4.5
143,808,5.0
143,8835,5.0
143,10229,5.0
143,9919,4.0
143,18736,4.5
143,12,4.0
143,10330,4.0
143,14926,5.0
143,11846,4.0
143,14844,5.0
143,1824,5.0
143,10096,5.0
143,11036,4.0
143,20120,5.0
143,6961,4.0
143,9293,4.0
143,9029,4.0
143,14160,5.0
143,17927,5.0
143,18785,5.0
143,19913,5.0
143,20943,4.0
143,10193,4.0
143,38757,5.0
143,49538,4.0
143,49519,4.0
143,62211,4.0
143,93456,4.0
143,111969,4.0
143,109445,4.0
144,4584,4.0
144,63,4.0
144,807,4.5
144,10530,4.5
144,197,4.5
144,8068,4.0
144,2292,4.0
144,628,4.5
144,241,4.0
144,680,4.0
144,1587,4.0
144,13,4.0
144,712,4.0
144,8587,4.5
144,7984,4.5
144,10057,4.0
144,812,4.5
144,581,5.0
144,274,4.5
144,9802,4.0
144,627,4.0
144,433,4.5
144,15121,4.5
144,454,4.5
144,623,4.0
144,11386,4.0
144,510,4.0
144,89,4.0
144,9390,4.0
144,4232,4.0
144,10144,4.0
144,87,4.0
144,73,5.0
144,603,4.0
144,2105,4.0
144,745,4.0
144,14,4.0
144,550,4.0
144,497,4.0
144,98,4.0
144,146,4.5
144,392,4.5
144,77,5.0
144,808,5.0
144,194,4.0
144,120,4.5
144,129,4.0
144,121,4.5
144,12,5.0
144,22,5.0
144,470,4.0
144,11634,4.0
144,122,4.5
144,809,5.0
144,673,4.0
144,1653,5.0
144,10978,4.0
145,862,5.0
145,629,5.0
145,103,4.0
145,8963,4.0
145,680,4.0
145,812,4.0
145,581,4.0
145,10020,4.0
146,63,5.0
146,2925,4.0
146,12230,4.0
146,2275,4.0
146,1700,4.0
146,1551,4.0
146,1824,4.5
146,1280,5.0
146,1491,4.0
147,11862,4.5
147,8068,4.5
147,8984,5.0
147,9255,4.0
147,10057,4.5
147,319,4.5
147,9277,4.5
147,168,5.0
147,2322,4.0
147,2255,5.0
147,6488,4.5
148,13,4.0
148,824,4.0
148,671,4.0
148,672,4.0
148,673,4.0
148,9833,5.0
148,4935,4.0
148,4348,5.0
148,674,4.0
148,752,4.0
148,675,4.0
148,10681,4.5
148,14160,4.0
148,767,4.0
148,19995,4.0
148,22538,4.0
148,12444,4.0
148,38757,4.5
148,12445,4.0
148,24428,4.0
148,81188,4.5
148,140420,5.0
148,137106,4.0
148,100402,4.0
148,205596,4.5
148,76341,4.0
148,150540,4.0
148,269149,4.0
148,399106,4.5
149,63,4.0
149,11,4.0
149,2164,4.0
149,78,4.0
149,11827,5.0
149,9323,4.0
149,935,5.0
149,9327,4.0
149,601,4.0
149,1892,4.0
149,348,5.0
149,218,4.0
149,828,5.0
149,8851,4.0
149,199,4.0
149,75,4.0
149,18,4.0
149,563,5.0
150,949,4.0
150,451,4.0
150,63,5.0
150,687,4.0
150,11448,4.0
150,11000,5.0
150,275,4.0
150,954,4.0
150,9802,4.0
150,602,4.0
150,1645,4.0
150,199,5.0
151,862,5.0
151,9091,4.0
151,2054,4.0
151,9208,4.0
151,47475,4.0
151,9614,5.0
151,11017,4.0
151,25059,4.0
151,19042,4.0
151,2300,4.0
151,9304,4.0
151,664,4.0
151,10535,4.0
151,16299,4.0
151,7095,4.0
151,11543,4.0
151,9268,4.0
151,9327,5.0
151,10779,4.0
151,9294,5.0
151,34170,4.0
151,10830,4.0
151,18862,4.0
151,10478,4.0
151,11015,4.0
151,11412,4.0
151,252,4.0
151,137,5.0
151,9279,4.0
151,3179,5.0
151,2928,4.0
151,9404,4.0
151,8860,4.0
152,807,5.0
152,629,4.5
152,103,5.0
152,680,4.5
152,424,4.5
152,78,4.0
152,274,4.5
152,275,4.0
152,935,5.0
152,238,5.0
152,567,4.0
152,213,4.0
152,510,4.5
152,389,5.0
152,595,4.5
152,769,4.0
152,240,4.0
152,9277,4.0
152,73,5.0
152,603,4.0
152,14,4.0
152,550,5.0
152,598,4.5
152,12698,4.5
152,38,5.0
152,670,4.5
152,582,4.0
152,8321,4.0
152,155,4.0
152,4944,4.0
152,11499,4.0
152,11321,4.0
152,12163,4.5
152,12162,5.0
152,22947,4.0
152,10315,4.5
152,39452,4.0
152,58496,4.5
152,167966,4.5
152,46738,4.0
152,64690,4.0
152,60308,4.0
152,103663,4.0
152,264660,4.5
153,207,4.5
153,1633,4.0
153,37165,4.5
153,489,4.0
153,3558,4.0
153,641,4.0
153,392,4.0
153,77,4.0
153,141,4.5
153,194,5.0
153,590,4.0
153,587,4.0
153,1278,4.0
153,38,5.0
153,401,4.5
153,340,4.0
153,69,4.0
153,752,4.0
153,773,4.0
153,5915,5.0
153,7326,4.0
153,13198,4.5
153,50014,4.0
153,74643,5.0
153,83666,5.0
153,152584,4.0
153,76203,4.0
153,152532,4.0
153,152601,4.0
153,120467,4.0
153,85350,4.0
153,264644,4.5
153,334533,4.5
153,398818,4.5
153,406997,4.0
154,13,5.0
154,601,5.0
154,489,5.0
154,671,5.0
154,14160,5.0
154,767,5.0
154,22794,5.0
154,19995,5.0
154,10191,5.0
154,10138,4.0
154,27205,5.0
154,12444,5.0
154,24428,5.0
154,59967,5.0
154,81188,5.0
154,80274,4.0
154,137106,5.0
154,157336,5.0
154,100402,5.0
154,118340,5.0
154,190859,4.0
154,177572,5.0
154,207703,5.0
154,99861,5.0
154,102899,5.0
154,293660,5.0
154,269149,4.5
154,329865,4.5
155,11,4.0
155,11381,4.0
155,11310,4.0
155,679,4.0
155,607,4.0
155,9452,4.0
155,3050,4.0
155,95,4.0
155,544,4.0
155,857,4.0
155,9487,4.0
155,1542,5.0
155,1893,5.0
155,4806,4.0
155,10975,5.0
155,550,4.0
155,1832,4.0
155,926,4.0
155,15489,4.0
155,2067,4.0
155,3536,4.0
155,98,4.0
155,10567,5.0
155,479,4.0
155,7450,4.0
155,36657,4.0
156,862,4.0
156,4584,4.0
156,8012,5.0
156,451,4.0
156,9598,4.0
156,577,4.0
156,629,4.0
156,11010,4.0
156,103,4.0
156,568,4.0
156,649,5.0
156,2292,4.0
156,522,4.0
156,241,4.0
156,680,5.0
156,278,4.5
156,16771,5.0
156,57834,4.0
156,14291,4.0
156,12519,4.0
156,78,4.0
156,11446,4.0
156,274,4.0
156,114,4.0
156,275,5.0
156,10539,4.0
156,935,5.0
156,22621,4.0
156,627,4.0
156,26748,4.0
156,47907,4.0
156,238,5.0
156,9303,5.0
156,22479,4.0
156,981,5.0
156,567,5.0
156,3078,5.0
156,213,5.0
156,239,5.0
156,289,5.0
156,963,5.0
156,630,4.0
156,599,4.0
156,15,5.0
156,62,4.5
156,303,5.0
156,381,5.0
156,1859,5.0
156,3080,5.0
156,13562,5.0
156,488,4.0
156,9401,4.0
156,15121,4.5
156,10218,4.0
156,11561,4.0
156,623,4.0
156,475,5.0
156,500,4.0
156,11386,4.0
156,762,5.0
156,11216,4.0
156,18129,5.0
156,510,4.0
156,85,4.0
156,68,5.0
156,947,4.0
156,185,5.0
156,595,4.0
156,28,4.0
156,1092,5.0
156,769,4.0
156,11645,5.0
156,539,4.5
156,240,4.0
156,600,4.5
156,10705,4.0
156,279,4.5
156,703,5.0
156,9277,4.0
156,490,4.0
156,11235,4.0
156,696,5.0
156,37247,5.0
156,1480,5.0
156,422,5.0
156,829,4.0
156,3063,5.0
156,11778,4.0
156,137,5.0
156,982,4.0
156,903,4.0
156,910,5.0
156,11031,4.0
156,11314,4.0
156,10322,4.0
156,625,5.0
156,145,5.0
156,12498,4.0
156,378,4.0
156,9361,4.0
156,49462,5.0
156,2118,5.0
156,9427,4.0
156,45609,5.0
156,38904,4.0
156,489,4.0
156,184,4.0
156,16980,5.0
156,544,4.0
156,746,4.0
156,380,4.0
156,13820,4.0
156,15389,5.0
156,346,5.0
156,907,4.0
156,793,5.0
156,10693,4.0
156,23954,5.0
156,12761,5.0
156,845,4.0
156,13321,4.0
156,37916,5.0
156,10403,5.0
156,30197,4.0
156,2657,4.0
156,10002,4.0
156,309,5.0
156,8130,4.0
156,9447,4.0
156,1934,4.0
156,9326,4.0
156,1847,5.0
156,9451,4.0
156,104,5.0
156,345,4.0
156,1628,5.0
156,11120,4.0
156,912,4.0
156,12185,4.0
156,14,4.5
156,14412,4.0
156,17352,4.0
156,492,5.0
156,476,4.0
156,961,5.0
156,11878,5.0
156,11663,4.0
156,2039,4.0
156,11787,4.0
156,5156,4.0
156,52470,5.0
156,31121,5.0
156,777,5.0
156,25188,5.0
156,334,4.0
156,926,4.5
156,1213,4.0
156,14886,4.0
156,16672,5.0
156,11004,4.5
156,24481,4.0
156,462,4.5
156,1541,4.0
156,24748,4.0
156,990,5.0
156,42237,5.0
156,243,4.5
156,85689,4.0
156,593,5.0
156,10774,4.0
156,29786,4.0
156,11356,4.0
156,1443,4.0
156,962,4.0
156,3133,4.0
156,11694,4.0
156,786,4.0
156,134,4.0
156,21991,4.5
156,77,4.5
156,11826,4.5
156,269,5.0
156,194,4.0
156,9428,4.5
156,5279,4.5
156,651,4.0
156,9685,4.0
156,21828,4.0
156,11644,4.0
156,12454,4.5
156,2757,4.5
156,1574,4.5
156,455,4.5
156,13370,4.0
156,8326,4.0
156,11516,4.5
156,12,4.0
156,3009,5.0
156,216,4.0
156,22,4.0
156,4593,5.0
156,6619,4.0
156,153,4.5
156,11832,4.0
156,470,4.5
156,10147,4.0
156,1643,5.0
156,2000,4.5
156,7857,4.0
156,10744,4.0
156,11023,4.0
156,133919,4.5
156,1786,4.0
156,28257,5.0
156,32044,4.0
156,33766,4.0
157,424,5.0
157,11543,5.0
157,105,4.0
157,380,4.0
157,2112,4.0
157,817,4.0
157,550,5.0
157,856,4.0
157,14181,4.0
157,2123,5.0
158,9067,4.0
158,9276,4.0
158,2112,5.0
158,1911,4.5
158,2069,4.0
158,170,4.0
158,9282,4.0
158,1562,4.0
158,13197,4.5
158,4832,4.0
159,862,4.5
159,568,4.0
159,278,4.5
159,13,4.0
159,251,4.0
159,114,4.0
159,88,4.0
159,2493,4.0
159,137,4.5
159,639,4.5
159,489,5.0
159,14,4.0
159,863,4.5
159,634,5.0
159,808,4.0
159,585,4.0
159,8346,4.0
159,310,4.0
159,12,4.5
159,508,4.5
159,616,4.0
159,809,4.0
159,11036,4.0
159,70,4.0
159,350,4.0
159,1402,5.0
159,7326,5.0
159,4922,4.0
159,10201,4.0
159,14306,5.0
159,19913,5.0
159,22881,5.0
159,19995,4.0
159,34016,4.0
159,10193,5.0
159,59440,4.0
159,68734,4.5
159,122906,5.0
159,257211,4.5
159,127380,4.5
159,381284,5.0
160,862,4.0
160,8844,4.0
160,63,5.0
160,9598,5.0
160,807,5.0
160,629,4.0
160,9102,4.0
160,8447,5.0
160,197,4.0
160,103,5.0
160,568,5.0
160,281,5.0
160,11,5.0
160,241,5.0
160,680,5.0
160,9495,5.0
160,8587,5.0
160,854,5.0
160,9255,4.0
160,424,5.0
160,78,5.0
160,9479,5.0
160,280,5.0
160,268,4.0
160,408,5.0
160,10895,4.0
160,275,5.0
160,8840,4.0
160,10539,4.0
160,11687,4.0
160,10547,4.0
160,627,5.0
160,10546,4.0
160,10061,4.0
160,238,5.0
160,426,4.0
160,567,4.0
160,62,5.0
160,173,5.0
160,11224,5.0
160,433,4.0
160,454,5.0
160,792,5.0
160,892,4.0
160,409,4.0
160,1412,5.0
160,1891,4.0
160,68,5.0
160,28,5.0
160,1892,5.0
160,769,4.0
160,240,5.0
160,600,4.0
160,218,4.0
160,9665,4.0
160,105,5.0
160,11673,5.0
160,11031,4.0
160,639,4.0
160,8077,5.0
160,6114,5.0
160,75,4.0
160,10549,5.0
160,784,4.0
160,884,5.0
160,8413,5.0
160,10155,5.0
160,782,5.0
160,19931,4.0
160,6283,5.0
160,27103,5.0
160,2666,5.0
160,609,4.0
160,9552,5.0
160,941,4.0
160,943,4.0
160,927,4.0
160,165,4.0
160,196,4.0
160,3170,5.0
160,242,5.0
160,857,5.0
160,9325,4.0
160,10144,5.0
160,10693,4.0
160,11336,5.0
160,1955,4.0
160,39437,5.0
160,637,5.0
160,8675,4.0
160,10029,5.0
160,8741,5.0
160,9426,4.0
160,603,4.0
160,1924,4.0
160,2667,5.0
160,620,4.0
160,2978,4.0
160,745,5.0
160,19457,5.0
160,813,4.0
160,10307,5.0
160,14,5.0
160,861,4.0
160,550,4.5
160,5548,4.0
160,856,4.0
160,492,5.0
160,11886,4.0
160,2668,5.0
160,99,5.0
160,497,4.0
160,334,4.5
160,14919,5.0
160,4816,5.0
160,622,4.0
160,28463,4.0
160,820,4.0
160,462,4.0
160,106,4.0
160,98,5.0
160,5491,4.0
160,10642,4.0
160,11368,5.0
160,169,5.0
160,865,4.0
160,8810,4.0
160,9355,4.0
160,7443,5.0
160,4247,5.0
160,14195,5.0
160,37136,4.0
160,16,5.0
160,1597,4.5
160,9741,4.0
160,146,5.0
160,107,4.5
160,5001,5.0
160,11973,5.0
160,1900,5.0
160,20637,5.0
160,634,4.0
160,808,4.0
160,644,4.0
160,11444,5.0
160,9517,5.0
160,10016,4.5
160,9428,4.5
160,180,4.5
160,2675,4.0
160,1574,5.0
160,590,5.0
160,8094,5.0
160,122,5.0
161,862,4.0
161,10530,4.0
161,11777,4.0
161,278,5.0
161,532,5.0
161,872,4.5
161,10537,4.0
161,531,5.0
161,530,5.0
161,9277,4.0
161,11314,4.5
161,16081,5.0
161,564,4.0
161,54825,5.0
161,243,4.0
161,7443,5.0
161,1734,4.0
161,1648,5.0
161,1649,5.0
161,24348,4.5
161,11708,5.0
161,533,5.0
161,1491,4.0
161,1267,4.0
162,524,5.0
162,4584,5.0
162,9909,4.0
162,687,5.0
162,629,4.0
162,2054,5.0
162,9737,5.0
162,568,4.0
162,414,4.0
162,1909,4.0
162,9587,5.0
162,4476,4.0
162,11318,5.0
162,10510,5.0
162,8438,5.0
162,6950,4.0
162,278,5.0
162,13,5.0
162,10449,5.0
162,9800,5.0
162,713,4.0
162,1245,5.0
162,424,5.0
162,10445,5.0
162,581,4.0
162,268,4.0
162,275,5.0
162,10545,4.0
162,9294,5.0
163,10603,4.0
163,9772,4.0
163,2649,4.0
163,489,4.0
163,2898,4.0
164,197,5.0
164,329,5.0
164,280,5.0
164,602,5.0
164,562,5.0
164,11412,4.0
164,601,5.0
164,744,5.0
164,1891,4.0
164,85,5.0
164,679,5.0
164,429,5.0
164,1892,4.0
164,218,5.0
164,89,5.0
164,199,4.0
164,607,5.0
164,87,4.0
164,1924,4.0
164,16535,5.0
164,106,5.0
164,98,5.0
164,682,5.0
164,10911,5.0
164,146,4.0
164,12481,5.0
165,197,4.0
165,13701,4.0
165,9359,4.0
165,1637,4.0
165,329,4.0
165,268,4.0
165,213,4.0
165,2756,4.0
165,1891,4.0
165,2493,5.0
165,85,5.0
165,89,5.0
165,346,4.0
165,117,4.0
165,9798,4.0
165,603,4.0
165,9869,4.0
165,146,4.0
165,90,4.0
165,161,5.0
165,425,4.0
165,245,4.0
165,2501,4.0
165,11544,4.0
165,180,4.0
165,14651,5.0
165,2675,4.0
165,2757,4.0
165,121,5.0
165,640,4.0
165,1574,4.0
165,11635,4.0
166,862,5.0
166,710,4.5
166,4584,4.0
166,63,4.0
166,807,4.0
166,629,5.0
166,11,4.5
166,101,4.5
166,680,4.5
166,278,4.5
166,9495,4.0
166,13,4.0
166,424,4.5
166,812,5.0
166,274,4.0
166,275,4.5
166,627,4.0
166,238,4.5
166,15,4.5
166,562,4.0
166,500,4.0
166,601,4.0
166,510,4.0
166,1891,4.5
166,2493,4.5
166,85,4.5
166,185,4.0
166,1892,5.0
166,348,4.0
166,240,4.5
166,279,4.5
166,9277,4.0
166,379,4.5
166,37247,4.0
166,9322,4.5
166,694,4.0
166,137,4.0
166,903,4.5
166,89,4.5
166,9366,4.0
166,9434,5.0
166,607,4.0
166,2118,4.5
166,37165,5.0
166,489,4.5
166,380,4.0
166,857,4.5
166,87,4.0
166,36647,4.0
166,637,4.5
166,73,5.0
166,9798,4.0
166,603,4.0
166,745,4.0
166,14,4.0
166,658,4.0
166,391,4.5
166,550,4.5
166,492,4.5
166,128,5.0
166,863,4.5
166,497,4.0
166,334,4.0
166,14919,4.5
166,990,4.5
166,243,4.0
166,938,4.0
166,641,4.0
166,107,4.5
166,8358,4.0
166,134,4.5
166,77,5.0
166,808,4.5
166,768,4.0
166,141,4.0
166,585,4.0
166,161,4.5
166,194,5.0
166,1576,4.0
166,557,4.5
166,2501,4.5
166,180,4.0
166,4147,4.0
166,129,4.5
166,8051,4.5
166,12477,5.0
166,121,4.5
166,640,4.0
166,36658,4.5
166,12,4.5
166,170,4.5
166,153,5.0
166,24,4.5
166,508,4.5
166,79,4.5
166,37719,4.5
166,616,4.5
166,122,5.0
166,38,5.0
166,1487,4.0
166,393,4.5
166,809,4.0
166,558,5.0
166,2502,5.0
166,401,5.0
166,1538,5.0
166,4553,4.0
166,9806,4.5
166,16859,5.0
166,205,4.0
166,561,4.0
166,187,5.0
166,1640,5.0
166,1895,4.0
166,272,5.0
166,9522,4.0
166,6957,4.0
166,59,4.5
166,3291,4.0
166,752,4.5
166,36668,4.5
166,1452,5.0
166,773,4.0
166,1262,4.5
166,11652,4.0
166,1776,4.5
166,1422,5.0
166,9693,4.5
166,36557,5.0
166,1372,4.0
166,4169,4.5
166,1271,4.0
166,7485,4.5
166,675,4.5
166,35,4.0
166,2503,5.0
166,5176,4.5
167,9614,4.0
167,568,4.0
167,2293,4.0
167,2292,5.0
167,11,4.0
167,278,5.0
167,9495,5.0
167,3065,4.0
167,503475,4.0
167,532,5.0
167,627,4.5
167,252,4.5
167,762,4.0
167,531,5.0
167,1891,4.5
167,2493,4.5
167,85,4.0
167,1892,4.0
167,766,5.0
167,525,4.5
167,3034,4.0
167,89,4.5
167,18,5.0
167,2255,4.0
167,115,4.0
167,2666,4.5
167,13597,4.5
167,10437,4.5
167,11639,4.0
167,10220,4.5
167,15196,4.0
167,1542,5.0
167,813,4.0
167,1832,5.0
167,9647,4.0
167,8374,4.5
167,11176,4.5
167,14900,4.0
167,11977,4.0
167,7443,5.0
167,36657,5.0
167,107,5.0
167,11688,4.0
167,808,4.5
167,11959,4.0
167,585,4.5
167,671,4.5
167,161,4.5
167,120,5.0
167,10950,4.5
167,15999,4.0
167,425,4.0
167,557,4.0
167,2501,4.5
167,12921,4.5
167,672,4.5
167,121,4.5
167,11299,5.0
167,36658,4.5
167,22,4.5
167,14282,4.0
167,587,4.5
167,122,4.5
167,876,5.0
167,809,4.0
167,673,4.5
167,8193,4.0
167,558,4.0
167,747,4.5
167,9806,4.5
167,272,5.0
167,16320,5.0
167,533,5.0
167,674,4.5
167,411,4.0
167,752,4.5
168,103,4.5
168,18183,4.5
168,680,4.5
168,236,4.0
168,13,4.0
168,10895,4.5
168,275,5.0
168,532,4.5
168,935,5.0
168,1645,4.0
168,238,5.0
168,426,4.5
168,213,5.0
168,289,4.5
168,963,4.5
168,15,5.0
168,1585,4.5
168,521,5.0
168,500,5.0
168,531,4.5
168,11216,5.0
168,510,4.5
168,429,5.0
168,389,5.0
168,595,5.0
168,28,5.0
168,335,4.5
168,1092,5.0
168,769,5.0
168,539,4.0
168,240,5.0
168,600,4.5
168,279,4.5
168,387,4.5
168,696,4.5
168,37247,5.0
168,1480,5.0
168,829,5.0
168,5925,4.5
168,11778,5.0
168,212,4.5
168,903,4.5
168,2323,4.0
168,642,4.5
168,2118,4.5
168,184,4.5
168,143,4.5
168,10633,5.0
168,346,4.5
168,793,4.5
168,36685,4.5
168,14,5.0
168,6415,4.5
168,492,4.5
168,11878,5.0
168,25188,5.0
168,11016,4.5
168,968,4.5
168,838,4.5
168,3082,4.0
168,13776,4.5
168,938,5.0
168,592,4.5
168,1052,4.0
168,11697,5.0
168,548,5.0
168,598,4.5
168,936,4.0
168,12698,4.5
168,11194,5.0
168,29084,4.5
168,11030,4.5
168,1786,4.5
168,28257,5.0
168,9675,5.0
168,17185,5.0
168,17295,4.5
168,205,4.0
168,20271,5.0
168,582,5.0
168,1523,4.5
168,6977,4.5
168,8321,4.0
168,16869,5.0
168,25376,4.5
168,15362,4.5
168,55725,4.5
169,862,4.5
169,8844,4.0
169,15602,5.0
169,11862,5.0
169,11860,4.5
169,9087,4.0
169,9598,4.0
169,11359,4.0
169,2054,5.0
169,48750,4.0
169,9614,5.0
169,568,4.5
169,1642,4.0
169,8467,4.5
169,10510,4.5
169,11395,5.0
169,278,5.0
169,11381,4.5
169,2064,4.0
169,13,4.5
169,8587,4.5
169,1637,4.5
169,11566,4.0
169,5503,4.0
169,329,4.0
169,788,5.0
169,14534,5.0
169,424,5.0
169,858,4.5
169,771,5.0
169,812,5.0
169,408,4.5
169,10020,5.0
169,114,4.0
169,9099,4.5
169,10539,4.0
169,9304,4.0
169,664,4.0
169,10545,4.0
169,9327,4.5
169,10478,4.5
169,872,5.0
169,11113,5.0
169,909,4.0
169,630,5.0
169,20758,5.0
169,1585,5.0
169,11224,4.0
169,433,5.0
169,15121,5.0
169,9591,4.5
169,252,5.0
169,11575,4.0
169,88,4.5
169,601,4.0
169,762,5.0
169,2493,4.0
169,525,4.0
169,207,5.0
169,137,4.0
169,105,4.0
169,756,4.0
169,11031,4.0
169,2323,4.5
169,639,4.0
169,621,4.5
169,9390,5.0
169,4232,4.0
169,8818,4.0
169,16052,4.0
169,816,4.0
169,8874,4.5
169,10890,4.0
169,37165,5.0
169,597,5.0
169,11003,4.0
169,3050,4.0
169,544,4.0
169,1725,5.0
169,380,4.5
169,403,4.5
169,165,4.5
169,196,4.5
169,32611,4.0
169,857,5.0
169,9631,4.5
169,10144,4.0
169,15300,4.5
169,10693,4.5
169,2657,4.5
169,9837,4.5
169,13466,5.0
169,1542,5.0
169,16520,4.5
169,603,4.5
169,11355,4.5
169,1893,4.0
169,817,5.0
169,2105,5.0
169,2667,4.0
169,4806,4.5
169,745,4.0
169,813,4.5
169,2665,5.0
169,11153,4.5
169,850,5.0
169,535,5.0
169,957,4.0
169,863,4.5
169,497,4.5
169,49948,4.0
169,334,5.0
169,2005,4.5
169,15655,4.5
169,2069,4.5
169,462,4.5
169,8469,4.0
169,801,4.0
169,10468,4.5
169,4967,5.0
169,11977,4.5
169,10560,5.0
169,2133,4.0
169,1788,4.0
169,10276,4.0
169,13785,4.5
169,10637,5.0
169,1597,5.0
169,71,5.0
169,8871,5.0
169,3981,4.5
169,8358,4.5
169,1493,4.0
169,15739,4.5
169,9816,4.5
169,2018,4.0
169,62127,4.0
169,634,4.0
169,808,5.0
169,824,5.0
169,676,4.5
169,10615,4.5
169,11467,4.5
169,2770,4.5
169,9896,4.0
169,11576,4.0
169,9778,4.0
169,14811,5.0
169,11457,4.0
169,585,5.0
169,9889,4.0
169,671,4.5
169,3537,5.0
169,10847,4.5
169,161,4.5
169,1903,4.0
169,11232,4.0
169,120,4.5
169,11086,4.5
169,453,4.5
169,10950,4.5
169,11528,4.0
169,2752,4.0
169,425,4.0
169,15647,4.0
169,14635,4.5
169,8346,4.5
169,557,4.0
169,245,4.5
169,1894,4.5
169,4614,4.0
169,9583,4.0
169,11544,4.5
169,180,4.0
169,4147,4.5
169,14902,4.0
169,818,4.5
169,2675,4.0
169,11529,4.0
169,9012,4.5
169,672,4.5
169,17187,4.5
169,13497,4.0
169,7303,4.0
169,2755,4.0
169,121,4.5
169,2642,4.0
169,640,5.0
169,1574,5.0
169,423,4.5
169,9919,4.5
169,11635,4.5
169,455,4.0
169,10735,4.0
169,16636,5.0
169,22016,4.0
169,1816,5.0
169,604,4.0
169,310,4.5
169,12,5.0
169,22,4.5
169,4464,5.0
169,33339,4.5
169,8273,4.5
169,153,4.5
169,10934,4.0
169,10719,5.0
169,11846,5.0
169,12545,4.5
169,3062,5.0
169,616,4.5
169,587,4.0
169,122,5.0
169,9352,4.0
169,615,5.0
169,11137,4.0
169,2122,5.0
169,13936,5.0
169,18283,5.0
169,809,5.0
169,594,4.0
169,8699,5.0
169,6947,4.5
170,9598,5.0
170,10530,4.0
170,197,4.0
170,8963,4.0
170,6520,4.0
170,9804,4.0
170,4476,4.0
170,1945,4.0
170,278,5.0
170,2064,4.0
170,13,4.0
170,1637,4.0
170,788,4.0
170,858,4.0
170,11969,4.0
170,251,4.0
170,581,4.0
170,274,4.0
170,114,4.0
171,862,5.0
171,451,5.0
171,902,5.0
171,63,5.0
171,687,4.0
171,807,5.0
171,400,5.0
171,103,5.0
171,11000,5.0
171,8068,5.0
171,9071,5.0
171,522,4.0
171,11,4.0
171,527,5.0
171,680,5.0
171,11395,4.0
171,278,5.0
171,36955,5.0
171,1607,5.0
171,7984,4.0
171,9593,5.0
171,788,4.0
171,78,5.0
171,9479,4.0
171,319,5.0
171,268,5.0
171,274,5.0
171,10895,5.0
171,275,5.0
171,10539,5.0
171,10990,5.0
171,922,5.0
171,503475,5.0
171,10280,4.0
171,9826,5.0
171,602,4.0
171,9894,4.0
171,26748,5.0
171,38223,5.0
171,9294,4.0
171,18975,4.0
171,238,5.0
171,11134,5.0
171,22479,4.0
171,426,5.0
171,630,4.0
171,18203,5.0
171,9078,4.0
171,27845,5.0
171,252,5.0
171,623,5.0
171,583,5.0
171,500,5.0
171,702,5.0
171,762,5.0
171,531,5.0
171,18919,5.0
171,510,5.0
171,1891,4.0
171,2493,4.0
171,85,5.0
171,429,5.0
171,28,5.0
171,1892,5.0
171,348,5.0
171,525,5.0
171,279,4.0
171,207,5.0
171,235,5.0
171,105,5.0
171,903,5.0
171,89,5.0
171,642,4.0
171,11674,5.0
171,75,5.0
171,28059,5.0
171,651,4.0
172,10510,4.5
172,424,4.5
172,274,4.0
172,11843,4.5
172,1892,4.5
172,105,4.0
172,377,4.0
172,9340,4.0
172,11974,4.0
172,745,4.5
172,11353,4.0
172,9647,5.0
172,98,4.0
172,393,4.0
173,4584,4.0
173,11000,4.0
173,568,4.0
173,17447,5.0
173,193,4.0
173,13,5.0
173,712,5.0
173,329,4.0
173,788,4.0
173,424,5.0
174,9087,5.0
174,9598,4.0
174,9603,4.0
174,568,5.0
174,1642,5.0
174,397,5.0
174,628,5.0
174,1945,5.0
174,6950,4.0
174,2164,5.0
174,11381,4.0
174,1587,4.0
174,3049,5.0
174,9331,4.0
174,10731,4.0
174,9359,4.0
174,11566,4.0
174,37233,5.0
174,5503,5.0
174,9386,4.0
174,329,5.0
174,8005,5.0
174,858,5.0
174,11969,5.0
174,251,5.0
174,812,4.0
174,280,4.0
174,581,4.0
174,268,5.0
174,114,4.0
174,954,5.0
174,664,5.0
175,30197,4.0
175,10560,5.0
175,1788,5.0
175,10647,4.5
175,14844,5.0
175,11247,4.5
175,14024,5.0
175,13374,5.0
175,9763,5.0
175,12763,5.0
175,1887,4.0
175,9762,5.0
175,6557,4.0
175,8328,4.0
176,710,5.0
176,807,5.0
176,197,5.0
176,568,4.0
176,8963,4.0
176,1572,4.0
176,6520,5.0
176,8467,4.0
176,2164,4.0
176,278,5.0
176,193,5.0
176,9331,4.0
176,9359,4.0
176,1637,4.0
176,36955,5.0
176,12160,4.0
176,9350,4.0
176,37233,4.0
176,5503,5.0
176,11934,5.0
176,11969,5.0
176,280,5.0
176,581,4.0
176,274,5.0
176,9802,5.0
176,602,4.0
177,862,5.0
177,9603,4.0
177,807,4.5
177,629,4.0
177,568,4.0
177,649,4.0
177,628,4.0
177,19101,4.0
177,680,5.0
177,11395,4.5
177,278,5.0
177,2064,4.0
177,3049,4.0
177,13,5.0
177,10714,4.0
177,8587,4.0
177,788,5.0
177,8005,4.0
177,424,4.5
177,9479,4.0
177,812,4.0
177,274,5.0
177,408,4.0
177,10020,5.0
177,114,4.5
177,275,4.0
177,10112,4.0
177,954,4.0
177,664,4.0
177,935,4.0
177,10830,5.0
177,238,5.0
177,981,5.0
177,872,5.0
177,164,5.0
177,426,4.0
177,567,5.0
177,3078,4.0
177,13528,4.0
177,284,5.0
177,239,5.0
177,4808,4.0
177,289,5.0
177,11113,4.0
177,6620,5.0
177,804,5.0
177,909,4.0
177,630,5.0
177,599,5.0
177,705,5.0
177,223,5.0
177,8356,5.0
177,198,4.0
177,1712,5.0
177,1585,4.5
177,3083,4.0
177,900,5.0
177,261,5.0
177,11224,5.0
177,9078,4.0
177,433,4.0
177,11360,4.0
177,562,4.0
177,11238,4.0
177,252,5.0
177,500,4.0
177,15764,4.5
177,702,5.0
177,762,4.5
177,531,4.0
177,510,4.0
177,2493,5.0
177,389,4.5
177,595,5.0
177,769,4.0
177,539,5.0
177,240,4.0
177,530,4.0
177,9665,4.0
177,696,4.0
177,37247,5.0
177,829,4.0
177,3063,4.5
177,694,4.0
177,137,4.0
177,105,5.0
177,1633,4.0
177,756,4.0
177,288,4.0
177,814,4.0
177,571,4.0
177,4232,4.0
177,10549,5.0
177,9611,4.5
177,11970,4.0
177,489,5.0
177,597,5.0
177,9313,5.0
177,1965,4.0
177,33680,4.0
177,12311,4.0
177,27367,4.0
177,28580,4.0
177,887,5.0
177,654,5.0
177,12102,5.0
177,380,5.0
177,403,4.5
177,609,4.0
177,165,4.0
177,10340,4.0
177,12230,5.0
177,10693,4.0
177,11319,4.0
177,10882,4.0
177,9454,5.0
177,396,4.0
177,805,4.0
177,4011,4.0
177,2760,4.0
177,2028,4.0
177,30197,4.0
177,1890,4.0
177,6435,4.5
177,1934,5.0
177,4951,4.5
177,620,4.0
177,10776,4.0
177,2280,5.0
177,850,5.0
177,14,4.0
177,9377,4.0
177,550,4.0
177,856,4.5
177,961,5.0
177,11886,4.0
177,1832,4.0
177,11787,4.0
177,11393,4.0
177,8374,4.0
177,462,4.0
177,1541,4.0
177,1879,5.0
177,879,5.0
177,1700,4.0
177,10468,4.0
177,1359,4.0
177,1443,4.0
177,2133,4.0
177,36657,4.5
177,93,4.0
177,10860,4.0
177,1597,4.0
177,10647,5.0
177,11688,5.0
177,2018,4.0
177,9476,4.0
177,808,4.0
177,824,4.0
177,10865,4.0
177,8835,4.0
177,9880,4.0
177,585,5.0
177,671,5.0
177,32847,4.5
177,161,4.0
177,11232,4.0
177,453,4.0
177,10229,4.5
177,1957,4.5
177,11544,4.0
177,180,5.0
177,2675,4.0
177,11529,4.0
177,672,5.0
177,7303,4.0
177,2642,4.0
177,8392,4.0
177,640,4.5
177,1574,4.0
177,9919,4.5
177,12,4.0
177,9654,4.5
177,43828,4.0
177,14551,4.0
177,22,5.0
177,8698,4.0
177,7270,4.5
177,153,4.0
177,3087,4.0
177,322,4.0
177,13920,4.0
177,508,5.0
177,1976,4.0
177,25431,5.0
177,5966,4.0
177,1824,4.0
177,38,4.0
177,9541,4.0
177,14442,4.0
177,10625,5.0
177,809,4.0
177,9372,4.5
177,13696,4.0
177,2502,4.0
177,27437,4.0
177,62694,4.0
177,6947,4.0
177,1538,4.0
177,9806,4.0
177,866,4.0
177,2059,4.0
177,626,4.0
177,43307,5.0
177,670,4.0
177,70,5.0
177,205,4.0
177,1640,4.0
177,272,4.0
177,11460,4.0
177,4348,4.0
177,69,5.0
177,116,4.0
177,9899,4.0
177,11283,4.0
177,752,5.0
177,9655,5.0
177,9388,4.0
177,388,5.0
177,36668,4.0
177,1781,4.0
177,773,4.5
177,1593,4.0
177,9788,4.0
177,1165,4.0
177,1417,4.0
177,1422,4.0
177,1124,4.5
177,5698,4.0
177,1372,4.0
177,10758,4.0
177,2062,4.0
177,285,4.5
177,3432,4.0
177,675,5.0
177,2503,4.0
177,4982,4.0
177,5123,4.0
177,4523,4.0
177,6537,4.0
177,7326,4.5
177,7350,4.0
177,6637,4.0
177,6538,4.5
177,6023,5.0
177,12184,4.0
177,7985,4.0
177,155,5.0
177,8065,4.0
177,8780,4.0
177,9502,4.0
177,8960,4.0
177,118309,4.0
177,12783,5.0
177,3580,4.0
177,10139,4.0
177,11321,4.5
177,2253,4.0
177,14306,4.0
177,12429,4.0
177,14836,4.0
177,14301,4.0
177,13090,4.0
177,18360,4.0
177,14160,4.0
177,18785,4.0
177,12162,5.0
177,767,5.0
177,20943,4.0
177,24803,4.5
177,19908,5.0
177,30506,4.0
177,22881,4.0
177,22954,4.0
177,10198,4.5
177,22897,4.0
177,10528,4.5
177,25196,4.0
177,11324,5.0
177,10191,5.0
177,12219,5.0
177,10193,5.0
177,20352,4.0
177,27205,5.0
177,27022,4.0
177,22538,5.0
177,37799,4.0
177,37735,5.0
177,38055,4.5
177,12444,5.0
177,45269,5.0
177,38757,5.0
177,45317,4.0
177,44264,4.0
177,10195,4.0
177,202241,4.5
177,55721,4.0
177,59436,4.0
177,49538,4.0
177,12445,5.0
177,1771,4.0
177,50646,4.0
177,50544,4.0
177,50014,4.0
177,39538,4.0
177,60308,4.0
177,24428,4.0
177,74643,5.0
177,44826,4.0
177,70160,4.5
177,49026,4.0
177,58574,4.0
177,54507,4.0
177,59017,5.0
177,62177,4.0
177,1930,4.0
177,114150,5.0
177,68734,5.0
177,86838,4.0
177,82690,4.0
177,82693,4.5
177,87827,4.5
177,72976,4.5
177,82654,4.0
177,62211,5.0
177,109424,5.0
177,76203,4.0
177,152532,5.0
177,101299,4.0
177,109445,5.0
177,140823,4.0
177,157350,4.0
177,102382,4.0
177,137113,4.0
177,222935,5.0
177,82702,4.5
177,210577,4.0
177,118340,5.0
177,190859,4.5
177,177572,5.0
177,205596,4.0
177,131631,5.0
178,862,4.0
178,710,4.0
178,451,4.5
178,807,4.5
178,629,4.5
178,197,4.0
178,8963,4.5
178,9804,4.0
178,680,4.5
178,278,5.0
178,9331,4.0
178,13,4.5
178,712,5.0
178,36955,4.0
178,37233,4.5
178,5503,5.0
178,424,4.5
178,280,4.0
178,581,4.5
178,274,4.5
178,275,4.5
178,510,5.0
178,85,4.0
178,769,4.0
178,218,4.5
178,137,4.5
178,105,4.5
178,9440,4.5
178,9452,4.5
178,857,5.0
178,10220,4.5
178,73,5.0
178,603,4.5
178,11660,4.0
178,9944,4.0
178,14,5.0
178,550,4.5
178,146,4.0
178,2609,4.0
178,77,4.5
178,55,4.0
178,2294,4.0
178,8342,5.0
178,194,5.0
178,120,4.0
178,1391,5.0
178,121,4.0
178,423,4.5
178,598,5.0
178,2260,4.0
178,170,4.5
178,122,4.5
178,38,4.5
178,747,4.0
178,9806,4.0
178,205,4.5
178,276,4.5
178,5236,5.0
178,752,4.5
178,9388,5.0
179,862,4.0
179,15602,4.0
179,5,4.0
179,63,4.0
179,9598,5.0
179,807,4.0
179,11448,4.0
179,9614,4.0
179,197,5.0
179,33542,4.0
179,11000,4.0
179,568,4.0
179,8963,5.0
179,1572,4.0
179,1642,4.0
179,8984,5.0
179,628,4.0
179,241,4.0
179,6950,4.0
179,680,4.0
179,11395,5.0
179,278,5.0
179,9331,4.0
179,13,5.0
179,8587,4.0
179,1637,5.0
179,36955,4.0
179,9350,4.0
179,37233,4.0
179,5503,4.0
179,329,4.0
179,2320,4.0
179,788,4.0
179,280,5.0
179,581,4.0
179,274,4.0
179,275,4.0
179,3065,4.0
179,8866,4.0
179,664,5.0
179,602,5.0
179,9268,4.0
179,819,4.0
180,11,4.5
180,762,4.0
180,1891,4.0
180,2493,4.0
180,85,4.0
180,769,4.5
180,765,4.0
180,2978,4.0
180,10386,4.0
180,550,4.5
180,11977,4.0
180,120,4.5
181,9087,5.0
181,9598,5.0
181,17182,4.0
181,2054,4.0
181,9623,4.0
181,10534,4.0
181,8963,4.0
181,1642,4.0
181,8984,4.0
181,397,4.0
181,9061,4.0
181,10510,4.0
181,2064,4.0
181,9331,4.0
181,10731,4.0
181,13,5.0
181,12280,4.0
181,37233,5.0
181,5503,4.0
181,9386,4.0
181,329,5.0
181,2246,4.0
181,858,4.0
181,251,5.0
181,812,4.0
181,10020,4.0
181,114,4.0
182,862,4.0
182,949,4.5
182,10858,4.0
182,524,5.0
182,4584,4.0
182,5,5.0
182,451,4.5
182,16420,4.0
182,902,4.0
182,63,4.0
182,687,4.5
182,31174,4.5
182,807,4.0
182,629,4.5
182,755,4.5
182,9283,4.0
182,406,4.5
182,103,4.5
182,11000,4.0
182,9071,4.5
182,10149,4.5
182,281,4.0
182,76,4.0
182,2292,4.5
182,522,4.5
182,1024,4.5
182,13701,4.0
182,241,4.5
182,101,4.5
182,680,5.0
182,110,4.5
182,108,4.5
182,278,4.5
182,9905,4.5
182,1587,4.0
182,2759,4.5
182,11382,4.0
182,9495,4.0
182,13,5.0
182,2788,4.0
182,10436,5.0
182,6075,4.5
182,9571,4.0
182,11934,4.5
182,7984,4.5
182,507,4.0
182,11971,4.5
182,10412,4.5
182,424,4.0
182,78,4.0
182,581,4.5
182,274,4.5
182,15477,4.0
182,275,5.0
182,954,4.0
182,922,4.5
182,503475,4.5
182,9323,5.0
182,532,4.5
182,935,5.0
182,11101,4.0
182,627,4.5
182,238,4.5
182,9303,4.0
182,872,5.0
182,164,5.0
182,426,4.5
182,567,4.0
182,213,4.0
182,289,5.0
182,630,4.0
182,62,5.0
182,261,4.0
182,562,4.0
182,10163,4.0
182,819,4.0
182,252,4.0
182,500,5.0
182,792,5.0
182,9504,4.0
182,702,4.5
182,762,4.0
182,531,4.5
182,11216,5.0
182,7452,4.0
182,409,4.0
182,1412,4.0
182,510,4.0
182,68,5.0
182,679,4.5
182,947,4.0
182,185,5.0
182,595,4.5
182,28,5.0
182,769,5.0
182,348,4.5
182,766,4.5
182,175,4.5
182,240,4.5
182,600,5.0
182,10705,5.0
182,279,4.5
182,311,5.0
182,1578,4.5
182,387,4.5
182,490,5.0
182,9665,4.5
182,18971,5.0
182,379,4.5
182,207,4.5
182,422,5.0
182,829,4.0
182,828,4.0
182,694,4.5
182,5925,4.5
182,11778,4.5
182,137,4.5
182,982,4.0
182,1633,4.0
182,1554,4.0
182,149,5.0
182,339,5.0
182,914,4.5
182,10644,5.0
182,830,4.0
182,2323,4.0
182,8077,4.0
182,1598,4.0
182,7863,4.0
182,12498,4.0
182,12709,4.0
182,364,4.0
182,75,4.0
182,378,4.0
182,10549,5.0
182,8860,4.0
182,12489,4.0
182,16448,4.0
182,638,4.5
182,9366,4.5
182,9311,4.0
182,18,4.5
182,9450,4.5
182,8413,4.0
182,8834,4.0
182,1669,4.0
182,468,4.0
182,2649,4.5
182,68924,4.5
182,9427,4.0
182,1813,4.5
182,4995,4.5
182,563,4.5
182,4824,4.0
182,8078,4.0
182,39177,4.0
182,489,4.0
182,184,4.0
182,9746,4.0
182,115,4.5
182,2666,4.5
182,9411,4.0
182,2898,4.5
182,9558,4.0
182,617,4.0
182,9448,4.5
182,9452,4.0
182,1878,4.0
182,1389,4.0
182,9464,4.0
182,473,4.5
182,23383,4.0
182,3116,4.0
182,746,4.0
182,380,4.0
182,11485,4.5
182,2108,5.0
182,12101,4.0
182,19,5.0
182,841,4.5
182,11051,5.0
182,9631,4.5
182,907,4.0
182,793,4.5
182,97,4.0
182,10419,4.5
182,87,4.0
182,9314,4.0
182,36647,4.0
182,117,4.5
182,431,4.5
182,2028,4.0
182,8916,4.0
182,28134,4.0
182,10377,4.0
182,4437,4.0
182,10683,4.5
182,9445,4.5
182,2657,4.5
182,73,4.5
182,4518,4.5
182,10029,4.0
182,10223,4.5
182,1934,4.5
182,8741,5.0
182,825,4.0
182,192,4.0
182,11873,4.0
182,11622,4.0
182,1542,4.5
182,871,4.5
182,796,4.5
182,100,4.0
182,9540,4.5
182,8583,4.5
182,603,5.0
182,4951,4.0
182,9430,4.0
182,1946,4.5
182,24584,4.5
182,1090,4.0
182,817,4.0
182,14283,4.0
182,10376,4.5
182,104,4.0
182,9421,4.0
182,2667,4.5
182,345,4.5
182,9824,4.5
182,967,4.0
182,3175,5.0
182,745,4.0
182,913,4.0
182,28501,4.5
182,11601,4.0
182,1075,5.0
182,12105,4.0
182,14,5.0
182,704,4.0
182,9377,4.5
182,658,4.0
182,657,4.0
182,646,4.0
182,8052,4.0
182,550,5.0
182,404,4.0
182,36819,4.0
182,16858,4.5
182,8649,4.0
182,699,4.0
182,253,4.0
182,660,4.0
182,492,5.0
182,128,5.0
182,8056,4.5
182,957,4.0
182,11040,4.5
182,11498,4.5
182,11790,5.0
182,10047,4.5
182,9289,4.0
182,11379,4.5
182,27141,4.0
182,2668,4.0
182,11005,4.5
182,177,4.5
182,863,4.0
182,22267,4.5
182,497,4.0
182,1715,4.5
182,42739,4.0
182,10387,4.0
182,334,5.0
182,1850,4.0
182,926,4.0
182,10219,4.0
182,632,4.5
182,5924,4.0
182,13342,4.0
182,8872,4.0
182,9609,4.5
182,12143,4.0
182,8374,4.5
182,1907,4.0
182,2069,4.0
182,11004,4.0
182,20682,4.0
182,4816,5.0
182,622,4.0
182,968,4.0
182,9532,4.0
182,1541,4.0
182,54825,4.5
182,801,4.5
182,11520,4.0
182,3082,4.5
182,26689,4.0
182,2291,4.0
182,243,4.5
182,593,4.0
182,11305,4.5
182,1359,4.5
182,1443,4.5
182,962,4.5
182,691,4.0
182,682,4.0
182,11368,4.5
182,865,4.0
182,482,4.0
182,9040,4.0
182,6978,4.0
182,643,4.0
182,25636,4.0
182,7443,4.5
182,9702,4.0
182,12706,4.5
182,11624,4.0
182,11589,4.0
182,14195,4.0
182,41282,4.0
182,786,4.0
182,16,5.0
182,13785,4.0
182,19348,4.0
182,469,5.0
182,641,4.0
182,10687,4.5
182,71,4.5
182,1636,4.0
182,10647,4.0
182,4327,4.0
182,681,4.0
182,10867,4.5
182,146,4.5
182,10673,4.0
182,2604,4.0
182,107,4.5
182,392,5.0
182,12509,5.0
182,134,4.5
182,21991,4.5
182,29122,4.0
182,26719,4.0
182,10655,4.5
182,9816,4.0
182,318,4.0
182,7093,4.0
182,21620,4.5
182,48217,4.0
182,51802,4.0
182,5257,4.0
182,77,4.5
182,55,5.0
182,4133,4.0
182,111,4.0
182,11307,4.0
182,37691,4.0
182,808,4.0
182,49453,4.5
182,824,4.0
182,10364,5.0
182,32458,4.0
182,9576,4.0
182,17612,5.0
182,6106,4.5
182,9589,4.0
182,11371,4.0
182,2605,4.0
182,10142,4.5
182,9686,4.5
182,1548,4.0
182,13403,4.5
182,249,4.0
182,1933,4.5
182,22230,4.5
182,10373,4.0
182,16121,4.5
182,1018,5.0
182,25641,4.0
182,9081,4.5
182,167,4.5
182,141,4.5
182,10778,4.5
182,585,4.5
182,23949,4.5
182,671,4.0
182,3604,4.0
182,299,4.0
182,161,4.0
182,194,4.5
182,9523,4.5
182,9428,4.0
182,453,4.0
182,10950,4.0
182,1365,4.5
182,6440,4.0
182,6312,4.0
182,20620,4.0
182,74692,4.0
182,27593,4.5
182,10592,4.0
182,39939,4.0
182,13791,4.5
182,22910,4.5
182,441,4.0
182,4012,5.0
182,16857,4.0
182,10394,4.0
182,15813,4.5
182,4147,4.0
182,3780,4.5
182,4108,4.0
182,9685,4.0
182,129,4.5
182,4107,4.0
182,37606,4.0
182,10994,4.0
182,1430,4.0
182,8051,4.0
182,12477,4.5
182,25468,4.5
182,1360,4.5
182,65,4.0
182,542,4.5
182,17187,4.0
182,2103,4.0
182,2757,4.5
182,7299,4.0
182,1429,4.0
182,3131,4.0
182,1574,4.0
182,590,4.5
182,423,4.5
182,262,4.0
182,598,4.0
182,9045,4.0
182,12490,4.0
182,11615,4.5
182,102,5.0
182,24186,4.5
182,21052,4.0
182,1714,4.5
182,20689,4.5
182,22958,4.0
182,290,4.5
182,20439,4.0
182,3472,4.5
182,54580,4.0
182,4613,4.0
182,50350,4.0
182,2771,4.0
182,636,4.5
182,19433,4.0
182,153,4.5
182,837,4.5
182,1584,4.0
182,24,4.0
182,1550,4.0
182,1807,4.5
182,20312,4.0
182,19184,4.5
182,9065,4.0
182,3176,4.5
182,20067,4.0
182,11676,4.0
182,916,4.0
182,79,4.5
182,2742,4.5
182,587,4.0
182,1954,4.0
182,44539,4.0
182,1278,4.5
182,337,4.0
182,156,4.0
182,38,4.5
182,553,4.5
182,393,4.5
182,11474,4.0
182,11030,4.0
182,203,4.0
182,246,4.0
182,3293,4.5
182,401,4.5
182,9675,4.5
182,140,4.5
182,205,4.0
182,187,4.5
182,752,4.0
183,197,5.0
183,1637,5.0
183,36955,4.0
183,5503,5.0
183,9386,4.0
183,329,4.0
183,280,5.0
183,9802,4.0
183,562,4.0
183,1891,4.0
183,679,5.0
183,429,4.0
183,1892,4.0
183,348,4.0
183,525,4.0
183,600,4.0
183,387,4.0
183,9665,4.0
183,665,5.0
183,642,4.0
183,1573,5.0
183,578,5.0
183,9361,4.0
183,607,4.0
183,1669,5.0
183,857,5.0
183,9631,4.0
183,117,5.0
183,871,4.0
183,166680,4.0
183,658,4.0
183,660,4.0
183,9289,4.0
183,2924,5.0
183,2005,4.0
183,106,4.0
183,10911,4.0
183,2133,4.0
183,90,4.0
184,11660,4.0
184,77,5.0
184,423,4.5
184,11299,4.0
184,18491,4.5
184,272,4.0
184,1124,5.0
184,7508,4.0
184,155,5.0
184,1726,4.0
184,17473,5.0
184,27205,4.5
184,37799,4.5
184,45269,4.5
184,51876,4.5
184,1771,4.0
184,24428,4.5
184,49026,4.0
184,76493,4.0
184,68734,4.5
184,68721,4.0
184,107846,4.0
184,106646,5.0
184,152601,4.5
184,137106,5.0
184,120467,4.5
184,157336,5.0
184,225574,4.0
184,100402,4.5
184,85350,4.5
184,244786,5.0
184,118340,4.5
184,206487,4.5
184,205596,4.0
184,116149,4.5
184,207703,5.0
184,102899,4.0
184,284054,4.0
184,299536,5.0
184,284053,4.5
184,283995,4.5
184,271110,4.5
184,284052,4.5
184,202249,4.0
184,318224,4.0
184,308032,4.5
184,321697,5.0
184,314365,4.5
184,318846,5.0
184,201223,4.0
184,327536,4.0
184,192040,5.0
184,357786,4.0
184,324786,4.5
184,329865,5.0
184,407806,4.5
184,413279,4.0
184,378064,5.0
184,362584,4.0
184,362585,4.5
184,419430,4.5
184,385805,4.0
184,420714,5.0
184,339403,4.5
184,390319,5.0
184,433092,4.5
184,374720,4.0
184,312174,4.0
184,335984,4.5
184,430214,4.5
184,346648,5.0
184,371638,4.5
184,446354,4.5
184,482004,4.5
184,353081,4.0
184,432985,4.5
184,297825,4.0
184,333623,4.0
184,432131,4.0
185,862,4.0
185,2292,4.0
185,8587,4.0
185,812,4.0
185,10020,4.0
185,872,5.0
185,9390,4.0
185,8067,5.0
185,39424,4.0
185,9325,4.0
185,10144,4.0
185,12230,4.0
185,1934,4.0
185,16520,4.0
185,104,4.0
185,243,4.0
185,786,4.0
185,641,5.0
185,11688,4.0
185,1900,5.0
185,77,5.0
185,824,4.0
185,141,4.0
185,453,5.0
185,2501,4.0
185,121,4.0
186,862,4.0
186,8844,4.0
186,710,4.0
186,1642,4.0
186,9348,4.0
186,11,4.0
186,2164,4.0
186,11395,5.0
186,193,4.0
186,8587,4.0
186,1637,4.0
186,8831,4.0
186,36955,4.0
186,9739,4.0
186,329,4.0
186,788,4.0
186,25557,4.0
186,78,4.0
186,812,5.0
186,280,5.0
186,268,4.0
186,274,5.0
186,408,4.0
186,10020,5.0
186,954,4.0
186,9802,4.0
186,10547,4.0
186,935,4.0
186,602,4.0
186,9327,4.0
186,981,4.0
186,872,4.0
186,164,5.0
186,3078,5.0
186,213,4.0
186,11113,4.0
186,6620,4.0
186,804,5.0
186,630,5.0
186,62,5.0
186,3529,4.0
186,2897,4.0
186,1585,5.0
186,10331,5.0
186,488,5.0
186,14821,4.0
186,173,4.0
186,433,5.0
186,12335,4.0
186,15121,5.0
186,252,5.0
186,2756,4.0
186,762,5.0
186,531,4.0
186,510,4.0
186,1891,5.0
186,2493,4.0
186,85,5.0
186,679,5.0
186,947,4.0
186,1892,5.0
186,348,4.0
186,218,4.0
186,828,5.0
186,3090,4.0
186,235,4.0
186,137,5.0
186,212,4.0
186,665,5.0
186,89,4.0
186,830,5.0
186,8077,4.0
186,8851,5.0
186,6217,4.0
186,199,4.0
186,152,4.0
186,174,5.0
186,154,4.0
186,157,4.0
186,168,5.0
186,75,4.0
186,18,4.0
186,330,4.0
186,754,4.0
186,607,4.0
186,686,5.0
186,782,4.0
186,563,4.0
186,9574,4.0
186,2666,4.0
186,8656,4.0
186,846,4.0
186,473,4.0
186,12311,5.0
186,1725,4.0
186,941,4.0
186,12101,4.0
186,551,4.0
186,841,4.0
186,16249,5.0
186,9354,4.0
186,1779,4.0
186,9325,4.0
186,10414,4.0
186,10249,4.0
186,2619,4.0
186,87,4.0
186,123,4.0
186,16081,4.0
186,11837,4.0
186,11639,4.0
186,34584,4.0
186,845,4.0
186,847,4.0
186,940,5.0
186,20096,4.0
186,1091,4.0
186,4437,4.0
186,637,4.0
186,12223,4.0
186,244,4.0
186,8130,4.0
186,9326,5.0
186,11815,4.0
186,111794,4.0
186,2362,4.0
186,10803,4.0
186,871,5.0
186,1685,4.0
186,1688,4.0
186,796,4.0
186,564,5.0
186,1893,4.0
186,1924,5.0
186,8536,4.0
186,8974,4.0
186,11549,5.0
186,2275,4.0
186,1073,4.0
186,9825,4.0
186,2280,4.0
186,11963,4.0
186,861,4.0
186,5548,4.0
186,856,5.0
186,24226,4.0
186,863,4.0
186,926,5.0
186,10493,4.0
186,5693,4.0
186,462,4.0
186,9532,4.0
186,840,4.0
186,526,4.0
186,10559,4.0
186,2006,4.0
186,106,4.0
186,10468,4.0
186,98,4.0
186,698,4.0
186,13368,4.0
186,169,4.0
186,35936,4.0
186,7450,4.0
186,7443,4.0
186,2024,4.0
186,9383,4.0
186,2161,4.0
186,4327,4.0
186,681,4.0
186,8871,4.0
186,134,4.0
186,2614,4.0
186,10054,5.0
186,808,5.0
186,1406,5.0
186,9576,4.0
186,11697,4.0
186,2605,4.0
186,869,4.0
186,11542,4.0
186,30295,4.0
186,16380,5.0
186,14811,4.0
186,671,4.0
186,4886,5.0
186,120,5.0
186,11086,4.0
186,37257,5.0
186,848,4.0
186,54287,4.0
186,24032,4.0
186,557,4.0
186,24767,4.0
186,1894,4.0
186,21635,4.0
186,24130,4.0
186,23728,4.0
186,10323,4.0
187,524,4.0
187,902,4.0
187,807,4.0
187,629,4.5
187,755,4.0
187,103,4.5
187,2292,4.5
187,522,4.5
187,1024,4.0
187,11,4.0
187,527,4.0
187,680,4.5
187,9905,4.0
187,315,4.5
187,6075,4.5
187,424,4.0
187,78,4.5
187,319,4.0
187,274,4.0
187,275,4.5
187,9323,4.0
187,532,4.0
187,935,4.5
187,9303,4.0
187,289,4.0
187,599,5.0
187,62,4.0
187,10331,4.0
187,583,4.0
187,500,4.5
187,1630,4.0
187,762,4.0
187,531,4.0
187,892,4.0
187,1891,4.0
187,68,5.0
187,679,4.5
187,429,5.0
187,389,4.0
187,185,4.0
187,335,5.0
187,1892,4.0
187,348,4.0
187,766,4.0
187,600,4.5
187,763,4.5
187,694,4.5
187,765,5.0
187,137,4.5
187,149,4.0
187,638,5.0
187,9366,4.0
187,2118,4.0
187,4995,4.0
187,8078,4.0
187,184,4.0
187,115,5.0
187,2666,4.0
187,5910,5.0
187,1774,4.0
187,473,5.0
187,1779,4.0
187,793,5.0
187,1091,4.0
187,162,4.0
187,10683,5.0
187,1542,4.5
187,1567,4.5
187,603,4.0
187,36685,4.5
187,9473,4.5
187,10494,5.0
187,14,4.0
187,391,4.5
187,492,5.0
187,128,4.0
187,11953,4.5
187,334,4.0
187,4816,5.0
187,10774,5.0
187,16093,5.0
187,938,4.5
187,16,4.5
187,641,5.0
187,134,4.0
187,764,4.5
187,77,4.0
187,111,4.0
187,32458,4.5
187,9517,4.0
187,327,5.0
187,1548,4.5
187,1933,4.5
187,9028,4.0
187,1018,5.0
187,1433,4.5
187,8342,4.5
187,9428,4.5
187,120,4.5
187,15999,4.0
187,15119,5.0
187,9299,4.0
187,575,4.5
187,129,5.0
187,1430,4.0
187,4241,4.0
187,121,4.5
187,21189,4.0
187,979,4.0
187,10515,5.0
187,51230,5.0
187,290,4.0
187,170,4.0
187,2771,5.0
187,153,4.5
187,9707,4.0
187,14282,5.0
187,24,4.0
187,10234,4.5
187,483,4.0
187,81,5.0
187,122,4.5
187,12698,4.0
187,924,4.5
187,38,4.0
187,553,4.0
187,923,4.0
187,393,4.0
187,11474,4.0
187,17653,4.0
187,7090,4.5
187,10775,4.0
187,4291,4.0
187,28257,4.0
187,246,5.0
187,9372,4.0
187,15794,4.0
187,36947,4.5
187,13398,4.0
187,747,5.0
187,9675,5.0
187,4553,4.5
187,9806,4.0
187,877,4.0
187,14615,4.5
187,14537,5.0
187,3763,4.5
187,16859,4.5
187,11621,4.5
187,7500,5.0
187,2440,5.0
187,4689,4.0
187,55931,4.5
187,12496,4.0
187,670,4.0
187,11420,4.0
187,3396,4.0
187,1843,4.5
187,3509,4.0
187,13372,4.0
187,421,4.0
187,11423,5.0
187,613,5.0
187,4935,4.0
187,19884,5.0
187,187,4.0
187,13073,5.0
187,10913,4.0
187,33908,4.0
187,14286,4.0
187,59,4.0
187,398,4.0
187,3291,4.0
187,8066,4.0
187,1951,4.5
187,254,4.0
187,9388,4.0
187,16070,4.0
187,18191,4.0
187,1417,4.0
187,36557,4.0
187,1730,4.0
188,11860,4.0
188,13,5.0
188,408,4.0
188,2925,4.0
188,981,5.0
188,872,5.0
188,567,5.0
188,13528,5.0
188,963,5.0
188,11113,5.0
188,909,4.0
188,630,5.0
188,705,4.0
188,433,5.0
188,15121,5.0
188,521,4.0
188,88,4.0
188,1092,5.0
188,4485,4.0
188,756,5.0
188,642,4.0
188,11239,4.0
188,586,4.0
188,1725,5.0
188,10633,4.0
188,17917,5.0
188,11462,5.0
188,12626,4.0
188,10377,5.0
188,1890,5.0
188,10162,5.0
188,10368,5.0
188,16520,5.0
188,11153,4.0
188,9377,5.0
188,17352,5.0
188,42196,4.0
188,13485,4.0
188,20334,5.0
188,24481,5.0
188,1908,5.0
188,651,5.0
189,278,4.0
189,13,4.0
189,424,4.5
189,274,4.0
189,137,4.0
189,603,4.0
189,745,4.0
189,550,4.0
189,98,4.0
189,120,4.0
189,121,4.0
189,122,4.0
189,1422,4.0
189,2503,4.5
189,155,5.0
189,14160,4.5
189,10191,4.0
189,27205,4.5
190,278,4.0
190,424,5.0
190,238,4.5
190,510,4.5
190,240,4.0
190,489,4.0
190,637,5.0
190,550,4.0
190,1018,4.0
190,585,4.0
190,671,5.0
190,194,5.0
190,453,4.0
190,5279,4.0
190,1391,5.0
190,245,4.0
190,129,4.0
190,9533,4.0
190,672,5.0
190,640,4.0
190,598,5.0
190,7270,4.0
190,153,5.0
190,322,4.0
190,24,4.0
190,338,4.5
190,38,5.0
190,393,4.0
190,10625,4.0
190,673,5.0
190,9372,4.0
190,4553,4.0
190,9806,4.0
190,205,4.0
190,421,5.0
190,767,5.0
190,27205,4.0
190,12444,5.0
190,12445,5.0
190,131631,4.0
191,862,4.0
191,949,4.0
191,524,4.0
191,4584,5.0
191,8012,4.0
191,451,5.0
191,63,5.0
191,9598,4.0
191,687,5.0
191,807,4.0
191,629,5.0
191,11448,5.0
191,11010,4.0
191,28387,4.0
191,8447,5.0
191,9283,4.0
191,63076,5.0
191,103,5.0
191,16388,4.0
191,22279,5.0
191,11780,4.0
191,1873,4.0
191,26564,5.0
191,9344,5.0
191,10149,5.0
191,50797,5.0
191,76,4.0
191,2292,5.0
191,1909,4.0
191,10531,5.0
191,11929,4.0
191,522,5.0
191,14275,5.0
191,9587,4.0
191,18183,5.0
191,11318,5.0
191,11593,4.0
191,39310,4.0
191,101,5.0
191,680,5.0
191,40156,5.0
191,11450,4.0
191,110,5.0
191,108,5.0
191,109,5.0
191,14334,4.0
191,278,4.0
191,9905,4.0
191,1587,5.0
191,10497,5.0
191,11382,5.0
191,16771,4.0
191,83718,5.0
191,32562,5.0
191,275,5.0
191,5801,5.0
191,2300,5.0
191,503475,5.0
192,710,5.0
192,568,5.0
192,10329,4.0
192,1642,5.0
192,8984,4.0
192,4476,4.0
192,6950,4.0
192,2636,4.0
192,2164,4.0
192,9331,5.0
192,13,5.0
192,36955,5.0
192,11310,4.0
192,37233,4.0
192,329,5.0
192,581,4.0
193,11,5.0
193,680,4.0
193,424,4.0
193,627,4.0
193,238,4.5
193,213,5.0
193,62,5.0
193,510,5.0
193,1891,4.5
193,185,5.0
193,595,5.0
193,141,4.0
193,129,5.0
193,598,4.0
193,122,4.0
193,10299,5.0
193,582,4.5
193,773,4.0
193,496,4.0
193,2011,5.0
193,87827,4.0
194,15121,4.0
194,792,4.5
194,11031,4.0
194,651,4.0
194,616,4.5
195,949,4.0
195,710,4.0
195,524,4.0
195,451,4.0
195,63,4.0
195,687,4.0
195,629,5.0
195,755,4.0
195,568,4.0
195,8963,4.0
195,522,5.0
195,11,4.0
195,680,5.0
195,11450,4.0
195,278,5.0
195,1637,4.0
195,6075,4.0
195,424,4.0
195,11969,4.0
195,275,5.0
195,954,5.0
195,627,4.0
195,9303,4.0
195,567,5.0
195,213,5.0
195,562,5.0
195,11159,4.0
195,10218,5.0
195,500,5.0
195,792,5.0
195,1630,4.0
195,1891,4.0
195,1892,4.0
195,769,5.0
195,600,4.0
195,9322,4.0
195,235,4.0
195,33,5.0
195,105,5.0
195,89,4.0
195,2323,5.0
195,12498,4.0
195,13891,4.0
195,9366,4.0
195,9433,4.0
195,4995,4.0
195,37165,4.0
195,489,4.0
195,115,4.0
195,2898,4.0
195,617,4.0
195,1389,4.0
195,11050,4.0
195,380,4.0
195,609,4.0
195,9342,4.0
195,14662,5.0
195,881,4.0
195,73,4.0
195,4518,4.0
195,10029,4.0
195,10223,4.0
195,5825,5.0
195,13466,4.0
195,9430,5.0
195,12596,4.0
195,104,4.0
195,745,5.0
195,913,4.0
195,11353,4.0
195,2280,4.0
195,11601,4.0
195,14,4.0
195,10669,4.0
195,6415,4.0
195,861,4.0
195,9377,5.0
195,9481,4.0
195,2668,4.0
195,1715,4.0
195,1850,4.0
195,3558,4.0
195,10493,4.0
195,9475,4.0
195,8872,4.0
195,14280,4.0
195,925,4.0
195,10559,4.0
195,49721,4.0
195,98,4.0
195,36657,4.0
195,786,5.0
195,13785,4.0
195,1597,4.0
195,14295,4.0
195,9741,5.0
195,146,5.0
195,711,4.0
195,21991,4.0
195,11973,4.0
195,1900,5.0
195,26333,4.0
195,634,5.0
195,11307,4.0
195,2140,4.0
195,11371,4.0
195,15745,4.0
195,1933,5.0
195,453,4.0
196,2054,4.5
196,568,5.0
196,8587,5.0
196,9802,5.0
196,562,4.5
196,348,4.5
196,1701,4.0
196,603,5.0
196,98,5.0
196,2501,4.0
196,9654,4.5
196,186,4.0
196,1402,4.0
196,7485,4.5
196,155,5.0
196,1726,4.5
196,14160,4.0
196,286217,4.5
196,314365,5.0
197,101,5.0
197,680,5.0
197,278,4.0
197,78,5.0
197,280,5.0
197,268,5.0
197,62,4.0
197,583,5.0
197,510,5.0
197,335,5.0
197,218,4.0
197,364,4.0
197,25719,5.0
197,2898,5.0
197,846,4.0
197,2108,4.0
197,9769,5.0
197,881,4.0
197,603,5.0
197,1893,5.0
197,2039,4.0
198,12665,4.0
198,451,4.0
198,63,5.0
198,9598,4.0
198,687,5.0
198,807,5.0
198,629,5.0
198,11010,5.0
198,688,4.0
198,9886,4.0
198,1642,4.0
198,281,4.0
198,76,5.0
198,11,5.0
198,18183,5.0
198,4476,4.0
198,680,5.0
198,2164,5.0
198,278,5.0
198,3049,4.0
198,13,5.0
198,712,5.0
198,8587,4.0
198,9359,4.0
198,9571,4.0
198,9739,4.0
198,274,4.0
198,627,4.0
198,426,4.0
198,289,5.0
198,963,4.0
198,770,5.0
198,15,5.0
198,62,4.0
198,500,5.0
198,402,4.0
198,2756,4.0
198,11216,5.0
198,1891,5.0
198,2493,5.0
198,85,4.0
198,185,5.0
198,1892,5.0
198,769,4.0
198,207,5.0
198,826,5.0
198,829,4.0
198,235,4.0
198,137,4.0
198,105,5.0
198,149,4.0
198,11673,4.0
198,639,4.0
198,9390,5.0
198,784,5.0
198,1624,4.0
198,754,4.0
198,607,4.0
198,686,4.0
198,8834,5.0
198,2118,4.0
198,978,4.0
198,1813,5.0
198,782,5.0
198,563,4.0
198,37165,4.0
198,489,4.0
198,9410,4.0
198,380,5.0
198,196,5.0
198,242,4.0
198,857,4.0
198,10849,4.0
198,907,4.0
198,10340,5.0
198,637,5.0
198,73,5.0
198,666,4.0
198,1934,4.0
198,9426,4.0
198,603,5.0
198,1902,5.0
198,1946,5.0
198,104,4.0
198,2105,4.0
198,198469,4.0
198,2280,4.0
198,14,5.0
198,861,4.0
198,550,5.0
198,293,5.0
198,497,5.0
198,1883,5.0
198,9475,5.0
198,820,4.0
198,9079,5.0
198,801,5.0
198,243,4.0
198,1700,4.0
198,10468,4.0
198,31023,5.0
198,37136,4.0
198,80713,4.0
198,641,4.0
198,71,4.0
198,711,4.0
198,5994,5.0
198,1900,5.0
198,2614,4.0
198,51802,4.0
198,77,4.0
198,55,4.0
198,644,4.0
198,2034,4.0
198,161,4.0
198,194,4.0
198,453,4.0
198,5279,4.0
198,10950,5.0
198,180,5.0
198,9299,5.0
198,19460,5.0
199,949,4.0
199,9087,4.0
199,8012,4.0
199,451,5.0
199,687,4.0
199,629,4.0
199,568,4.0
199,11,4.0
199,680,4.0
199,11450,4.0
199,278,4.0
199,16771,4.0
199,11566,4.0
199,5503,4.0
199,424,5.0
199,10445,4.0
199,78,5.0
199,274,4.0
199,275,5.0
199,935,5.0
199,238,4.0
199,239,4.0
199,289,5.0
199,963,4.5
199,15,5.0
199,488,4.0
199,10218,5.0
199,623,4.0
199,583,4.5
199,500,4.0
199,762,5.0
199,975,5.0
199,18129,4.5
199,409,4.0
199,2493,4.0
199,85,4.0
199,947,5.0
199,185,4.0
199,28,5.0
199,144,4.0
199,769,4.0
199,348,4.0
199,11645,5.0
199,1578,4.0
199,387,5.0
199,218,5.0
199,9665,4.0
199,826,5.0
199,5925,5.0
199,137,4.0
199,982,5.0
199,11202,5.0
199,903,4.0
199,11673,4.0
199,3034,5.0
199,2640,4.0
199,665,4.5
199,11257,4.0
199,983,4.0
199,642,5.0
199,6114,4.0
199,12498,4.0
199,154,4.5
199,578,5.0
199,10549,4.0
199,816,5.0
199,2163,4.0
199,607,4.0
199,1669,5.0
199,2118,5.0
199,9427,4.0
199,11831,4.0
199,26610,4.0
199,544,5.0
199,10633,4.0
199,1366,4.0
199,857,4.0
199,907,4.0
199,41469,4.0
199,8195,4.0
199,10403,5.0
199,30197,5.0
199,4518,4.0
199,1934,4.0
199,192,4.5
199,871,4.0
199,9535,4.0
199,603,4.0
199,9451,4.0
199,18784,4.0
199,509,4.0
199,817,4.5
199,104,5.0
199,6488,4.0
199,745,4.0
199,813,5.0
199,850,4.0
199,11963,4.0
199,14,5.0
199,6415,4.0
199,226,4.0
199,10388,4.0
199,9377,4.5
199,2731,4.0
199,11562,4.0
199,492,4.0
199,37853,4.0
199,11040,4.0
199,9289,4.5
199,11165,4.0
199,22267,4.0
199,9684,4.0
199,334,4.0
199,926,4.0
199,968,4.0
199,4967,4.0
199,98,4.0
199,11072,4.5
199,134,4.0
199,1900,4.0
199,853,4.0
199,77,4.0
199,11826,4.0
199,11697,5.0
199,18988,5.0
199,10141,4.5
199,1548,4.0
199,10778,4.0
199,855,4.0
199,651,5.0
199,11590,4.5
199,245,4.0
199,2501,4.0
199,4147,4.5
199,8764,4.5
199,8051,4.5
199,11646,4.5
199,640,4.0
199,423,5.0
199,598,4.0
199,4464,4.0
199,2056,4.0
199,322,4.5
199,10729,4.0
199,2000,4.0
199,11093,4.0
199,9384,4.0
199,38,4.0
199,1538,4.5
199,747,4.5
199,70,4.0
199,205,4.0
199,612,4.5
199,9388,4.0
199,582,4.0
199,9829,4.5
199,1422,4.0
199,3683,4.5
199,4638,4.0
199,5915,5.0
199,4538,4.0
199,6977,4.0
199,7345,4.0
199,9870,4.5
199,12162,4.5
200,11862,4.0
200,710,4.5
200,9603,5.0
200,807,4.0
200,9614,4.5
200,197,4.5
200,568,4.0
200,1572,4.0
200,11,5.0
200,680,5.0
200,278,5.0
200,2064,4.0
200,3049,4.0
200,13,4.0
200,712,4.0
200,1637,4.0
200,9612,4.0
200,9571,5.0
200,812,4.0
200,114,5.0
200,8866,4.0
200,963,4.0
200,864,5.0
200,9591,5.0
200,252,4.0
200,88,4.0
200,744,4.0
200,1891,5.0
200,2493,5.0
200,85,4.0
200,1892,5.0
200,769,4.0
200,525,4.5
200,826,4.0
200,235,4.0
200,105,4.0
200,1633,4.0
200,11674,4.0
200,621,5.0
200,9390,4.0
200,9434,5.0
200,8874,4.5
200,607,4.0
200,1669,4.0
200,782,4.0
200,489,4.5
200,714,4.5
200,11003,5.0
200,544,4.0
200,2108,4.0
200,9342,4.0
200,165,4.0
200,196,4.0
200,907,4.0
200,87,4.0
200,15144,5.0
200,11522,4.5
200,10377,4.0
200,297,4.5
200,1934,5.0
200,10314,4.0
200,13466,4.5
200,1542,4.0
200,796,4.0
200,603,5.0
200,4951,5.0
200,11355,4.0
200,564,4.0
200,509,4.0
200,817,4.0
200,4806,4.5
200,2280,4.0
200,10154,4.0
200,9346,4.0
200,9377,5.0
200,658,4.0
200,657,4.0
200,646,4.0
200,550,5.0
200,253,4.0
200,2020,4.0
200,36643,4.0
200,1213,4.0
200,13342,4.0
200,8872,4.0
200,11287,5.0
200,2069,5.0
200,462,4.0
200,243,5.0
200,98,4.0
200,698,4.0
200,9679,4.0
200,36657,4.0
200,1588,4.0
200,786,4.5
200,10637,4.0
200,1597,4.5
200,1636,4.0
200,4327,4.0
200,681,4.0
200,392,4.0
200,8859,4.0
200,3981,4.0
200,711,4.5
200,1493,5.0
200,134,4.0
200,2623,4.0
200,77,4.0
200,9476,4.5
200,824,5.0
200,8835,4.5
200,1648,4.0
200,9398,5.0
200,9778,4.0
200,141,5.0
200,671,4.0
200,161,4.0
200,194,5.0
200,120,4.0
200,453,4.0
200,11528,5.0
200,1391,4.0
200,8346,4.5
200,2501,4.0
200,672,4.0
200,36669,4.0
200,121,4.5
200,640,4.5
200,1574,5.0
200,455,4.0
200,36658,4.0
200,604,5.0
200,310,4.0
200,12,4.0
200,9654,4.0
200,584,4.0
200,22,4.0
200,277,4.0
200,1584,5.0
200,24,5.0
200,605,4.0
200,508,4.5
200,11846,4.0
200,122,4.0
200,1824,5.0
200,38,4.5
200,1487,4.0
200,393,5.0
200,10625,4.5
200,652,4.0
200,673,4.0
200,2502,4.0
200,401,4.0
200,11282,5.0
200,747,4.0
200,1677,4.0
200,9806,4.0
200,4836,4.5
200,2567,4.0
200,693,4.0
200,8488,4.0
200,9470,5.0
200,187,5.0
200,1640,4.0
200,787,5.0
200,272,4.0
200,1667,4.0
200,9522,4.0
200,16320,4.5
200,5236,5.0
200,674,4.0
200,186,4.5
200,9270,5.0
200,36668,4.0
200,350,4.5
200,58,5.0
200,773,5.0
200,1262,4.5
200,1523,4.0
200,36557,5.0
200,1372,4.0
200,2062,4.5
200,4638,5.0
200,1271,5.0
200,4964,4.0
200,285,4.0
200,675,4.0
200,4688,5.0
200,2503,4.0
200,8363,4.5
200,7326,5.0
200,13885,4.5
200,6557,4.0
200,11253,4.0
200,7840,4.0
200,155,5.0
200,1726,4.5
200,1724,4.0
200,8909,5.0
200,10189,4.0
200,4944,4.0
200,13905,4.0
201,862,5.0
201,9087,4.0
201,524,4.0
201,12665,4.0
201,451,5.0
201,63,4.0
201,9598,5.0
201,568,4.0
201,414,4.0
201,10329,4.0
201,11,5.0
201,680,5.0
201,2064,5.0
201,13,5.0
201,36955,4.0
201,9612,4.0
201,329,5.0
201,10442,5.0
201,9479,4.0
201,251,5.0
201,280,5.0
201,274,5.0
201,114,5.0
201,9802,5.0
201,602,4.0
201,9327,4.0
201,18203,4.0
201,433,4.0
201,15121,4.0
201,601,5.0
201,2756,4.0
201,1891,5.0
201,2493,5.0
201,85,5.0
201,1892,5.0
201,769,4.0
201,218,5.0
201,235,4.0
201,105,5.0
201,2640,4.0
201,89,5.0
201,639,5.0
201,11967,4.0
201,816,4.0
201,18,4.0
201,8874,4.0
201,754,4.0
201,607,4.0
201,686,5.0
201,2255,5.0
201,597,5.0
201,8656,4.0
201,846,5.0
201,95,4.0
201,544,5.0
201,2108,5.0
201,165,5.0
201,857,5.0
201,9354,4.0
201,10340,4.0
201,10249,4.0
201,2619,4.0
201,87,5.0
201,18331,5.0
201,11639,4.0
201,4978,5.0
201,11522,4.0
201,4011,4.0
201,3525,5.0
201,2028,5.0
201,10377,5.0
201,2657,4.0
201,637,5.0
201,4518,4.0
201,9487,5.0
201,1934,5.0
201,9489,4.0
201,9426,4.0
201,817,5.0
201,9032,4.0
201,2105,4.0
201,620,5.0
201,745,5.0
201,2280,4.0
201,14,5.0
201,861,4.0
201,9377,5.0
202,862,4.0
202,8844,4.0
202,949,5.0
202,710,4.0
202,9087,4.0
202,902,4.0
202,63,4.0
202,629,4.0
202,11010,4.0
202,688,4.0
202,197,4.0
202,568,4.0
202,8963,4.0
202,522,4.0
202,10954,4.0
202,14275,5.0
202,11,4.0
202,101,5.0
202,680,4.0
202,11450,4.0
202,110,5.0
202,109,4.0
202,278,4.0
202,9495,4.0
202,13,5.0
202,712,4.0
202,12280,4.0
202,13815,5.0
202,329,4.0
202,11971,4.0
202,9559,4.0
202,9800,4.0
202,14291,4.0
202,11236,4.0
202,78,5.0
202,37345,4.0
202,812,4.0
202,280,5.0
202,581,4.0
202,274,5.0
202,10020,4.0
202,10895,4.0
202,275,4.0
202,11827,4.0
202,10684,4.0
202,27768,4.0
202,221917,4.0
202,922,4.0
202,11876,4.0
202,9323,4.0
202,935,5.0
202,10478,4.0
202,238,4.0
202,213,5.0
202,289,5.0
202,963,4.0
202,630,4.0
202,770,4.0
202,15,5.0
202,62,5.0
202,1585,5.0
202,261,4.0
202,9401,4.0
202,562,4.0
202,521,4.0
202,500,5.0
202,792,5.0
202,11386,4.0
202,9504,5.0
202,601,4.0
202,11843,4.0
202,2756,5.0
202,4480,4.0
202,4481,4.0
202,762,5.0
202,10548,5.0
202,11216,4.0
202,7452,4.0
202,26561,4.0
202,18129,4.0
202,409,4.0
202,38251,4.0
202,10409,4.0
202,1891,5.0
202,2493,4.0
202,85,5.0
202,68,4.0
202,679,5.0
202,429,5.0
202,389,4.0
202,947,5.0
202,185,4.0
202,28,4.0
202,335,5.0
202,1092,4.0
202,348,4.0
202,10835,5.0
202,539,4.0
202,525,4.0
202,240,4.0
202,3109,4.0
202,9549,4.0
202,9277,5.0
202,218,4.0
202,9665,5.0
202,207,4.0
202,37247,4.0
202,9322,4.0
202,235,5.0
202,5925,5.0
202,137,5.0
202,33,5.0
202,982,5.0
202,105,4.0
202,1633,4.0
202,11202,5.0
202,8009,4.0
202,903,4.0
202,11673,4.0
202,3034,4.0
202,10404,4.0
202,288,4.0
202,89,4.0
202,10644,4.0
202,11257,4.0
202,625,4.0
202,8816,4.0
202,2323,5.0
202,642,4.0
202,655,4.0
202,639,5.0
202,12498,4.0
202,1573,4.0
202,154,5.0
202,157,4.0
202,168,4.0
202,578,4.0
202,378,4.0
202,9404,5.0
202,1624,4.0
202,9434,5.0
202,11239,4.0
202,607,4.0
202,686,5.0
202,9387,5.0
202,1669,4.0
202,2118,4.0
202,2255,4.0
202,9427,4.0
202,17589,4.0
202,10890,4.0
202,9281,4.0
202,37165,4.0
202,10217,4.0
202,2898,4.0
202,846,4.0
202,3116,4.0
202,1051,4.0
202,1366,4.0
202,9443,4.0
202,11050,4.0
202,606,4.0
202,380,4.0
202,2108,5.0
202,941,4.0
202,942,4.0
202,19,4.0
202,3170,4.0
202,859,4.0
202,857,4.0
202,1779,4.0
202,2619,4.0
202,97,4.0
202,2107,4.0
202,11336,4.0
202,8393,5.0
202,117,4.0
202,10220,4.0
202,12626,4.0
202,881,4.0
202,8195,4.0
202,1091,4.0
202,10403,4.0
202,162,4.0
202,4437,4.0
202,11893,4.0
202,10002,4.0
202,12560,5.0
202,9487,4.0
202,1934,4.0
202,9326,4.0
202,10328,4.0
202,11904,4.0
202,1885,4.0
202,15698,4.0
202,12151,4.0
202,192,4.0
202,10015,4.0
202,871,4.0
202,11773,4.0
202,603,4.0
202,1893,4.0
202,1924,4.0
202,8536,4.0
202,345,4.0
202,620,4.0
202,11416,4.0
202,10386,5.0
202,745,5.0
202,2280,4.0
202,10396,4.0
202,11963,4.0
202,14,4.0
202,10669,4.0
202,11527,5.0
202,6415,4.0
202,9377,4.0
202,11901,4.0
202,1654,4.0
202,657,5.0
202,646,4.0
202,391,4.0
202,550,5.0
202,404,4.0
202,15247,4.0
202,699,4.0
202,709,4.0
202,660,4.0
202,492,5.0
202,128,4.0
202,9008,4.0
202,21610,4.0
202,62204,5.0
202,1621,4.0
202,11663,5.0
202,9289,4.0
202,24226,4.0
202,29154,4.0
202,11393,5.0
202,293,4.0
202,9013,4.0
202,11005,4.0
202,177,4.0
202,497,4.0
202,1213,4.0
202,10236,4.0
202,16241,4.0
202,1883,4.0
202,24735,4.0
202,11287,4.0
202,8293,4.0
202,10326,4.0
202,9609,4.0
202,19958,4.0
202,12186,4.0
202,20283,4.0
202,5693,4.0
202,968,4.0
202,838,4.0
202,15873,4.0
202,123047,4.0
202,1541,5.0
202,9764,4.0
202,526,4.0
202,10083,5.0
202,10747,5.0
202,1552,4.0
202,106,4.0
202,10333,4.0
202,10518,4.0
202,11977,4.0
202,668,5.0
202,691,4.0
202,10911,4.0
202,6003,4.0
202,938,4.0
202,2075,4.0
202,9663,4.0
202,31657,4.0
202,6978,4.0
202,9873,4.0
202,36657,5.0
202,11589,5.0
202,11372,4.0
202,651,4.0
203,197,5.0
203,680,5.0
203,278,4.0
203,9331,4.0
203,581,5.0
203,3595,4.0
203,686,5.0
203,10377,4.0
203,98,5.0
203,8358,4.0
203,808,4.0
203,585,4.0
203,120,5.0
203,2501,5.0
203,121,5.0
203,122,5.0
203,652,4.5
203,2502,5.0
203,2503,5.0
203,4349,5.0
203,6479,4.0
203,17654,4.0
203,61791,4.0
203,59967,4.5
203,49051,5.0
204,807,5.0
204,101,4.5
204,680,4.5
204,424,4.5
204,274,4.5
204,238,4.0
204,583,4.0
204,500,4.5
204,792,4.0
204,762,5.0
204,185,4.0
204,28,4.5
204,600,5.0
204,782,5.0
204,1955,4.0
204,73,5.0
204,603,4.5
204,2667,5.0
204,14,4.0
204,550,5.0
204,10086,5.0
204,7443,4.0
204,641,5.0
204,77,4.5
204,808,4.0
204,141,5.0
204,194,4.0
204,120,4.0
204,425,4.0
204,10856,5.0
204,423,4.0
204,11949,4.0
204,4543,4.0
204,24,4.5
204,587,5.0
204,38,4.5
204,747,5.0
204,11836,4.0
204,2899,4.5
204,205,4.0
204,187,4.0
204,953,4.0
204,272,4.0
204,3291,4.5
204,752,5.0
204,1124,5.0
204,4638,4.5
204,10795,4.0
204,6977,4.0
204,155,4.0
204,8065,5.0
204,15356,4.0
204,13253,4.0
204,16869,5.0
204,14160,4.0
204,17654,4.0
204,22794,4.0
204,23483,4.5
204,37799,4.5
204,44214,4.5
204,64690,4.0
204,65754,5.0
205,11,4.5
205,13,4.0
205,957,4.0
205,671,4.5
205,24,4.5
205,122,4.0
205,673,4.0
205,16869,4.0
205,767,4.0
205,23128,5.0
205,10138,4.0
205,12444,4.0
205,45269,4.5
205,12445,4.0
205,58574,4.5
205,62177,4.0
205,68718,4.5
205,399404,4.5
206,862,5.0
206,11860,4.0
206,10858,4.0
206,4584,5.0
206,451,5.0
206,687,5.0
206,11010,5.0
206,2054,4.0
206,9302,4.0
206,11000,4.0
206,275,5.0
206,10539,5.0
206,10545,4.0
206,9268,4.0
206,26748,5.0
206,3573,5.0
206,199,4.0
207,814,4.0
207,377,4.0
207,841,4.0
207,14,5.0
207,646,4.5
207,253,4.0
208,197,4.0
208,280,4.0
208,1892,4.0
208,11673,4.0
208,242,4.0
208,857,5.0
208,9631,4.0
208,9798,4.0
208,603,5.0
208,11355,4.0
208,1893,4.0
208,745,4.0
208,861,4.0
209,278,5.0
209,13,4.5
209,274,4.5
209,85,5.0
209,89,5.0
209,489,4.5
209,857,4.0
209,603,5.0
209,745,4.0
209,14,4.5
209,550,4.5
209,98,4.0
209,107,5.0
209,120,5.0
209,121,5.0
209,122,5.0
209,4638,4.5
209,8321,4.5
209,13183,5.0
209,13223,4.5
209,16869,5.0
209,14160,4.0
209,11324,4.5
209,27205,5.0
209,44115,4.5
209,12445,4.5
209,77338,4.0
209,37724,4.0
209,359940,4.5
210,11,5.0
210,280,4.0
210,1891,5.0
210,1892,5.0
210,105,4.5
210,199,4.5
210,18,5.0
210,686,4.0
210,165,4.5
210,603,5.0
210,1893,5.0
210,620,4.5
210,497,4.0
210,9476,4.5
210,808,4.0
210,644,4.0
210,671,4.5
210,120,4.0
210,453,4.5
210,557,4.5
210,1894,5.0
210,672,4.5
210,201,4.0
210,121,4.0
210,604,4.5
210,22,4.5
210,8698,4.0
210,605,4.5
210,122,4.0
210,7131,4.5
210,10940,4.0
210,10916,4.0
210,10921,4.0
210,10941,4.0
210,558,4.5
210,1895,5.0
210,953,4.5
210,16320,4.5
210,1491,4.5
210,1124,4.0
210,7551,4.5
210,2062,4.0
210,10942,4.0
210,559,4.0
210,54318,4.0
210,155,4.0
210,1726,4.5
210,10681,5.0
210,16068,4.0
210,15289,4.0
210,10527,4.0
210,13475,4.5
210,767,4.5
210,17654,4.0
210,19995,5.0
210,10191,5.0
210,10138,4.5
210,10193,4.0
210,20352,4.0
210,27022,4.5
210,38055,4.5
210,39513,4.0
210,49538,4.5
210,12445,4.5
210,24428,4.5
210,58423,4.5
210,44826,4.5
210,80321,4.0
210,123025,4.0
210,81188,4.5
210,68179,4.5
210,68721,4.5
210,93456,4.0
210,253941,4.5
210,157350,4.5
210,127585,4.5
210,137113,4.5
210,82702,5.0
210,118340,5.0
210,227156,4.5
210,205596,5.0
210,282848,4.5
210,10473,4.5
210,140607,5.0
210,102899,4.5
210,284054,4.5
210,284053,4.5
210,283995,5.0
210,246655,4.0
210,202249,4.5
210,300803,4.0
210,175774,4.0
210,286217,4.5
210,259316,4.5
210,211672,4.0
210,281979,4.5
210,91417,5.0
210,317182,4.5
210,315623,4.5
210,315620,4.5
210,282963,4.5
210,317190,4.5
210,335209,4.5
210,282758,4.5
210,371759,4.5
210,398854,4.0
210,279229,4.0
210,330459,4.5
210,354912,5.0
210,337556,4.0
210,181808,4.5
210,399055,4.0
211,629,4.0
211,11,4.5
211,680,4.5
211,278,5.0
211,13,4.5
211,238,4.5
211,9078,4.0
211,562,4.5
211,11843,4.0
211,762,4.0
211,1891,4.5
211,85,4.5
211,1892,4.0
211,600,4.0
211,207,4.5
211,489,5.0
211,9313,4.0
211,857,4.0
211,100,4.5
211,603,5.0
211,14,4.0
211,550,5.0
211,11886,4.5
211,243,4.0
211,98,5.0
211,698,4.5
211,107,4.5
211,77,4.5
211,111,4.5
211,2501,4.0
211,122,4.0
211,2502,4.0
211,187,4.0
211,1640,5.0
211,272,4.0
211,1523,4.0
211,1124,4.0
211,36557,4.5
211,1372,4.0
211,2503,4.0
211,4982,4.0
211,8321,4.5
211,155,4.5
211,1726,4.0
211,13183,5.0
211,10764,4.0
211,13475,4.0
211,18785,4.0
211,12162,4.0
211,19908,4.0
211,10528,4.0
211,10193,4.0
211,27205,4.5
211,22538,4.5
211,49538,4.0
211,24428,5.0
211,49530,4.0
211,70160,4.0
211,49026,5.0
211,58574,4.0
211,1930,4.5
212,278,4.5
212,280,4.0
212,62,4.0
212,583,4.5
212,762,4.0
212,85,4.0
212,185,4.0
212,525,4.0
212,218,4.0
212,694,4.0
212,89,4.0
212,9340,4.0
212,9325,4.0
212,813,4.0
212,550,4.5
212,128,4.0
212,8872,4.0
212,37136,4.5
212,37137,4.0
212,107,4.0
212,11688,4.5
212,808,4.0
212,9428,4.0
212,129,4.0
212,12477,4.0
212,8392,4.0
212,10515,4.0
212,310,4.0
212,8193,4.0
212,747,4.0
212,16859,4.0
212,670,4.5
212,70,4.0
212,4935,4.0
212,187,4.0
212,7453,4.0
212,272,4.0
212,752,4.0
212,773,4.0
212,1402,4.0
212,1417,4.5
212,4638,4.5
212,1949,4.0
212,7485,4.0
212,1991,4.5
212,35,4.0
212,1992,4.0
212,12222,4.0
212,9502,4.0
212,10681,4.0
212,13223,4.0
212,15472,4.0
212,16869,4.0
212,19908,4.0
212,10315,4.5
212,22881,4.0
212,37495,4.0
212,20352,4.0
212,22538,4.5
212,37799,4.0
212,43923,4.0
212,44214,4.0
212,12444,4.0
212,51739,4.0
212,59678,4.0
212,49020,4.0
212,24428,4.0
212,65754,4.0
212,64678,4.0
212,64688,4.0
212,94329,4.0
212,83666,4.5
212,37724,4.0
212,84892,4.0
212,68734,4.0
212,87827,4.0
212,81188,4.0
212,68718,4.5
212,75656,4.0
212,147773,4.0
212,146233,4.5
212,80274,4.0
212,120467,4.0
212,157336,4.0
212,244786,4.5
212,118340,4.0
212,245891,4.0
212,177572,4.0
212,207703,4.0
212,99861,4.0
212,284053,4.5
212,283995,4.0
212,284052,4.0
212,202249,4.0
212,286217,4.0
212,259316,4.5
212,297762,4.0
212,371645,4.5
212,369557,4.0
212,313297,4.0
212,324786,4.5
212,277834,4.0
212,330459,4.0
212,263115,4.5
212,321612,4.0
212,400928,4.5
212,339403,4.5
212,399170,4.5
212,346364,4.0
212,359940,5.0
212,353486,4.0
212,399055,4.0
212,316029,4.5
212,400106,4.0
212,399174,5.0
212,458423,4.5
213,280,5.0
213,238,4.0
213,213,4.0
213,562,4.0
213,85,4.0
213,389,4.0
213,348,4.5
213,9277,4.0
213,218,4.0
213,89,4.0
213,1573,4.0
213,37165,4.0
213,597,4.0
213,11551,4.0
213,1366,4.5
213,1369,4.5
213,1371,4.5
213,2280,4.0
213,9481,4.0
213,1907,4.0
213,9532,4.0
213,925,4.0
213,243,4.0
213,10019,4.0
213,808,4.5
213,120,4.0
213,1576,4.5
213,2501,4.5
213,8665,4.0
213,7451,4.0
213,121,4.0
213,9358,4.0
213,22,4.0
213,587,5.0
213,122,4.5
213,809,5.0
213,1577,4.0
213,1164,4.0
213,1372,4.0
213,1571,4.0
213,155,4.5
213,10201,4.5
213,19913,4.5
213,17654,4.0
213,22881,4.0
213,23483,4.5
213,10193,4.5
213,58857,4.5
213,38356,4.0
213,68341,4.5
214,454,4.0
215,629,5.0
215,16388,4.5
215,11,4.5
215,278,5.0
215,424,4.5
215,289,4.5
215,11216,5.0
215,1891,4.5
215,2493,4.5
215,85,4.0
215,389,4.0
215,185,4.0
215,28,5.0
215,279,5.0
215,387,4.0
215,207,4.5
215,37247,4.5
215,13667,4.0
215,235,4.5
215,8428,5.0
215,14370,5.0
215,2118,4.0
215,489,4.5
215,11003,4.5
215,2108,5.0
215,9340,4.5
215,87,4.0
215,15144,4.5
215,11522,4.0
215,2028,4.5
215,637,5.0
215,100,4.0
215,14283,5.0
215,104,4.5
215,745,4.5
215,14,4.0
215,9377,4.5
215,550,4.5
215,1832,4.5
215,497,4.0
215,13342,4.5
215,9475,4.0
215,801,4.5
215,711,4.5
215,77,4.0
215,14621,4.0
215,141,4.0
215,161,4.0
215,194,4.5
215,120,4.0
215,1672,5.0
215,121,4.0
215,9919,5.0
215,22,4.0
215,508,4.0
215,122,4.0
215,401,4.5
215,205,4.0
215,36557,4.0
215,2013,5.0
215,6977,4.0
215,8390,4.0
215,14048,5.0
215,12405,4.5
215,13475,4.0
216,9598,5.0
216,2074,5.0
216,11971,4.0
216,812,4.0
216,408,4.0
216,10020,5.0
216,10112,4.0
216,981,5.0
216,3078,4.0
216,284,4.0
216,239,4.0
216,963,4.0
216,804,4.0
216,31044,4.0
216,599,5.0
216,22490,4.0
216,223,5.0
216,303,5.0
216,381,5.0
216,3085,5.0
216,900,4.0
216,433,4.0
216,12092,4.0
216,623,5.0
216,12614,4.0
216,762,5.0
216,10608,4.0
216,11216,4.0
216,18129,4.0
216,85,5.0
216,703,5.0
216,11235,5.0
216,696,4.0
216,829,4.0
216,137,4.0
216,982,5.0
216,212,4.0
216,3034,4.0
216,756,4.0
216,11031,5.0
216,642,5.0
216,378,4.0
216,2118,5.0
216,9427,5.0
216,544,4.0
216,5769,4.0
216,3170,4.0
216,1779,5.0
216,10144,4.0
216,10693,4.0
216,845,4.0
216,940,4.0
216,37916,5.0
216,12626,4.0
216,10403,4.0
216,30197,5.0
216,11545,5.0
216,9451,4.0
216,9473,4.0
216,813,5.0
216,12105,4.0
216,14,5.0
216,704,5.0
216,9346,5.0
216,11230,5.0
216,14831,4.0
216,11562,4.0
216,13485,4.0
216,2039,4.0
216,14886,4.0
216,13342,4.0
216,14181,4.0
216,2787,4.0
216,968,4.0
216,838,4.0
216,8469,5.0
216,27995,4.0
216,996,5.0
216,243,5.0
216,10774,5.0
216,11356,5.0
216,13776,5.0
216,98,4.0
216,8584,4.0
216,2075,5.0
216,2133,4.0
216,36657,4.0
216,10480,4.0
216,786,5.0
216,42797,4.0
216,12207,5.0
216,4327,4.0
216,9741,5.0
216,146,4.0
216,1900,5.0
217,862,4.0
217,710,4.0
217,9598,4.0
217,2086,4.0
217,2292,4.0
217,11,5.0
217,193,4.0
217,9331,4.0
217,12280,4.0
217,5503,4.0
217,9386,4.0
217,329,4.0
217,2320,4.0
217,7007,4.0
217,581,4.0
217,275,5.0
217,954,5.0
217,503475,4.0
217,9268,4.0
217,3078,4.0
217,284,4.0
217,239,4.0
217,3083,4.0
217,488,4.0
217,11076,4.0
217,18444,4.0
217,562,4.0
217,12614,5.0
217,744,4.0
217,2756,4.0
217,531,4.0
217,1891,5.0
217,85,5.0
217,1892,5.0
217,9277,5.0
217,9665,4.0
217,212,4.0
217,89,5.0
217,14370,4.0
217,199,4.0
217,1573,4.0
217,152,4.0
217,172,4.0
217,157,4.0
217,168,5.0
217,578,4.0
217,2322,5.0
217,607,5.0
217,4421,4.0
217,9772,4.0
217,1669,5.0
217,9427,5.0
217,8197,4.0
217,2898,4.0
217,32911,4.0
217,2108,4.0
217,941,4.0
217,857,4.0
217,11974,4.0
217,10693,4.0
217,87,5.0
217,15171,4.0
217,4011,4.0
217,117,4.0
217,10220,4.0
217,10377,4.0
217,9798,4.0
217,9447,4.0
217,10223,4.0
217,1369,4.0
217,10328,4.0
217,11904,4.0
217,5919,4.0
217,12596,4.0
217,8592,4.0
217,1893,4.0
217,1924,4.0
217,8536,4.0
217,6488,5.0
217,620,4.0
217,10136,4.0
217,745,4.0
217,17887,4.0
217,1654,4.0
217,5548,4.0
217,1621,4.0
217,2924,4.0
217,863,5.0
217,926,4.0
217,14886,5.0
217,9869,4.0
217,24481,4.0
217,14280,4.0
217,968,4.0
217,16535,5.0
217,29786,4.0
217,16347,4.0
217,10424,4.0
218,2759,4.0
218,11934,4.0
218,935,5.0
218,426,4.0
218,85,4.0
218,826,4.0
218,829,4.5
218,639,4.0
218,816,4.0
218,4995,5.0
218,104,4.0
218,6488,4.0
218,121,4.0
218,558,4.0
219,710,4.5
219,629,5.0
219,568,4.0
219,1572,4.5
219,2292,4.0
219,11,5.0
219,101,4.0
219,680,4.0
219,278,5.0
219,3049,4.0
219,8587,5.0
219,5503,4.5
219,329,4.0
219,10872,4.0
219,8005,4.0
219,812,4.5
219,280,4.5
219,274,4.5
219,954,4.5
219,9323,4.0
219,627,4.0
219,602,4.0
219,238,4.5
219,567,5.0
219,213,4.0
219,963,4.5
219,303,4.0
219,260,4.5
219,562,5.0
219,500,4.0
219,1891,4.5
219,85,4.5
219,1892,4.0
219,525,4.5
219,240,4.0
219,218,4.0
219,826,4.5
219,89,4.5
219,816,4.0
219,18,5.0
219,2118,4.5
219,489,4.0
219,617,4.0
219,1366,4.5
219,857,4.5
219,10414,4.0
219,12230,4.0
219,845,4.5
219,10220,4.0
219,431,4.0
219,881,4.0
219,10156,4.5
219,2657,4.5
219,15196,4.0
219,1542,4.0
219,100,4.0
219,603,5.0
219,9430,4.5
219,817,4.0
219,9473,5.0
219,620,4.0
219,2978,4.0
219,9824,4.0
219,813,4.5
219,14,5.0
219,11712,4.5
219,11230,4.0
219,550,4.5
219,856,5.0
219,492,4.0
219,128,5.0
219,11878,5.0
219,957,4.5
219,1832,5.0
219,8872,4.0
219,8374,4.5
219,2787,4.0
219,1498,4.5
219,1359,4.5
219,98,4.5
219,13785,4.0
219,641,4.0
219,12207,4.0
219,146,4.0
219,107,4.5
219,77,5.0
219,808,4.5
219,2114,4.0
219,11371,4.0
219,9942,4.0
219,2171,4.0
219,9398,4.5
219,1018,4.0
219,1535,4.0
219,161,5.0
219,453,4.0
219,39939,4.5
219,2501,4.5
219,9654,4.0
219,22,4.5
219,8961,4.0
219,153,4.5
219,24,4.5
219,3176,5.0
219,79,4.5
219,616,4.0
219,38,4.5
219,393,4.0
219,11474,4.5
219,28257,4.0
219,809,4.0
219,9472,4.0
219,8699,4.5
219,2502,4.5
219,11282,4.0
219,747,4.5
219,3989,4.0
219,9806,4.0
219,206216,4.0
219,55931,4.0
219,670,5.0
219,4836,4.0
219,9470,4.0
219,187,4.0
219,272,4.5
219,15258,4.5
219,16320,4.0
219,647,4.0
219,5236,5.0
219,9515,4.0
219,752,4.5
219,9388,5.0
219,388,4.0
219,9270,4.5
219,956,4.0
219,2295,4.0
219,35199,4.0
219,326,4.0
219,1422,4.5
219,1124,4.5
219,36557,4.5
219,2062,4.5
219,4638,5.0
219,1271,4.0
219,253768,4.5
219,285,4.0
219,298,4.0
219,1991,4.0
219,2359,4.0
219,1571,4.0
219,1858,4.0
219,2270,4.5
219,2503,4.0
219,8363,4.5
219,1992,4.5
219,5176,5.0
219,13173,4.5
219,4566,4.5
219,4771,4.0
219,6977,4.0
219,7249,4.0
219,7326,4.5
219,6538,4.5
219,8321,4.5
219,8848,4.0
219,155,5.0
219,9870,4.0
219,1726,5.0
219,10681,4.5
219,13183,4.5
219,225130,4.0
219,12405,5.0
219,14359,5.0
219,11499,4.0
219,15060,4.0
220,862,5.0
220,710,4.0
220,63,4.5
220,9598,4.5
220,629,5.0
220,568,5.0
220,1572,4.0
220,2292,5.0
220,11,5.0
220,680,5.0
220,12106,4.0
220,278,5.0
220,9331,4.0
220,13,5.0
220,8587,4.5
220,36955,4.5
220,329,5.0
220,771,4.5
220,812,5.0
220,280,5.0
220,581,5.0
220,275,5.0
220,9802,4.0
220,664,4.0
220,602,4.0
220,238,5.0
220,289,5.0
220,3083,4.5
220,562,5.0
220,510,5.0
220,1891,5.0
220,2493,4.5
220,85,5.0
220,679,5.0
220,185,5.0
220,1892,4.5
220,769,5.0
220,218,4.5
220,137,5.0
220,105,5.0
220,89,5.0
220,578,5.0
220,9390,4.5
220,18,4.5
220,607,5.0
220,686,5.0
220,489,4.5
220,597,5.0
220,115,5.0
220,95,4.0
220,165,4.5
220,196,4.5
220,857,5.0
220,87,4.0
220,30197,4.0
220,73,5.0
220,9487,4.0
220,1542,5.0
220,603,5.0
220,1924,4.0
220,104,4.5
220,9473,5.0
220,620,5.0
220,745,5.0
220,813,4.5
220,11153,4.0
220,658,4.0
220,5548,4.0
220,492,5.0
220,11886,5.0
220,863,5.0
220,497,4.0
220,49948,4.0
220,8469,4.5
220,10559,4.0
220,3536,4.0
220,11072,4.5
220,2024,4.5
220,36657,5.0
220,1597,4.5
220,146,4.5
220,107,4.0
220,8358,4.0
220,134,5.0
220,77,5.0
220,808,5.0
220,10141,4.0
220,2605,4.5
220,9942,4.5
220,585,4.0
220,671,5.0
220,299,4.5
220,425,5.0
220,557,4.5
220,1894,4.0
220,2501,4.0
220,4147,4.5
220,672,4.5
220,121,4.5
220,640,4.0
220,36658,5.0
220,604,4.5
220,12,5.0
220,22,5.0
220,24,4.5
220,605,4.0
220,587,5.0
220,122,4.5
220,393,4.0
220,809,5.0
220,673,4.5
220,9372,4.0
220,558,4.5
220,2048,4.0
220,2502,4.0
220,1599,4.0
220,9806,4.5
220,1895,4.0
220,272,4.5
220,674,4.0
220,36668,4.0
220,920,5.0
220,58,4.0
220,496,4.0
220,9693,5.0
220,36557,4.0
220,2062,4.5
220,1271,4.5
220,35,4.0
220,4512,5.0
220,6977,4.5
220,7191,4.0
220,8247,4.0
220,155,5.0
220,8780,4.5
220,1726,4.5
220,217,4.0
220,10681,5.0
220,14976,4.0
220,12113,4.0
220,13475,5.0
221,902,4.5
221,63,5.0
221,629,4.5
221,11010,4.5
221,13685,4.5
221,103,5.0
221,11000,4.5
221,649,4.0
221,26564,4.5
221,76,4.5
221,680,5.0
221,278,4.0
221,11382,4.5
221,6075,4.5
221,10997,4.5
221,13815,4.5
221,10440,4.5
221,78,5.0
221,9479,4.5
221,280,4.5
221,274,4.0
221,275,5.0
221,935,4.5
221,627,4.5
221,26748,4.5
221,238,4.5
221,426,5.0
221,567,4.5
221,3078,4.5
221,213,5.0
221,239,4.0
221,289,5.0
221,963,4.5
221,599,5.0
221,15,4.5
221,705,5.0
221,223,4.5
221,303,4.0
221,3529,4.5
221,3085,4.0
221,1585,5.0
221,260,4.5
221,11159,5.0
221,11561,4.0
221,623,5.0
221,583,4.5
221,521,4.5
221,500,4.5
221,792,4.5
221,221,4.0
221,702,5.0
221,11843,4.0
221,762,4.0
221,11216,4.0
221,1412,4.5
221,14285,4.5
221,510,5.0
221,2493,4.5
221,68,5.0
221,679,5.0
221,429,4.0
221,389,4.5
221,185,4.5
221,595,5.0
221,28,5.0
221,1092,5.0
221,769,4.5
221,348,5.0
221,539,4.5
221,525,4.5
221,600,4.5
221,10705,5.0
221,279,5.0
221,387,4.0
221,696,4.5
221,379,5.0
221,37247,4.5
221,829,4.0
221,3090,4.5
221,694,5.0
221,235,5.0
221,832,4.5
221,11778,5.0
221,137,4.0
221,33,4.5
221,982,4.0
221,212,4.5
221,903,4.5
221,3034,5.0
221,288,4.5
221,910,4.5
221,665,4.0
221,11031,4.5
221,10322,4.5
221,783,4.0
221,625,5.0
221,814,4.0
221,157,4.0
221,578,4.0
221,75,4.0
221,378,5.0
221,16448,5.0
221,9366,4.0
221,2118,5.0
221,4995,4.5
221,9281,4.0
221,8197,5.0
221,29193,4.5
221,20862,4.0
221,544,4.0
221,143,5.0
221,11426,4.5
221,654,4.5
221,9552,4.0
221,12101,4.0
221,346,5.0
221,242,4.0
221,396,5.0
221,1580,4.0
221,845,4.0
221,2028,4.0
221,10403,5.0
221,30197,4.5
221,10156,4.5
221,2657,4.5
221,4518,4.0
221,12560,4.0
221,1885,4.5
221,10013,4.5
221,1542,4.0
221,9451,5.0
221,14283,4.0
221,104,4.0
221,10279,4.5
221,14,5.0
221,10669,4.5
221,226,4.5
221,9377,4.0
221,11901,4.0
221,391,4.5
221,550,5.0
221,11562,5.0
221,492,4.5
221,11040,4.5
221,1621,4.0
221,24226,4.5
221,5156,4.5
221,24276,5.0
221,596,4.5
221,25188,5.0
221,1883,4.0
221,4816,4.5
221,11016,4.5
221,968,5.0
221,925,4.5
221,996,4.5
221,801,4.0
221,2291,5.0
221,243,4.0
221,11327,4.0
221,10774,4.5
221,11356,4.0
221,11027,4.5
221,11072,4.5
221,938,4.5
221,11368,4.0
221,592,4.0
221,9040,4.5
221,11686,4.5
221,786,4.5
221,13785,5.0
221,14295,5.0
221,146,4.5
221,2609,4.0
221,134,4.0
221,21991,4.0
221,1900,4.5
221,26719,4.5
221,111,4.0
221,15497,4.5
221,9576,4.0
221,14506,4.5
221,14776,4.5
221,1548,4.0
221,13403,4.5
221,249,4.0
221,269,4.0
221,194,5.0
221,37257,4.0
221,651,4.5
221,1391,4.0
221,548,4.5
221,1430,5.0
221,2757,4.0
221,2755,4.5
221,1429,4.5
221,598,5.0
221,14308,5.0
221,12,4.0
221,6643,5.0
221,302,4.5
221,3472,4.0
221,11206,4.0
221,936,4.0
221,12268,4.0
221,153,5.0
221,11293,4.0
221,650,5.0
221,18900,4.0
221,322,4.0
221,234,5.0
221,3112,4.0
221,17687,4.5
221,995,4.0
221,916,4.0
221,22584,4.5
221,27725,4.5
221,38,4.0
221,988,4.0
221,25736,4.0
221,113,4.0
221,29740,4.5
221,1786,4.5
221,28257,4.5
221,9372,4.5
221,11584,4.0
221,80,4.5
221,436,4.0
221,401,4.0
221,1653,4.5
221,14337,4.0
221,9675,5.0
221,18889,5.0
221,27899,4.0
221,43864,4.5
221,11558,4.0
221,2841,5.0
221,12496,4.5
221,21200,4.5
221,670,4.5
221,25500,4.5
221,1114,4.0
221,11190,4.5
221,11420,5.0
221,291,4.5
221,13372,4.5
221,421,4.0
221,613,4.0
221,2517,4.5
221,34561,4.0
221,4935,4.5
221,8340,4.0
221,30856,4.0
221,3875,4.5
221,13020,4.5
222,807,4.0
222,197,4.0
222,680,4.0
222,3049,4.0
222,13,4.0
222,238,4.5
222,500,4.0
222,1103,4.0
222,85,4.0
222,185,4.0
222,769,4.0
222,525,5.0
222,240,4.5
222,600,4.0
222,105,4.5
222,3034,4.0
222,37165,4.0
222,380,4.0
222,1374,4.0
222,603,4.0
222,620,4.0
222,9563,4.0
222,8469,4.0
222,98,4.5
222,2123,4.0
222,37136,4.0
222,1597,4.0
222,711,4.0
222,4133,4.5
222,9398,4.5
222,161,4.0
222,120,4.0
222,453,4.5
222,3131,4.0
222,640,4.5
222,310,4.0
222,1584,4.0
222,24,4.0
222,616,4.0
222,9384,4.0
222,393,4.0
222,9472,4.0
222,1677,4.0
222,12776,4.0
222,187,4.0
222,9522,4.0
222,752,4.0
222,1422,4.5
222,13223,4.0
222,12163,4.5
222,10201,4.0
222,8832,4.0
222,16869,4.5
222,18785,4.5
222,19905,4.5
222,37799,4.0
222,36940,4.0
222,45317,4.5
222,49530,4.0
222,70160,4.0
222,49026,4.5
222,68734,4.5
222,123025,4.0
222,68718,4.0
222,142061,4.5
222,96721,4.0
222,106646,5.0
223,278,4.5
223,15144,4.0
223,6435,4.5
223,1934,4.0
223,745,4.5
223,36657,4.0
223,77,4.0
223,808,4.0
223,585,4.0
223,671,4.0
223,194,5.0
223,557,4.0
223,180,4.0
223,1672,4.0
223,16636,4.0
223,809,4.0
223,401,5.0
223,9806,4.5
223,187,4.0
223,272,4.0
223,1417,5.0
223,1422,4.0
223,155,4.5
224,9603,5.0
224,9058,5.0
224,13,5.0
224,1637,4.0
224,11566,4.0
224,424,5.0
224,274,4.0
224,238,4.0
224,1585,4.0
224,2493,5.0
224,235,5.0
224,137,5.0
224,105,5.0
224,639,5.0
224,9390,5.0
224,378,5.0
224,597,5.0
224,2108,5.0
224,857,5.0
224,10340,4.0
224,2619,5.0
224,2107,5.0
224,15144,5.0
224,8393,5.0
224,4011,5.0
224,2028,5.0
224,1934,4.0
224,620,4.0
224,813,5.0
224,11153,5.0
224,2280,5.0
224,850,5.0
224,9346,5.0
224,9377,5.0
224,11498,5.0
224,2039,5.0
224,177,4.0
224,13342,4.0
224,2069,5.0
224,12186,5.0
224,287,4.0
224,9079,4.0
224,118098,5.0
224,11977,5.0
224,6003,5.0
224,1597,5.0
225,10634,5.0
225,9614,5.0
225,2292,5.0
225,8467,5.0
225,11381,5.0
225,9559,4.0
225,10872,4.0
225,812,4.0
225,11543,5.0
225,10218,4.0
225,623,4.0
225,1891,4.0
225,2493,4.0
225,348,4.0
225,235,5.0
225,105,4.0
225,2640,4.0
225,814,4.0
225,6114,4.0
225,578,5.0
225,4232,4.0
225,9427,4.0
225,9490,4.0
225,15037,5.0
225,544,4.0
225,10072,4.0
225,4488,5.0
225,9725,4.0
225,609,4.0
225,941,4.0
225,942,4.0
225,165,4.0
225,2028,4.0
225,10377,4.0
225,20701,5.0
225,9749,4.0
225,1934,5.0
225,5825,4.0
225,11815,4.0
225,9426,4.0
225,15849,4.0
225,620,4.0
225,813,4.0
225,2280,5.0
225,9346,4.0
225,1832,4.0
225,8872,4.0
226,710,4.0
226,524,4.5
226,63,4.0
226,807,5.0
226,10634,4.0
226,9614,5.0
226,33542,4.0
226,568,4.5
226,414,4.0
226,10428,5.0
226,2293,5.0
226,11017,5.0
226,2292,5.0
226,8467,5.0
226,11,4.5
226,680,4.5
226,11381,4.0
226,3049,4.5
226,13,4.0
226,9359,4.0
226,306,4.0
226,9571,4.5
226,329,4.0
226,9800,4.0
226,8005,4.0
226,14291,4.0
226,10442,4.0
226,771,4.0
226,812,4.0
226,280,4.0
226,275,4.5
226,10539,4.0
226,3065,5.0
226,9802,4.0
226,9894,4.0
226,11543,4.0
226,9078,4.0
226,252,5.0
226,601,4.0
226,762,5.0
226,510,4.0
226,1891,5.0
226,2493,4.5
226,85,4.0
226,185,4.0
226,595,4.0
226,1892,5.0
226,525,4.0
226,600,5.0
226,703,4.0
226,37291,4.0
226,218,4.0
226,207,4.0
226,37247,4.0
226,13667,4.5
226,694,4.0
226,235,4.0
226,5925,4.5
226,137,4.0
226,105,4.0
226,903,4.5
226,3034,4.0
226,11031,4.5
226,89,4.5
226,199,4.0
226,378,4.0
226,4232,4.0
226,816,4.0
226,18,4.5
226,8834,4.0
226,9827,4.0
226,11975,4.0
226,489,4.0
226,115,5.0
226,9490,4.0
226,1725,4.0
226,380,4.0
226,2108,4.0
226,9340,5.0
226,165,4.0
226,9354,4.0
226,10414,4.0
226,87,4.0
226,11814,4.0
226,11704,4.0
226,15144,4.0
226,8393,4.0
226,34584,4.5
226,4011,4.0
226,847,4.0
226,10220,4.0
226,881,4.5
226,73,4.5
226,9326,4.0
226,15196,4.0
226,5825,4.5
226,1542,5.0
226,2362,4.0
226,603,4.0
226,6396,4.0
226,509,4.0
226,817,4.0
226,620,4.0
226,11153,4.0
226,2280,4.0
226,850,4.5
226,14,4.0
226,9346,4.0
226,861,4.0
226,9377,4.5
226,550,4.0
226,29251,4.5
226,492,4.0
226,957,5.0
226,11886,4.0
226,1621,4.0
226,1832,4.5
226,9647,4.0
226,11393,4.0
226,334,4.0
226,13342,4.0
226,8872,5.0
226,8873,4.0
226,9609,4.0
226,8374,4.5
226,5693,4.5
226,820,4.0
226,8469,4.5
226,1498,4.0
226,11520,4.0
226,243,4.0
226,1359,4.5
226,98,4.0
226,21,5.0
226,11072,5.0
226,8810,4.0
226,10276,4.5
226,786,4.5
226,13785,4.0
226,10637,4.0
226,1597,4.0
226,8871,4.0
226,107,4.5
226,134,4.0
226,90,4.0
226,10110,4.5
226,14052,4.0
226,4985,4.0
226,4133,4.0
226,111,4.5
226,808,4.0
226,1632,4.0
226,9602,4.0
226,11966,4.0
226,1648,5.0
226,9942,4.0
226,2294,4.5
226,585,4.0
226,161,4.5
226,1903,4.0
226,9428,4.0
226,1649,4.0
226,120,4.0
226,453,4.5
226,11528,4.0
226,39939,5.0
226,425,4.0
226,11006,4.0
226,557,4.0
226,245,4.0
226,2501,4.0
226,4147,4.0
226,818,4.0
226,8764,4.0
226,12921,5.0
226,8051,4.0
226,1360,4.0
226,7299,4.5
226,121,4.0
226,3131,4.0
226,640,4.5
226,15278,4.0
226,11635,5.0
226,2832,4.0
226,12,4.0
226,9654,4.0
226,170,4.0
226,22,4.5
226,17745,4.0
226,7270,4.0
226,153,4.5
226,650,4.0
226,322,4.5
226,10719,4.0
226,23995,4.0
226,508,4.0
226,616,4.0
226,587,4.5
226,122,4.5
226,14292,4.0
226,1824,4.0
226,9384,4.0
226,924,4.0
226,38,4.5
226,809,4.0
226,673,4.0
226,8193,4.5
226,9472,4.0
226,558,4.0
226,8699,4.0
226,401,4.5
226,11282,4.0
226,747,4.0
226,9675,4.0
226,2288,4.0
226,291,4.5
226,118,4.0
226,421,4.5
226,1640,4.0
226,1895,4.0
226,272,4.5
226,6957,4.0
226,8643,4.0
226,3933,4.0
226,8923,4.0
226,647,4.0
226,674,4.0
226,411,4.0
226,9388,4.5
226,9526,4.0
226,591,4.0
226,2295,4.0
226,773,5.0
226,1422,4.5
226,1124,4.0
226,10090,4.0
226,4638,4.5
226,4964,4.5
226,3432,4.0
226,675,4.0
226,35,4.0
226,8363,4.5
226,5176,4.0
226,4771,4.0
226,4982,5.0
226,6977,5.0
226,6479,4.0
226,13885,4.0
226,9502,4.0
227,63,4.5
227,807,5.0
227,568,4.0
227,76,4.0
227,680,4.5
227,278,4.0
227,13,5.0
227,5503,4.0
227,424,4.0
227,274,4.5
227,935,4.5
227,627,5.0
227,238,4.5
227,630,4.0
227,1891,4.0
227,37165,4.0
227,544,4.5
227,380,4.5
227,1934,4.0
227,603,4.5
227,550,5.0
227,12,4.5
227,24,4.0
227,587,5.0
227,338,4.5
227,553,5.0
227,80,4.0
227,1653,4.5
227,14337,4.5
227,11420,4.0
227,205,5.0
227,613,4.0
227,187,4.0
227,1830,4.5
227,19082,4.0
227,69,4.5
227,773,4.5
227,1262,5.0
227,1402,4.0
227,1523,5.0
227,9693,4.5
227,22311,4.0
227,2503,4.5
227,7347,5.0
227,6977,4.0
227,7326,4.5
227,7345,4.5
227,7862,4.0
227,155,4.5
227,1726,4.5
227,8681,4.5
227,7735,4.0
227,12405,4.5
227,15472,4.0
227,17654,5.0
227,44639,4.0
227,51876,5.0
227,47931,5.0
227,49538,4.5
227,49026,4.0
227,65754,4.0
227,68734,4.5
227,82690,4.0
227,142061,4.0
227,54138,4.0
227,96721,4.0
227,109424,4.0
227,76203,4.0
227,106646,5.0
227,120467,5.0
227,137113,4.0
227,264660,4.0
227,205596,4.5
227,293310,4.0
227,76341,4.0
227,286217,4.5
227,150540,4.5
228,629,4.5
228,11,4.5
228,278,4.0
228,78,4.0
228,238,4.0
228,1891,4.0
228,348,4.5
228,172,4.0
228,8413,4.5
228,551,4.0
228,603,4.5
228,8914,4.0
228,9481,4.0
228,9946,4.0
228,3536,4.0
228,10681,4.0
229,862,5.0
229,710,4.0
229,8012,4.0
229,9598,5.0
229,687,4.0
229,197,5.0
229,11000,4.0
229,568,5.0
229,1642,4.0
229,8984,4.0
229,397,5.0
229,10525,4.0
229,18183,4.0
229,1945,4.0
229,241,4.0
229,527,4.0
229,680,5.0
229,278,5.0
229,193,4.0
229,236,4.0
229,2759,4.0
229,9331,4.0
229,13,4.0
229,712,4.0
229,8587,4.0
229,1637,4.0
229,36955,4.0
229,11566,4.0
229,37233,4.0
229,5503,5.0
229,7984,4.0
229,788,4.0
229,9800,4.0
229,424,4.0
229,858,4.0
229,280,5.0
229,274,4.0
229,954,4.0
229,664,4.0
230,628,4.0
230,114,4.0
230,664,4.0
230,10586,4.0
230,9619,4.0
230,18,5.0
230,2657,4.0
230,1597,4.5
230,8358,4.0
230,644,4.0
230,425,4.0
230,557,4.0
230,608,4.0
230,2675,4.0
230,604,4.0
230,12,4.5
230,170,4.0
230,22,5.0
230,605,4.5
230,558,4.0
230,2048,4.5
230,787,4.5
230,272,4.5
230,74,4.5
230,9522,4.5
230,6957,4.0
230,411,4.5
230,254,4.0
230,58,5.0
230,1858,5.0
230,35,4.5
230,13257,4.5
231,11,4.0
231,680,4.0
231,280,5.0
231,274,4.0
231,238,4.0
231,562,5.0
231,85,4.0
231,679,5.0
231,348,4.0
231,218,4.0
231,105,4.0
231,89,4.0
231,603,5.0
231,14,4.0
231,2503,4.0
231,155,5.0
231,12405,5.0
232,8844,4.0
232,807,4.5
232,197,4.5
232,568,4.5
232,11,4.5
232,680,5.0
232,12106,4.0
232,278,5.0
232,13,4.0
232,788,4.0
232,424,4.5
232,14291,4.0
232,280,4.0
232,238,4.0
232,630,4.0
232,1585,4.0
232,562,4.5
232,252,4.0
232,601,4.0
232,1891,4.5
232,2493,4.0
232,85,4.5
232,1892,5.0
232,218,4.5
232,137,4.0
232,37165,4.5
232,597,4.5
232,95,4.5
232,1366,4.0
232,380,4.0
232,609,4.5
232,857,5.0
232,881,4.0
232,73,5.0
232,13466,4.0
232,603,4.5
232,1893,4.0
232,745,5.0
232,11601,4.0
232,550,4.5
232,497,5.0
232,17908,4.5
232,8374,4.5
232,1359,4.0
232,98,5.0
232,2024,4.5
232,36657,4.0
232,786,4.0
232,10637,4.5
232,1597,4.0
232,641,4.5
232,11978,4.0
232,8358,4.0
232,9740,4.5
232,77,5.0
232,808,4.0
232,676,4.5
232,9705,4.0
232,1933,4.0
232,2034,4.5
232,9398,4.0
232,167,4.0
232,585,4.0
232,161,4.0
232,453,4.0
232,11362,4.0
232,8470,4.0
232,10590,5.0
232,14635,4.0
232,557,4.5
232,1894,4.0
232,4012,4.0
232,4614,4.0
232,2501,4.0
232,180,4.5
232,2675,4.0
232,9533,4.0
232,65,4.0
232,13497,4.0
232,121,4.0
232,3131,4.5
232,640,4.0
232,1574,4.0
232,423,4.5
232,9480,4.0
232,11635,4.0
232,9567,4.0
232,8326,4.0
232,604,4.0
232,12,4.0
232,296,4.0
232,22,4.5
232,7270,4.0
232,1584,4.0
232,11329,4.0
232,13920,4.0
232,79,4.0
232,587,4.0
232,122,4.0
232,1954,4.0
232,14292,4.5
232,1824,4.0
232,1586,4.0
232,38,4.0
232,10625,4.0
232,652,5.0
232,9472,4.0
232,11036,5.0
232,1777,4.0
232,558,4.0
232,2048,4.5
232,2502,4.5
232,1538,4.5
232,11282,4.0
232,176,4.5
232,1677,4.0
232,9806,4.0
232,866,4.0
232,2059,4.0
232,70,4.5
232,205,4.0
232,2567,4.0
232,187,4.5
232,1495,4.0
232,1640,4.5
232,1895,4.0
232,921,4.0
232,787,4.0
232,272,4.5
232,9522,4.0
232,1635,4.0
232,11460,4.0
232,215,4.0
232,25,4.5
232,11661,4.0
232,69,4.0
232,1833,4.0
232,254,4.5
232,752,5.0
232,9388,4.0
232,773,4.0
232,1402,4.0
232,1422,4.5
232,1523,4.0
232,9693,4.0
232,1124,4.5
232,1372,4.0
232,1646,4.0
232,1259,4.0
232,2062,4.0
232,1949,4.0
232,1271,5.0
232,2355,4.0
232,7485,4.0
232,4964,4.0
232,2976,4.0
232,2359,4.0
232,2270,4.0
232,2503,4.0
232,8363,4.0
232,5176,4.0
232,4566,4.0
232,4982,4.0
232,4523,4.5
232,7326,4.5
232,13885,4.5
232,8390,4.0
232,155,5.0
232,9870,4.5
232,13007,4.5
232,1726,4.5
232,12912,4.0
232,13183,4.5
232,4944,4.0
232,13291,4.0
232,12182,4.0
232,12113,4.0
232,10358,4.0
232,3580,4.0
232,15373,4.0
232,13523,4.0
232,14574,4.0
232,13223,4.5
232,8055,4.0
232,11321,4.0
232,4922,4.0
232,13813,4.0
232,10184,4.0
232,16538,4.0
232,13090,4.0
232,16614,4.0
232,16996,4.0
232,16869,4.5
232,13475,5.0
232,534,4.0
232,14160,4.5
232,18785,4.0
232,12162,4.5
232,11322,4.0
232,19913,5.0
232,12573,4.0
232,19959,4.0
232,19908,4.0
232,22803,4.0
232,22947,4.0
232,22832,4.0
232,22881,4.0
232,19995,4.0
232,23483,4.5
232,34544,4.0
232,10193,5.0
232,27205,5.0
232,27576,4.0
232,22538,4.0
232,44603,4.0
232,44214,5.0
232,43539,4.0
232,44264,4.5
233,629,4.0
233,680,4.0
233,278,5.0
233,13,5.0
233,424,4.0
233,274,4.5
233,275,4.0
233,238,4.0
233,185,4.0
233,694,4.0
233,12104,4.0
233,115,4.0
233,857,4.0
233,637,4.0
233,73,4.0
233,603,4.5
233,550,4.0
233,492,4.0
233,2668,4.0
233,497,4.0
233,641,4.5
233,808,4.0
233,194,4.0
233,120,4.0
233,2501,4.0
233,121,4.0
233,1429,4.0
233,423,4.0
233,12,4.0
233,122,4.0
233,38,5.0
233,553,4.0
233,1422,4.0
233,155,4.5
233,10681,4.0
233,11324,4.0
233,152532,4.0
233,194662,4.0
233,150540,4.5
233,192040,4.0
233,331214,4.0
233,359940,5.0
234,862,5.0
234,12665,5.0
234,11443,4.0
234,10530,5.0
234,11359,4.0
234,414,5.0
234,8839,5.0
234,11,5.0
234,11395,5.0
234,9495,4.0
234,8587,5.0
234,1637,4.0
234,329,5.0
234,9593,4.0
234,7007,4.0
234,11969,5.0
234,812,5.0
234,581,4.0
234,268,4.0
234,408,5.0
234,11827,4.0
234,954,4.0
234,27281,4.0
234,664,5.0
234,11867,4.0
234,26531,4.0
234,630,4.0
234,10869,5.0
234,22660,4.0
234,433,4.0
234,11114,4.0
234,562,4.0
234,252,4.0
234,601,5.0
234,1891,5.0
234,85,4.0
234,679,4.0
234,1892,5.0
234,348,5.0
234,235,4.0
234,8009,4.0
234,9279,4.0
234,364,5.0
234,11967,4.0
234,75,4.0
234,2928,5.0
234,10003,4.0
234,11970,5.0
234,754,4.0
234,607,4.0
234,8078,4.0
234,2898,4.0
234,10674,5.0
234,941,4.0
234,9340,4.0
234,12129,5.0
234,10439,5.0
234,9354,4.0
234,10340,5.0
234,10144,5.0
234,11335,4.0
234,11135,4.0
234,11319,4.0
234,15171,4.0
234,11639,4.0
234,4978,5.0
234,34584,5.0
234,10220,4.0
234,14444,4.0
234,9487,5.0
234,9626,4.0
234,9326,4.0
234,603,5.0
234,18462,4.0
234,564,4.0
234,1924,5.0
234,36685,5.0
234,2667,5.0
234,332,5.0
234,10386,5.0
234,5548,4.0
234,856,5.0
234,863,5.0
234,926,4.0
234,1213,4.0
234,9605,5.0
234,11176,4.0
234,1541,4.0
234,10501,4.0
234,879,4.0
234,8584,5.0
234,23069,4.0
234,9663,4.0
234,36657,4.0
234,4327,4.0
234,16340,4.0
234,8358,4.0
234,2453,4.0
234,77,4.0
234,10054,4.0
234,808,5.0
234,1089,4.0
234,12144,4.0
234,1648,4.0
234,331,4.0
235,9087,4.0
235,8012,4.0
235,451,5.0
235,63,4.0
235,9598,4.0
235,687,4.0
235,2054,5.0
235,197,4.0
235,568,5.0
235,2292,4.0
235,522,4.0
235,14275,4.0
235,18183,4.0
235,680,4.0
235,11450,5.0
235,278,4.0
235,11382,4.0
235,13,5.0
235,712,4.0
235,8587,5.0
235,1637,5.0
235,36955,4.0
235,11566,4.0
235,5503,4.0
235,329,4.0
235,788,4.0
235,9800,4.0
235,424,5.0
235,858,4.0
235,812,4.0
235,280,4.0
235,581,4.0
235,274,5.0
235,408,4.0
235,10020,5.0
235,114,4.0
235,664,4.0
235,602,5.0
236,348,5.0
236,3034,5.0
236,794,4.0
236,578,5.0
236,948,5.0
236,9552,5.0
236,14709,5.0
236,30497,4.0
236,2112,5.0
236,1542,4.0
236,8224,4.0
236,100,5.0
236,4951,5.0
236,9430,5.0
236,6396,5.0
236,36685,4.0
236,817,5.0
236,11353,5.0
236,10342,5.0
236,14,5.0
236,1832,5.0
237,63,5.0
237,101,4.0
237,278,4.5
237,510,4.5
237,389,4.0
237,607,4.5
237,2649,4.5
237,1965,4.0
237,603,4.0
237,38,4.0
237,1830,4.0
237,752,4.0
237,9388,4.0
238,8068,4.0
238,402,4.0
238,240,4.0
238,11202,5.0
238,9772,4.0
238,1051,4.0
238,242,5.0
238,907,5.0
238,692,4.0
238,10998,4.0
238,10747,4.0
238,10333,4.0
238,10648,5.0
238,11589,4.0
238,2043,4.0
238,9290,4.0
238,676,4.0
238,301,4.0
238,10651,4.0
238,10141,4.0
238,15393,4.0
238,1018,4.0
238,984,4.0
238,1535,4.0
238,31037,4.0
238,10649,4.0
238,42566,4.0
238,17689,4.0
238,10650,5.0
238,8007,4.0
239,862,4.0
239,949,5.0
239,9087,5.0
239,524,4.5
239,8012,4.0
239,63,5.0
239,807,5.0
239,629,4.5
239,197,4.5
239,8068,4.5
239,11,5.0
239,241,5.0
239,6950,4.0
239,101,4.5
239,680,5.0
239,2164,4.0
239,278,5.0
239,9331,4.5
239,13,5.0
239,8587,4.0
239,11566,4.0
239,37233,4.0
239,5503,4.0
239,7984,5.0
239,329,4.0
239,858,4.0
239,78,4.0
239,812,4.0
239,581,4.0
239,114,4.0
239,275,4.5
239,954,4.0
239,9802,4.0
239,627,4.5
239,602,4.0
239,9294,4.0
239,238,5.0
239,62,4.0
239,562,4.0
239,583,4.0
239,500,5.0
239,792,4.5
239,762,5.0
239,510,4.0
239,1891,5.0
239,2493,4.5
239,85,4.0
239,679,4.0
239,185,5.0
239,28,5.0
239,1892,5.0
239,769,5.0
239,348,4.0
239,240,5.0
239,600,5.0
239,218,4.0
239,207,4.0
239,235,4.5
239,33,4.5
239,89,4.5
239,9366,4.0
239,18,4.5
239,607,4.0
239,686,4.0
239,1669,4.0
239,2649,4.5
239,1813,4.0
239,782,5.0
239,11975,4.5
239,563,4.0
239,37165,4.0
239,489,5.0
239,95,4.0
239,544,4.0
239,380,4.5
239,165,4.0
239,242,4.0
239,857,5.0
239,10122,4.0
239,87,4.5
239,4978,4.0
239,36647,4.0
239,117,4.0
239,10220,4.5
239,881,5.0
239,12159,4.5
239,2657,4.5
239,73,5.0
239,9489,4.5
239,1542,5.0
239,100,5.0
239,603,5.0
239,2105,4.0
239,620,4.0
239,913,4.5
239,2280,4.0
239,14,5.0
239,10398,4.0
239,6415,4.0
239,9377,4.0
239,1654,4.0
239,550,5.0
239,1832,4.0
239,497,4.5
239,8374,5.0
239,462,4.5
239,801,4.0
239,98,4.5
239,955,4.0
239,36657,4.5
239,9741,4.5
239,2604,4.0
239,107,5.0
239,5994,4.0
239,853,5.0
239,111,4.5
239,808,4.0
239,1648,4.0
239,2034,4.0
239,141,4.0
239,11457,4.5
239,585,4.5
239,671,4.0
239,161,4.0
239,120,5.0
239,855,4.5
239,425,4.0
239,8346,4.0
239,557,4.5
239,2501,5.0
239,180,4.0
239,1430,4.5
239,1672,4.5
239,672,4.0
239,7299,5.0
239,121,5.0
239,640,4.0
239,36658,4.0
239,604,5.0
239,12,4.5
239,9654,4.0
239,170,5.0
239,22,4.0
239,650,4.5
239,4543,4.0
239,322,4.5
239,24,4.0
239,605,5.0
239,616,5.0
239,122,5.0
239,393,4.0
239,9509,4.5
239,16219,5.0
239,809,4.0
239,435,4.0
239,673,4.0
239,594,4.5
239,1777,4.0
239,558,4.0
239,2048,4.5
239,2502,5.0
239,1538,4.0
239,4553,4.5
239,9806,4.5
239,163,4.0
239,187,4.0
239,787,4.0
239,272,4.5
239,16320,4.5
239,6957,5.0
239,1830,4.0
239,5236,4.0
239,674,4.0
239,411,4.0
239,752,4.5
239,388,4.5
239,186,5.0
239,36668,4.5
239,1781,4.0
239,1262,4.5
239,1491,5.0
239,1422,4.5
239,1124,4.0
239,1372,4.0
239,2062,4.0
239,1271,4.0
239,285,4.0
239,298,4.5
239,2359,4.0
239,1858,4.0
239,675,4.0
239,2270,4.0
239,2503,5.0
239,8363,4.0
239,5176,5.0
239,4982,4.5
239,6977,5.0
239,155,4.5
239,1726,4.5
240,862,5.0
240,8844,5.0
240,15602,4.0
240,9273,5.0
240,9909,4.0
240,9598,5.0
240,9603,5.0
240,9312,4.0
240,11359,4.0
240,9208,5.0
240,9614,5.0
240,197,5.0
240,9101,4.0
240,568,4.0
240,8839,4.0
240,10329,4.0
240,8963,4.0
240,1572,5.0
240,6520,5.0
240,9886,5.0
240,19326,5.0
240,1642,4.0
240,9348,4.0
240,3512,4.0
240,9804,4.0
240,11017,5.0
240,8984,4.0
240,4954,4.0
240,8467,4.0
240,17207,5.0
240,628,5.0
240,18713,5.0
240,6280,4.0
240,11008,5.0
240,3036,4.0
240,8986,5.0
240,6950,5.0
240,2164,4.0
240,11395,5.0
240,9059,5.0
240,11381,5.0
240,9271,5.0
240,3049,5.0
240,13,5.0
240,8587,4.0
240,11596,4.0
240,854,4.0
240,9359,5.0
240,36593,5.0
240,1637,5.0
240,12160,5.0
240,13595,4.0
240,306,4.0
240,11310,5.0
240,9255,4.0
240,329,4.0
240,9593,4.0
240,788,5.0
240,11858,5.0
240,14534,5.0
240,14291,4.0
240,11236,4.0
240,13203,5.0
240,9479,4.0
240,11969,5.0
240,812,4.0
240,280,4.0
240,581,4.0
240,9099,4.0
240,8840,5.0
240,2300,5.0
240,664,5.0
240,602,5.0
240,9327,5.0
240,11511,4.0
240,252,5.0
240,199,5.0
240,9279,5.0
241,807,4.0
241,629,4.0
241,76,5.0
241,680,4.5
241,274,4.5
241,238,4.5
241,510,4.5
241,185,4.0
241,240,4.0
241,637,4.5
241,603,4.0
241,99,4.0
241,16,5.0
241,194,5.0
241,1360,4.0
241,64,4.0
241,4032,4.0
241,979,4.0
241,38,4.0
241,553,5.0
241,80,5.0
241,140,4.5
241,2288,4.0
241,1913,4.5
241,1951,4.0
241,69,4.0
241,752,4.0
241,219,4.5
241,773,4.5
241,2011,4.0
241,5038,4.5
241,16869,4.5
241,24238,4.5
241,48303,4.0
241,45958,4.0
241,62215,4.5
241,77338,4.5
241,87827,4.5
241,68718,4.0
241,132344,5.0
241,49047,4.5
241,109445,4.0
241,152601,5.0
241,194662,4.5
241,85350,4.5
241,244786,4.5
241,118340,4.0
241,242582,4.5
241,265195,4.5
242,63,5.0
242,807,5.0
242,103,4.0
242,8963,4.0
242,9804,4.0
242,8984,4.0
242,628,5.0
242,680,5.0
242,11450,5.0
242,278,4.0
242,36955,4.0
242,11310,4.0
242,9350,4.0
242,5503,5.0
242,274,5.0
243,710,5.0
243,687,4.0
243,9312,4.0
243,10530,4.0
243,2054,5.0
243,33542,5.0
243,9737,4.0
243,414,4.0
243,8963,5.0
243,1572,5.0
243,9886,5.0
243,10802,5.0
243,4954,5.0
243,17207,4.0
243,9495,5.0
243,13,4.0
243,1637,5.0
243,2758,4.0
243,306,4.0
243,9350,5.0
243,9739,4.0
243,9255,5.0
243,8005,5.0
243,280,4.0
243,954,5.0
243,664,5.0
244,949,5.0
244,710,5.0
244,197,5.0
244,11780,5.0
244,9331,4.0
244,13,5.0
244,9359,5.0
244,1637,4.0
244,36955,4.0
244,26141,4.0
244,5503,5.0
244,78,4.0
244,17585,4.0
244,319,4.0
244,280,4.0
244,274,4.0
244,954,4.0
244,9268,4.0
244,10586,4.0
244,623,5.0
244,792,5.0
244,1891,4.0
244,2493,5.0
244,679,5.0
244,766,4.0
244,279,5.0
244,1578,4.0
244,387,5.0
244,9665,5.0
244,105,5.0
244,11031,5.0
244,783,4.0
244,199,5.0
244,1573,4.0
244,364,4.0
244,9361,5.0
244,9311,4.0
244,18,4.0
244,607,4.0
244,4421,4.0
244,8834,4.0
244,1669,5.0
244,9411,4.0
244,9558,5.0
244,9443,5.0
244,857,5.0
244,2112,5.0
244,603,4.0
244,620,5.0
244,813,5.0
244,2280,4.0
244,11541,5.0
244,36643,5.0
244,24276,5.0
244,14040,5.0
244,9869,4.0
244,2787,4.0
244,287,5.0
244,98,5.0
244,8810,4.0
244,2133,4.0
244,13783,5.0
245,14275,4.0
245,14285,4.0
245,863,4.0
246,4584,5.0
246,17015,4.5
246,902,5.0
246,629,4.5
246,11104,5.0
246,8068,4.5
246,522,4.0
246,11,5.0
246,101,4.0
246,680,4.0
246,712,5.0
246,2758,5.0
246,78,5.0
246,280,5.0
246,10112,4.0
246,922,5.0
246,40751,4.0
246,3573,4.0
246,239,4.5
246,1891,5.0
246,1892,5.0
246,218,4.5
246,18971,5.0
246,207,4.0
246,12104,4.0
246,642,4.0
246,18,4.0
246,2649,5.0
246,1813,4.0
246,10215,4.0
246,1878,4.0
246,859,4.5
246,10122,4.0
246,2907,5.0
246,4518,5.0
246,1934,4.5
246,603,5.0
246,1414,4.5
246,509,4.5
246,10154,4.0
246,861,4.0
246,550,4.0
246,10399,4.0
246,2668,5.0
246,177,4.0
246,8843,5.0
246,146,4.5
246,107,4.5
246,843,5.0
246,77,5.0
246,634,4.0
246,1734,4.5
246,1933,5.0
246,1018,5.0
246,10778,4.0
246,585,4.5
246,671,4.0
246,42160,5.0
246,161,4.5
246,194,4.0
246,120,5.0
246,5279,5.0
246,17990,5.0
246,129,5.0
246,37606,5.0
246,2757,4.5
246,121,5.0
246,8392,5.0
246,10515,4.5
246,604,4.5
246,12,5.0
246,22,5.0
246,11770,4.0
246,9662,4.0
246,24,4.5
246,605,5.0
246,508,5.0
246,3176,4.0
246,79,5.0
246,81,4.5
246,587,5.0
246,122,5.0
246,38,5.0
246,1487,4.5
246,393,5.0
246,18329,5.0
246,164721,5.0
246,11044,4.0
246,5137,4.0
246,866,4.0
246,9550,4.0
246,163,4.0
246,16859,4.5
246,11621,5.0
246,844,4.5
246,16171,5.0
246,118,4.0
246,4935,5.0
246,9470,5.0
246,187,4.5
246,953,4.5
246,674,4.0
246,752,5.0
246,186,4.5
246,920,4.0
246,58,4.5
246,300,4.5
246,1417,4.0
246,36557,5.0
246,1730,4.5
246,4977,5.0
246,285,4.5
246,6977,4.5
246,8321,4.5
246,1726,4.0
246,14784,5.0
246,9502,5.0
246,10681,5.0
246,13183,5.0
246,12289,5.0
246,225130,5.0
246,10527,4.5
246,10764,4.5
246,12429,5.0
246,16804,5.0
246,16869,5.0
246,17431,4.5
246,15384,5.0
246,14160,5.0
246,12162,5.0
246,8054,4.5
246,17654,4.5
246,19908,4.5
246,10198,5.0
246,19995,4.0
246,13949,4.5
246,12155,4.0
246,27205,5.0
246,37799,4.0
246,41216,4.0
246,42188,4.0
246,44214,4.5
246,45269,5.0
246,38757,5.0
246,37710,4.0
246,20526,4.0
246,49849,4.0
246,44896,5.0
246,38050,4.0
246,45612,4.0
246,13413,5.0
246,10195,4.0
246,1865,4.0
246,49444,5.0
246,37686,4.0
246,24428,4.0
246,49517,5.0
246,58423,4.5
246,37958,5.0
246,58574,4.5
246,62764,4.5
246,41154,4.0
246,80321,4.5
246,62177,4.0
246,37724,4.5
247,862,5.0
247,807,4.0
247,629,5.0
247,197,4.0
247,11,4.0
247,101,4.0
247,680,4.0
247,278,4.5
247,13,5.0
247,8587,5.0
247,329,4.5
247,424,4.0
247,812,5.0
247,274,4.0
247,275,4.0
247,238,4.0
247,872,5.0
247,289,4.0
247,630,4.0
247,15,4.0
247,252,4.0
247,500,4.0
247,510,5.0
247,1891,4.5
247,2493,5.0
247,85,4.0
247,240,4.0
247,694,4.0
247,105,4.0
247,89,4.0
247,37165,5.0
247,489,4.5
247,857,4.0
247,9325,5.0
247,745,4.5
247,14,4.0
247,550,5.0
247,863,4.5
247,497,5.0
247,8374,4.0
247,98,4.0
247,77,4.5
247,141,5.0
247,585,4.0
247,120,4.0
247,453,4.0
247,2501,4.0
247,180,4.0
247,121,4.0
247,598,4.0
247,12,4.0
247,22,4.0
247,122,4.0
247,38,4.0
247,4553,5.0
247,9806,4.0
247,272,4.0
247,752,4.0
247,1417,4.0
247,1422,4.5
247,1124,4.5
247,1271,5.0
247,675,5.0
247,155,4.0
247,16869,4.0
247,13475,4.0
247,14160,4.0
247,18785,4.0
247,767,5.0
247,11324,4.0
247,10193,4.0
247,27205,4.0
247,12444,5.0
247,12445,5.0
247,70160,4.0
247,49026,4.0
247,49047,4.0
247,106646,4.0
247,157336,4.0
247,137113,4.0
247,118340,4.5
247,245891,5.0
247,177572,4.5
247,264660,5.0
247,205596,4.0
247,266856,4.0
247,286217,4.0
247,150540,4.0
247,281957,5.0
247,314365,5.0
247,269149,4.0
248,85,4.0
248,89,4.0
248,87,4.0
248,603,4.0
248,425,4.0
248,22,4.0
248,9806,5.0
248,58,4.0
248,285,4.0
248,1726,4.0
248,10681,4.5
248,51876,4.5
248,1865,4.0
248,75656,4.5
248,166426,4.0
248,293660,4.5
248,299536,4.0
248,283995,4.0
248,284052,4.0
248,315623,5.0
248,335209,5.0
248,282758,4.5
248,333040,4.0
248,291805,4.5
248,383498,4.5
249,862,4.0
249,8844,4.0
249,63,5.0
249,807,5.0
249,629,4.0
249,755,4.0
249,197,5.0
249,103,4.5
249,9737,4.0
249,11780,4.0
249,628,4.0
249,11,5.0
249,101,5.0
249,680,4.0
249,278,4.5
249,13,4.5
249,8587,5.0
249,854,4.0
249,1637,4.0
249,36955,4.0
249,5503,4.5
249,329,4.0
249,10412,4.0
249,424,4.5
249,78,4.0
249,812,4.0
249,280,4.0
249,274,4.0
249,10020,4.0
249,275,4.5
249,9802,4.0
249,935,4.0
249,627,4.5
249,602,4.0
249,238,4.5
249,426,4.0
249,213,4.0
249,289,4.5
249,62,4.5
249,11360,4.0
249,562,4.0
249,819,4.0
249,623,4.0
249,583,5.0
249,521,4.0
249,500,4.0
249,975,4.0
249,510,4.5
249,1891,5.0
249,85,5.0
249,429,5.0
249,389,5.0
249,185,4.0
249,335,4.5
249,1892,4.5
249,769,4.0
249,348,4.5
249,539,5.0
249,525,4.0
249,240,4.0
249,218,4.0
249,13667,4.0
249,137,4.5
249,105,4.5
249,89,4.5
249,9361,4.0
249,9434,4.0
249,816,4.0
249,18,4.0
249,1701,4.0
249,11970,4.0
249,754,4.0
249,607,4.5
249,2118,4.5
249,2649,4.5
249,563,4.0
249,11831,4.0
249,489,4.0
249,115,4.5
249,1878,4.0
249,95,4.0
249,1366,4.5
249,941,4.0
249,165,4.0
249,857,4.5
249,9325,4.5
249,10144,4.5
249,36647,4.0
249,117,4.5
249,431,4.0
249,2109,4.0
249,73,4.5
249,9798,4.5
249,9487,4.0
249,192,4.5
249,1542,4.0
249,100,4.0
249,603,5.0
249,564,4.0
249,104,4.0
249,9473,4.5
249,2105,4.0
249,620,4.0
249,745,4.0
249,2280,4.0
249,14,4.5
249,646,4.0
249,391,4.5
249,550,5.0
249,856,4.0
249,492,4.0
249,9481,4.0
249,11886,4.0
249,1621,4.0
249,497,4.0
249,9609,4.0
249,8374,4.5
249,2069,4.0
249,901,4.0
249,462,4.0
249,9532,4.0
249,801,4.0
249,879,4.0
249,106,4.0
249,1359,5.0
249,98,4.0
249,9285,4.0
249,938,4.5
249,9679,4.0
249,2024,4.0
249,36657,4.0
249,9741,4.0
249,10673,4.5
249,107,4.0
249,90,4.0
249,77,5.0
249,4133,4.0
249,111,4.5
249,9476,4.5
249,9397,4.0
249,2,4.0
249,5175,4.0
249,2034,4.0
249,9398,4.0
249,141,4.0
249,585,4.0
249,671,4.0
249,299,4.5
249,161,4.0
249,9428,4.0
249,120,5.0
249,425,4.0
249,4547,4.0
249,11452,4.0
249,557,4.0
249,2501,4.0
249,180,4.0
249,6278,4.0
249,4147,4.0
249,9533,4.0
249,65,4.5
249,7299,4.5
249,121,4.5
249,3131,4.5
249,11635,4.5
249,2671,4.0
249,1817,4.0
249,310,4.0
249,12,4.0
249,9654,4.0
249,170,4.0
249,22,4.0
249,8961,4.0
249,11770,4.5
249,153,4.5
249,24,4.5
249,9319,4.0
249,3176,4.0
249,616,4.0
249,122,5.0
249,1954,4.0
249,9352,4.5
249,9384,4.0
249,10591,4.0
249,38,4.0
249,1487,4.0
249,393,4.5
249,10734,4.0
249,673,4.0
249,9372,4.0
249,9472,4.0
249,558,4.0
249,8699,4.5
249,2048,4.0
249,2502,4.0
249,401,4.0
249,1538,4.0
249,11282,4.0
249,747,4.5
249,14337,4.0
249,3989,4.0
249,4553,5.0
249,176,4.0
249,9806,4.0
249,2059,4.0
249,163,4.0
249,9316,4.0
249,2567,4.0
249,8488,4.0
249,561,4.0
249,9470,4.0
249,187,5.0
249,1895,4.0
249,787,4.0
249,272,4.0
249,9522,4.0
249,16320,5.0
249,6957,4.0
249,65215,4.0
249,8923,4.5
249,5236,4.0
249,834,4.0
249,752,4.0
249,9388,4.0
249,388,4.0
249,9339,4.5
249,1164,4.0
249,1402,4.0
249,496,4.0
249,1422,5.0
249,9693,4.5
249,7551,4.0
249,1581,4.0
249,2179,4.0
249,1251,4.0
249,2062,4.5
249,1949,4.5
249,1271,5.0
249,7485,4.0
249,253768,4.0
249,8271,4.0
249,4964,4.0
249,298,4.0
249,1991,4.0
249,1571,4.0
249,1858,4.0
249,675,4.0
249,3563,4.0
249,35,4.0
249,8363,4.5
249,4538,4.0
249,4520,4.0
249,4771,4.0
249,4512,4.5
249,6977,4.0
249,6479,4.0
249,7326,4.0
249,7345,5.0
249,7191,4.0
249,7555,4.0
249,8321,4.0
249,8247,4.0
249,7461,4.0
249,155,5.0
249,9870,4.0
249,1726,4.5
249,8681,4.5
249,9502,4.0
249,10661,4.0
249,10681,4.0
249,8909,4.5
249,8960,4.0
249,11665,4.0
249,13183,4.0
249,12133,4.0
249,10189,5.0
249,7446,4.0
249,12113,4.0
249,10358,4.5
249,13809,4.0
249,12405,4.0
249,15373,4.0
249,13223,4.5
249,11321,4.0
249,10201,4.0
249,16538,4.0
249,13804,4.0
249,16869,5.0
249,17431,4.0
249,13475,4.0
249,18785,4.0
249,12162,4.5
249,19913,4.0
249,767,4.0
249,8054,4.0
249,17654,4.0
249,22494,4.0
249,22794,4.0
249,19908,4.5
249,22947,4.0
249,22881,4.0
249,19995,4.0
249,10528,4.5
249,11324,5.0
249,34016,4.0
249,23483,4.5
249,29917,4.5
249,10193,4.0
249,16023,4.5
249,20352,4.5
249,27205,5.0
249,27578,4.0
249,22538,4.5
249,37799,4.0
249,23168,4.5
249,37735,4.0
249,43923,4.0
249,44115,4.5
249,44214,4.0
249,12444,4.0
249,45317,4.0
249,44264,4.5
249,46838,4.0
249,51876,4.0
249,50348,4.0
249,39513,4.0
249,110639,4.0
249,10195,4.0
249,59436,5.0
249,59678,4.5
249,49444,4.0
249,49538,4.5
249,37686,4.0
249,51540,4.0
249,12445,4.0
249,64690,5.0
249,1771,4.0
249,50646,4.5
249,67913,4.0
249,61791,4.5
249,44835,4.0
249,60308,4.0
249,24428,5.0
249,64720,4.5
249,72113,4.5
249,76025,4.5
249,58423,4.0
249,17578,4.0
249,44826,4.0
249,64328,4.0
249,76163,4.0
249,70160,4.0
249,49026,4.0
249,49040,4.0
249,57157,4.0
249,56292,4.0
249,75174,4.0
249,76726,4.5
249,74387,4.0
249,64688,4.0
249,82532,4.0
249,71552,4.0
249,94329,5.0
249,22970,5.0
249,76493,4.0
249,41154,4.0
249,70981,4.5
249,83666,5.0
249,84332,4.0
249,62177,4.0
249,88005,4.5
249,1930,4.5
249,84175,4.5
249,37724,4.0
249,76360,4.0
249,49526,4.0
249,59967,5.0
249,68722,4.5
249,49049,4.0
249,77016,4.0
249,84892,5.0
249,68734,4.5
249,83542,4.0
249,82690,4.5
249,82693,4.5
249,87827,4.5
249,112336,4.0
249,49051,4.5
249,97630,4.0
249,82654,4.0
249,68718,4.5
249,82682,4.0
249,97367,4.0
249,109414,5.0
249,68721,4.0
249,54138,4.5
249,75656,4.0
249,49521,4.0
249,62211,4.0
249,68726,4.5
249,72190,4.0
249,93456,4.5
249,107985,4.0
249,157386,4.0
249,157354,4.0
249,160588,4.5
249,59859,4.5
249,122906,4.5
249,49047,5.0
249,146233,5.0
249,138697,4.0
249,76338,4.0
249,152532,5.0
249,101299,4.5
249,57158,4.0
249,253941,4.5
249,106646,5.0
249,168672,4.0
249,116745,4.5
249,152601,5.0
249,109443,4.5
249,110415,4.5
249,126963,4.0
249,181886,4.0
249,137106,4.5
249,209247,4.0
249,120467,4.5
249,157336,5.0
249,100402,4.5
249,256561,4.5
249,210479,4.0
249,195589,4.0
249,127585,4.5
249,198277,4.0
249,137113,4.5
249,177677,4.0
249,187017,4.0
249,244786,5.0
249,210577,5.0
249,119450,4.5
249,118340,4.5
249,244772,4.0
249,198663,4.0
249,206487,4.0
249,245891,4.0
249,228150,4.5
249,242582,5.0
249,264660,4.5
249,205596,4.0
249,131631,4.0
249,227159,4.0
249,122917,4.0
249,228967,4.0
249,207703,4.5
249,76341,5.0
249,140607,4.5
249,68735,4.0
249,99861,4.5
249,102899,4.0
249,293660,4.5
249,284054,4.5
249,299536,4.5
249,284053,4.5
249,283995,4.5
249,271110,4.5
249,284052,4.5
249,246655,4.0
249,202249,4.5
249,273248,4.5
249,256591,4.5
249,286217,4.0
249,238713,4.0
249,150540,4.5
249,131634,4.0
249,188927,4.0
249,278927,4.5
249,203801,4.5
249,287689,4.0
249,281957,5.0
249,277216,4.0
249,314365,4.5
249,297762,4.5
249,318846,4.5
249,333371,4.0
249,269149,4.5
249,371645,4.5
249,127380,4.0
249,290250,4.5
249,223702,4.5
249,291805,4.0
249,341012,4.0
249,399106,4.5
249,308266,4.0
249,329865,5.0
249,330459,5.0
249,381288,4.5
249,381284,4.5
249,324849,4.0
249,263115,5.0
249,293167,4.0
249,180863,4.0
249,126889,4.0
249,339403,4.5
249,395834,4.5
249,343668,4.0
249,335984,4.5
249,181808,4.5
249,300668,4.0
249,384521,4.0
249,447332,4.5
249,383498,5.0
250,577,4.0
250,278,5.0
250,2759,5.0
250,15121,5.0
250,207,5.0
250,756,5.0
250,2640,4.0
250,9361,4.5
250,8834,4.5
250,9281,4.5
250,12230,4.0
250,10328,4.5
250,873,5.0
250,10998,5.0
250,462,5.0
250,1541,5.0
250,1700,4.5
250,585,4.0
250,39938,5.0
250,22744,5.0
250,11177,4.0
251,807,5.0
251,103,4.5
251,101,5.0
251,680,5.0
251,278,5.0
251,13,5.0
251,424,5.0
251,274,5.0
251,275,5.0
251,500,5.0
251,2493,5.0
251,28,5.0
251,279,5.0
251,235,5.0
251,489,5.0
251,857,5.0
251,603,5.0
251,550,5.0
251,8392,5.0
251,10193,5.0
251,200813,5.0
251,192040,5.0
252,862,4.5
252,8587,5.0
252,788,4.5
252,12614,4.0
252,783,4.0
252,37165,4.5
252,2657,5.0
252,12,5.0
252,9806,4.5
252,2062,4.5
252,14836,4.5
252,10193,5.0
252,45269,4.5
252,38757,4.0
252,44826,4.5
252,62177,4.5
252,140420,5.0
252,109445,4.5
252,140823,4.0
252,137106,4.0
252,177572,4.0
252,140607,4.0
252,284052,4.0
252,150540,5.0
252,297762,4.0
252,269149,4.0
252,313297,5.0
252,329865,5.0
252,313369,4.0
252,381284,4.0
252,295693,4.0
253,902,4.5
253,10997,5.0
253,275,5.0
253,922,4.5
253,705,4.5
253,900,4.5
253,31225,4.0
253,1092,4.5
253,279,5.0
253,1633,5.0
253,16448,4.5
253,27103,5.0
253,1779,4.0
253,14662,4.0
253,637,5.0
253,9451,5.0
253,14283,4.0
253,99,5.0
253,4816,4.0
253,26580,4.5
253,13403,4.5
253,194,5.0
253,1360,4.0
253,2757,5.0
253,1574,5.0
253,598,4.5
253,1088,4.0
253,9662,4.5
253,780,4.0
253,81,5.0
253,33324,5.0
253,33138,4.5
253,582,4.5
253,13222,4.5
253,1417,5.0
253,2009,4.0
253,2011,4.5
253,16666,4.5
253,14836,4.5
253,16804,4.5
254,862,4.5
254,63,4.5
254,807,4.5
254,629,4.5
254,197,4.0
254,568,4.0
254,11,4.0
254,101,4.5
254,680,5.0
254,278,4.5
254,9271,4.0
254,13,5.0
254,5503,4.0
254,329,4.0
254,424,5.0
254,280,4.0
254,581,4.0
254,274,4.0
254,238,4.0
254,567,4.5
254,500,4.0
254,1891,4.0
254,679,4.0
254,1892,4.0
254,348,4.0
254,694,5.0
254,2118,4.5
254,857,5.0
254,10122,4.0
254,73,4.5
254,1934,4.0
254,10312,4.5
254,100,4.5
254,603,5.0
254,745,5.0
254,14,5.0
254,550,5.0
254,968,4.0
254,98,4.5
254,641,5.0
254,146,4.0
254,107,4.5
254,1900,4.0
254,77,4.5
254,808,5.0
254,141,4.5
254,585,4.0
254,194,4.5
254,120,4.5
254,453,4.0
254,18079,4.5
254,9299,4.5
254,121,4.0
254,423,4.5
254,12,4.5
254,22,4.0
254,322,4.0
254,24,5.0
254,79,4.5
254,122,4.0
254,38,4.5
254,393,4.0
254,809,4.5
254,436,4.0
254,401,4.0
254,1653,4.5
254,4553,4.0
254,9806,4.5
254,11420,4.0
254,70,4.5
254,205,4.5
254,187,5.0
254,13020,4.0
254,1640,4.0
254,921,4.0
254,272,4.5
254,5236,4.0
254,69,4.0
254,612,4.5
254,9912,4.0
254,752,4.5
254,9388,4.0
254,388,4.5
254,4441,4.5
254,13508,4.0
254,1781,4.5
254,773,4.5
254,1402,4.5
254,1417,4.5
254,1422,5.0
254,1523,4.0
254,9693,4.0
254,1124,4.0
254,36557,4.5
254,1372,4.0
255,3049,5.0
255,306,5.0
255,11455,5.0
255,1892,5.0
255,525,5.0
255,10890,5.0
255,32302,4.0
255,620,5.0
255,13824,4.0
255,8469,5.0
255,11977,5.0
256,5,5.0
256,8068,4.0
256,10428,4.5
256,9886,4.0
256,9482,5.0
256,3512,4.5
256,11,4.0
256,101,5.0
256,278,5.0
256,1637,4.0
256,9739,5.0
256,9024,4.0
256,8005,4.0
256,274,4.5
256,602,4.5
256,1891,4.0
256,85,5.0
256,1892,4.0
256,105,5.0
256,8845,4.5
256,943,4.5
256,165,5.0
256,603,4.5
256,772,4.0
256,2005,4.5
256,619,4.0
256,2787,4.0
256,2069,4.5
256,10559,4.0
256,5491,4.5
256,9679,4.0
256,2024,4.0
256,4247,4.0
256,6282,4.0
256,641,4.0
256,11978,5.0
256,3981,4.0
256,8358,4.0
256,1921,4.0
256,2749,4.0
256,634,4.0
256,808,4.5
256,9397,4.0
256,9705,4.0
256,8835,4.0
256,5175,4.5
256,2770,4.0
256,167,4.0
256,161,4.5
256,194,4.0
256,11232,4.5
256,453,5.0
256,2135,4.5
256,425,4.5
256,11544,4.0
256,180,4.0
256,201,4.0
256,640,4.5
256,310,4.0
256,170,4.0
256,8273,4.0
256,508,4.5
256,8619,4.0
256,10147,4.0
256,1824,4.0
256,9352,4.5
256,338,4.0
256,38,5.0
256,809,4.0
256,435,4.0
256,2789,4.0
256,594,4.5
256,163,4.0
256,70,4.0
256,561,4.0
256,7453,4.0
256,1895,4.0
256,953,4.0
256,787,4.0
256,411,4.0
256,950,4.0
256,1124,4.0
256,1571,4.5
256,6479,4.0
256,7249,4.0
256,7840,4.0
256,10681,4.5
256,4922,4.5
256,10201,4.5
256,16869,4.5
256,13475,4.0
256,14160,4.0
256,62128,4.5
256,17654,4.0
256,19908,4.5
256,19995,4.5
256,20504,4.0
256,27578,4.0
256,39514,4.0
256,51876,4.0
256,61791,4.0
256,70160,4.0
256,77338,5.0
256,37724,4.0
256,59967,4.0
256,87827,4.5
256,68718,5.0
256,54138,4.0
256,49047,4.0
256,109424,4.0
256,101299,4.5
256,157336,4.0
256,137113,4.0
256,119450,4.0
256,264660,4.5
256,205596,4.0
256,266856,4.5
256,135397,4.0
256,116149,4.0
256,181533,4.0
256,256876,4.0
256,76341,4.0
256,272693,4.5
256,308369,4.5
256,158852,4.0
256,286217,4.5
256,211672,4.5
256,310133,4.0
256,45227,4.0
257,306,4.0
257,8840,4.0
257,11031,4.5
257,621,4.0
257,146,4.5
257,180,4.0
258,278,5.0
258,424,4.0
258,2493,5.0
258,603,5.0
258,745,4.5
258,550,5.0
258,497,5.0
258,453,5.0
258,640,5.0
258,587,5.0
258,1417,5.0
258,9693,4.5
258,10681,5.0
258,14836,4.5
258,14160,5.0
258,17654,4.5
258,10191,4.5
258,177572,5.0
258,293660,5.0
259,63,5.0
259,414,4.0
259,686,5.0
259,2898,5.0
259,817,4.0
259,16,5.0
259,3981,4.0
259,808,5.0
259,585,4.0
259,161,4.0
259,2755,5.0
259,153,5.0
259,6964,4.0
259,8696,5.0
259,38,4.0
260,902,4.0
260,807,4.5
260,629,5.0
260,103,5.0
260,649,4.5
260,26564,4.5
260,11980,4.0
260,522,4.0
260,680,4.5
260,1587,4.5
260,236,4.0
260,11934,4.5
260,275,5.0
260,503475,5.0
260,935,4.0
260,627,4.5
260,426,4.5
260,567,4.0
260,252,4.0
260,475,4.5
260,500,5.0
260,531,4.5
260,892,4.0
260,766,4.0
260,539,4.0
260,530,4.5
260,343,5.0
260,149,4.0
260,2640,4.0
260,11031,5.0
260,830,4.0
260,7863,4.5
260,12498,5.0
260,9434,4.5
260,11239,4.0
260,20862,4.0
260,473,4.5
260,19,4.0
260,73,4.0
260,11545,5.0
260,15196,4.5
260,4951,4.5
260,9430,5.0
260,9451,4.0
260,104,4.5
260,24128,4.5
260,226,5.0
260,550,4.0
260,856,4.0
260,492,4.5
260,9008,4.0
260,1832,4.5
260,12524,5.0
260,28216,4.5
260,925,4.5
260,243,4.0
260,1443,4.5
260,7443,4.0
260,10401,5.0
260,134,4.0
260,1900,4.0
260,77,4.0
260,3543,4.5
260,1548,5.0
260,70042,4.0
260,141,4.0
260,11013,4.5
260,129,4.5
260,12477,5.0
260,8392,4.5
260,598,4.0
260,14667,4.5
260,14290,4.5
260,16636,4.5
260,1555,4.5
260,170,4.5
260,2771,4.5
260,11206,4.0
260,1428,4.0
260,153,4.0
260,9662,5.0
260,24,4.5
260,3176,4.0
260,393,4.0
260,30959,4.5
260,24798,5.0
260,14108,4.0
261,524,4.0
261,807,4.0
261,629,4.0
261,10474,4.5
261,680,5.0
261,278,4.5
261,13,5.0
261,500,4.5
261,1892,4.5
261,600,4.0
261,218,4.0
261,37165,4.5
261,857,4.0
261,117,5.0
261,73,4.0
261,1542,4.0
261,603,4.0
261,14,5.0
261,786,4.0
261,641,5.0
261,141,5.0
261,161,4.5
261,640,5.0
261,38,5.0
261,14337,5.0
261,206216,4.5
261,1124,4.5
261,7326,5.0
261,155,5.0
261,17431,5.0
261,27205,4.5
261,44214,4.5
261,37724,4.0
261,68718,4.0
261,187017,4.0
262,17015,5.0
262,687,5.0
262,50797,5.0
262,11929,4.0
262,11,4.0
262,11318,5.0
262,3036,5.0
262,527,4.0
262,11971,4.0
262,1245,5.0
262,10057,4.0
262,408,4.0
262,275,5.0
263,862,4.0
263,9087,4.0
263,4584,5.0
263,9598,4.0
263,687,4.0
263,9603,4.0
263,197,4.0
263,568,4.0
263,11780,4.0
263,8068,4.0
263,1909,4.0
263,19101,4.0
263,1945,4.0
263,278,5.0
263,13,4.0
263,712,4.0
263,36955,4.0
263,11566,4.0
263,5503,4.0
263,15765,4.0
263,788,4.0
263,713,4.0
263,424,5.0
263,14291,4.0
263,251,4.0
263,274,5.0
263,114,4.0
263,8866,4.0
263,503475,5.0
263,664,4.0
263,532,5.0
263,289,4.0
263,864,4.0
263,31530,5.0
263,744,4.0
263,9305,4.0
263,1630,4.0
263,762,4.0
263,531,5.0
263,409,5.0
263,10409,4.0
263,1891,4.0
263,2493,4.0
263,1892,4.0
263,530,5.0
263,279,4.0
263,639,4.0
263,7863,4.0
263,9390,4.0
263,11239,4.0
263,1669,4.0
263,2118,5.0
263,2255,4.0
263,9427,4.0
263,10215,5.0
263,11831,4.0
263,489,5.0
263,597,4.0
263,2898,4.0
263,9440,4.0
263,4415,4.0
263,1389,4.0
263,544,4.0
263,13597,4.0
263,9342,4.0
263,859,4.0
263,857,4.0
263,9325,4.0
263,10144,4.0
263,10249,4.0
263,881,4.0
263,162,4.0
263,637,5.0
263,9487,5.0
263,1934,4.0
263,9489,4.0
263,13466,4.0
263,8583,5.0
263,603,4.0
263,9451,4.0
263,24137,4.0
263,10386,4.0
263,913,4.0
263,14,4.0
263,1049,4.0
263,497,4.0
263,1439,4.0
263,7443,4.0
263,2024,4.0
263,36657,4.0
263,786,4.5
263,71,4.0
263,146,4.5
263,392,4.0
263,134,4.0
263,1900,4.0
263,77,5.0
263,808,4.5
263,824,4.0
263,585,4.5
263,671,4.0
263,194,4.0
263,11232,4.0
263,120,4.5
263,453,4.0
263,5279,4.5
263,480,4.0
263,557,4.0
263,245,4.0
263,180,4.0
263,7451,4.0
263,11013,4.5
263,121,4.0
263,1574,5.0
263,455,4.0
263,12,4.5
263,22,4.0
263,4464,4.0
263,153,4.5
263,587,4.0
263,122,4.5
263,38,4.5
263,113,4.5
263,809,4.0
263,13193,4.0
263,673,4.0
263,246,4.0
263,15237,4.0
263,558,4.0
263,80,4.5
263,14337,4.0
263,866,4.5
263,2567,4.0
263,787,4.0
264,862,4.0
264,568,4.0
264,628,4.0
264,193,4.5
264,854,4.0
264,424,4.0
264,10020,4.0
264,10545,4.0
264,433,5.0
264,15121,5.0
264,826,5.0
264,199,4.5
264,174,4.0
264,154,4.0
264,168,4.0
264,607,4.5
264,12230,4.0
264,603,4.5
264,745,4.5
264,10559,4.5
264,585,5.0
264,671,4.5
264,453,5.0
264,672,4.0
264,121,4.5
264,2576,4.5
264,1895,4.0
264,411,5.0
265,63,4.0
265,687,4.0
265,568,4.0
265,11929,4.0
265,11,5.0
265,6950,4.0
265,2164,5.0
265,278,4.0
265,193,4.0
265,10660,4.0
265,8831,4.0
265,329,4.0
265,14291,4.0
265,10445,4.0
265,78,4.0
265,280,4.0
265,274,5.0
265,275,4.0
265,602,4.0
265,872,4.0
265,15,4.0
265,1585,5.0
265,488,5.0
265,26561,4.0
265,1891,5.0
265,85,5.0
265,389,4.0
265,279,4.0
265,218,5.0
265,235,4.0
265,105,5.0
265,903,4.0
265,199,4.0
265,154,5.0
265,168,5.0
265,18,4.0
265,782,4.0
265,563,4.0
265,37165,4.0
265,597,4.0
265,2898,4.0
265,473,4.0
265,654,4.0
265,1366,5.0
265,16619,4.0
265,380,4.0
265,403,4.0
265,857,4.0
265,97,4.0
265,9425,4.0
265,200,4.0
265,10328,4.0
265,9422,4.0
265,11815,4.0
265,2362,4.0
265,871,4.0
265,603,5.0
265,1893,4.0
265,1924,4.0
265,1090,4.0
265,5548,4.0
265,37853,4.0
265,11663,4.0
265,926,4.0
265,632,4.0
265,11287,4.0
265,8293,4.0
265,1879,4.0
265,840,4.0
265,9663,4.0
265,10128,4.0
265,592,4.0
265,14328,4.0
265,36657,5.0
265,2360,4.0
266,949,4.0
266,524,5.0
266,8012,4.0
266,63,4.0
266,629,4.0
266,10634,5.0
266,197,5.0
266,2292,4.0
266,522,4.0
266,11,4.0
266,680,5.0
266,9495,5.0
266,13,4.0
266,5503,4.0
266,329,4.0
266,10872,5.0
266,78,5.0
266,319,5.0
266,280,4.0
266,268,4.0
266,275,5.0
266,9802,5.0
266,627,5.0
266,11543,4.0
266,62,5.0
266,562,4.0
266,623,5.0
266,583,5.0
266,500,5.0
266,792,5.0
266,10537,4.0
266,2756,4.0
266,762,5.0
266,1891,5.0
266,2493,4.0
266,85,5.0
266,68,5.0
266,679,5.0
266,185,5.0
266,28,5.0
266,769,5.0
266,525,5.0
266,600,5.0
266,218,4.0
266,9665,4.0
266,235,4.0
266,765,5.0
266,137,4.0
266,33,5.0
266,105,4.0
266,8009,4.0
266,2640,5.0
266,11031,5.0
266,89,5.0
266,14370,5.0
266,12104,5.0
266,378,5.0
266,9366,5.0
266,9403,4.0
266,816,4.0
266,754,4.0
266,1669,5.0
266,2118,4.0
266,10890,5.0
266,115,5.0
266,1878,5.0
266,1389,4.0
266,857,4.0
266,1779,5.0
266,97,4.0
266,87,4.0
266,36647,4.0
266,4011,4.0
266,117,5.0
266,14577,5.0
266,8195,5.0
266,1091,4.0
266,30197,5.0
266,10029,4.0
266,9535,4.0
266,10212,4.0
266,603,5.0
266,9430,4.0
266,9451,5.0
266,817,5.0
266,9473,5.0
266,10279,5.0
266,345,5.0
266,620,5.0
266,2280,4.0
266,850,4.0
266,704,4.0
266,6415,5.0
266,861,5.0
266,658,5.0
266,550,5.0
266,36819,5.0
266,5548,4.0
266,1621,4.0
266,1832,5.0
266,11663,5.0
266,177,5.0
266,11782,5.0
267,902,4.0
267,11010,5.0
267,197,4.0
267,568,5.0
267,11,5.0
267,329,5.0
267,78,5.0
267,280,5.0
267,274,5.0
267,630,5.0
267,62,4.0
267,10537,5.0
267,892,4.0
267,1891,5.0
267,2493,5.0
267,85,5.0
267,679,5.0
267,1892,5.0
267,218,5.0
267,105,5.0
267,8077,4.0
267,199,5.0
267,782,4.0
267,846,5.0
267,551,4.0
267,1934,5.0
267,9426,5.0
267,2362,4.0
267,603,5.0
267,1946,4.0
267,817,4.0
267,6488,4.0
267,2105,5.0
267,11601,4.0
267,14,4.0
267,13824,5.0
267,9008,4.0
267,10998,5.0
267,9946,4.0
267,926,4.0
267,840,5.0
267,106,4.0
267,11977,5.0
267,98,5.0
267,8452,4.0
267,146,5.0
267,107,5.0
267,11973,4.0
268,902,5.0
268,31174,4.0
268,629,5.0
268,50797,5.0
268,11,4.0
268,32636,5.0
268,9268,4.0
268,238,5.0
268,981,5.0
268,11412,4.0
268,11561,4.0
268,11386,5.0
268,11843,4.0
268,510,4.0
268,1891,5.0
268,2493,5.0
268,429,5.0
268,28,5.0
268,769,5.0
268,240,4.0
268,703,4.0
268,9277,4.0
268,11235,5.0
268,829,5.0
268,765,4.0
268,4485,4.0
268,1554,5.0
268,3034,4.0
268,2640,5.0
268,11031,5.0
268,983,5.0
268,378,5.0
268,4995,5.0
268,1389,5.0
268,466,5.0
268,13820,4.0
268,15389,4.0
268,346,5.0
268,6471,4.0
268,573,4.0
268,11893,4.0
268,10002,5.0
268,19426,5.0
268,1847,5.0
268,603,5.0
268,9430,4.0
268,9465,4.0
268,9451,4.0
268,10279,4.0
268,620,4.0
268,745,4.0
268,11353,4.0
268,14,5.0
268,704,4.0
268,6415,4.0
268,8416,5.0
268,8052,4.0
268,11562,4.0
269,862,5.0
269,15602,4.0
269,949,5.0
269,451,5.0
269,63,4.0
269,20927,5.0
269,9623,4.0
269,9100,5.0
269,9802,4.0
269,627,4.0
269,602,4.0
269,10545,4.0
269,3595,4.0
269,252,4.0
269,11674,4.0
270,862,5.0
270,10858,5.0
270,4584,4.0
270,451,4.0
270,63,4.0
270,687,5.0
270,11448,4.0
270,11010,4.0
270,2054,5.0
270,8987,4.0
270,275,4.0
270,10539,5.0
270,664,4.0
270,602,4.0
270,252,5.0
270,199,4.0
271,63,4.0
271,2759,4.0
271,62,4.0
271,488,4.0
271,1630,4.0
271,679,4.0
271,348,4.0
271,152,4.0
271,9008,4.0
271,635,4.0
271,2750,4.0
271,2757,4.5
271,4982,4.0
272,278,4.0
272,218,4.0
272,18,4.0
272,607,4.0
272,37165,4.0
272,603,4.0
272,497,4.5
272,7299,4.0
272,752,4.0
272,13475,4.0
272,51876,4.0
272,24428,4.0
272,187017,4.0
272,207703,4.0
272,318846,4.5
272,290250,4.0
272,354912,5.0
273,862,5.0
273,8012,5.0
273,63,5.0
273,9598,4.0
273,103,4.0
273,17447,5.0
273,2293,4.0
273,2292,5.0
273,1909,5.0
273,522,5.0
273,397,4.0
273,17207,4.0
273,19101,4.0
273,1945,4.0
273,680,4.0
273,193,5.0
273,1587,4.0
273,3049,4.0
273,2759,5.0
273,712,5.0
273,8587,5.0
273,854,4.0
273,2758,4.0
273,9612,4.0
273,11566,4.0
273,5503,4.0
273,9255,4.0
273,11934,5.0
273,329,4.0
273,11971,5.0
273,788,4.0
273,713,5.0
273,10872,5.0
273,11592,4.0
273,812,5.0
273,280,5.0
273,274,5.0
273,10020,5.0
273,114,4.0
273,10539,4.0
273,10545,4.0
274,862,4.0
274,949,4.0
274,710,4.0
274,524,4.5
274,9273,4.0
274,902,4.0
274,63,4.0
274,9598,4.0
274,9312,4.0
274,807,4.0
274,629,4.0
274,10634,4.0
274,755,4.5
274,197,4.5
274,1572,4.0
274,281,4.0
274,9804,4.0
274,2292,4.0
274,8467,4.5
274,628,4.5
274,241,4.5
274,101,4.5
274,680,5.0
274,12106,4.0
274,278,4.5
274,9059,4.5
274,25066,4.0
274,3049,4.5
274,2759,4.0
274,13,4.5
274,8587,4.0
274,854,4.0
274,36955,4.0
274,1607,4.0
274,6075,4.0
274,9571,4.0
274,424,4.0
274,11969,4.5
274,15139,4.0
274,812,4.0
274,280,4.5
274,581,4.0
274,274,4.0
274,25059,4.0
274,935,4.0
274,627,4.0
274,11543,4.5
274,10779,4.0
274,10061,4.0
274,12335,4.0
274,562,4.0
274,623,4.0
274,500,4.5
274,792,4.0
274,892,4.0
274,510,4.5
274,1891,4.5
274,2493,4.0
274,85,4.0
274,679,4.0
274,185,4.5
274,28,4.0
274,335,4.0
274,1892,4.0
274,769,4.0
274,348,4.0
274,766,4.5
274,10835,4.0
274,539,4.0
274,600,4.0
274,343,4.5
274,218,4.0
274,828,4.0
274,694,4.5
274,765,4.5
274,137,4.5
274,149,4.0
274,3034,4.0
274,642,4.0
274,75,4.0
274,11419,4.0
274,816,4.0
274,18,4.0
274,1701,4.0
274,754,4.0
274,9427,4.0
274,563,4.5
274,37165,4.5
274,8078,4.0
274,489,4.0
274,184,4.5
274,1878,4.0
274,13597,4.0
274,2108,4.0
274,10072,4.0
274,9552,4.0
274,927,4.5
274,928,4.0
274,9340,4.0
274,346,4.0
274,857,4.0
274,14013,4.0
274,793,4.0
274,87,4.0
274,11415,4.0
274,36647,4.0
274,431,4.0
274,1091,4.5
274,637,4.0
274,20701,4.0
274,9945,4.5
274,73,4.5
274,9447,4.5
274,9276,4.0
274,9426,4.0
274,2112,4.0
274,1542,4.5
274,871,4.0
274,603,4.0
274,6522,4.0
274,6552,4.0
274,817,4.0
274,9473,4.0
274,247,4.0
274,745,4.0
274,813,4.0
274,47951,4.5
274,12105,4.5
274,14,5.0
274,6415,4.0
274,9377,4.5
274,658,4.0
274,550,5.0
274,856,4.0
274,492,4.0
274,128,4.0
274,476,4.0
274,1832,4.5
274,2668,4.0
274,863,4.0
274,8374,4.5
274,968,4.5
274,838,4.0
274,8469,4.0
274,2291,4.0
274,243,4.0
274,20697,4.0
274,106,4.5
274,1359,5.0
274,11977,4.0
274,5683,4.0
274,682,4.0
274,11072,4.0
274,985,4.0
274,938,4.0
274,15762,4.0
274,8810,4.0
274,2123,4.0
274,2024,4.0
274,4247,4.0
274,13567,4.0
274,10391,4.0
274,786,4.5
274,641,4.5
274,8452,4.0
274,134,4.0
274,1900,4.0
274,90,4.0
274,764,4.0
274,1547,4.5
274,853,4.0
274,77,4.5
274,2043,4.0
274,111,5.0
274,8337,4.5
274,183,4.0
274,1018,4.0
274,141,4.5
274,299,4.0
274,161,4.0
274,453,4.0
274,11891,4.0
274,20009,4.0
274,39939,4.0
274,7219,4.0
274,1576,4.0
274,9275,4.0
274,129,4.0
274,9012,4.0
274,11880,4.0
274,7299,4.0
274,640,4.0
274,598,4.0
274,1817,4.0
274,2832,4.0
274,36658,4.0
274,12,4.0
274,9654,4.0
274,22,4.0
274,9362,4.0
274,11547,4.0
274,7270,4.0
274,4543,4.0
274,4997,4.0
274,24,5.0
274,10147,4.5
274,3176,4.5
274,616,4.0
274,504,4.0
274,37833,4.0
274,9696,4.0
274,4917,4.0
274,1824,4.0
274,924,4.0
274,38,5.0
274,923,4.5
274,393,5.0
274,7220,4.0
274,9509,4.0
274,652,4.0
274,14980,4.0
274,11474,4.0
274,13122,4.0
274,19185,4.0
274,25224,4.0
274,809,4.0
274,558,4.0
274,11208,4.0
274,747,4.0
274,15301,4.0
274,17467,4.5
274,19087,4.0
274,9282,4.0
274,9316,4.0
274,4836,4.0
274,3509,4.0
274,70,4.0
274,12487,4.5
274,8978,4.0
274,4935,4.0
274,37527,4.0
274,187,4.5
274,1640,4.0
274,1895,4.0
274,953,4.0
274,1696,4.5
274,7553,4.0
274,59,4.0
274,25,4.0
274,9885,4.0
274,7304,4.0
274,9792,4.0
274,9270,4.5
274,9035,4.0
274,4441,4.0
274,9829,4.0
274,2295,4.5
274,773,4.0
274,1164,4.0
274,1948,4.5
274,1491,4.0
274,1579,4.0
274,496,4.0
274,1422,4.0
274,36557,4.0
274,1372,4.0
274,7874,4.0
274,4638,5.0
274,1271,4.0
274,7485,4.0
274,253768,4.0
274,1562,4.0
274,5723,4.0
274,12526,4.0
274,3021,4.0
274,1571,4.0
274,4688,4.0
274,4349,4.0
274,1992,4.5
274,5176,4.0
274,2252,4.0
274,7347,4.5
274,4982,4.0
274,6977,4.0
274,5876,4.5
274,6479,4.0
274,7249,4.0
274,6537,4.0
274,13885,4.0
274,155,4.5
274,13335,4.0
274,8681,4.0
274,12889,4.0
274,13003,4.0
274,13183,4.0
274,10189,4.5
274,13253,4.0
274,12405,4.0
274,13223,4.0
274,16869,5.0
274,13475,4.0
274,14451,4.0
274,12162,4.0
274,18480,4.0
274,8054,4.0
274,19908,4.0
274,11324,4.5
274,23483,4.0
274,10193,4.5
274,16023,4.0
274,27205,5.0
274,23631,4.0
274,23168,4.0
274,45317,4.0
274,44264,4.0
274,45612,4.5
274,45243,4.0
275,862,5.0
275,4584,5.0
275,8012,5.0
275,63,5.0
275,9598,5.0
275,9603,4.0
275,629,4.0
275,13685,5.0
275,26564,5.0
275,9071,4.0
275,76,5.0
275,10451,4.0
275,522,5.0
275,14275,5.0
275,11,4.0
275,39310,5.0
275,680,5.0
275,278,4.0
275,1587,4.0
275,2759,4.0
275,11382,5.0
275,712,4.0
275,2788,5.0
275,10427,5.0
275,11566,4.0
275,9571,4.0
275,9386,4.0
275,329,4.0
275,424,5.0
275,695,5.0
275,78,5.0
275,26408,4.0
275,274,5.0
275,275,4.0
275,8866,4.0
275,627,5.0
275,26748,5.0
275,10478,4.0
275,238,5.0
275,9303,5.0
275,426,5.0
275,567,5.0
275,213,5.0
275,284,5.0
275,289,5.0
275,770,5.0
275,31044,5.0
275,15,5.0
275,705,4.0
275,3085,5.0
275,1585,5.0
275,3083,5.0
275,18203,4.0
275,11159,5.0
275,623,5.0
275,475,5.0
275,500,5.0
275,9504,5.0
275,601,4.0
275,1630,4.0
275,124837,5.0
275,762,5.0
275,531,5.0
275,18129,5.0
275,1412,5.0
275,41768,5.0
275,31225,5.0
275,510,5.0
275,2493,5.0
275,85,4.0
275,68,4.0
275,28,5.0
275,1892,4.0
275,144,4.0
275,769,5.0
275,539,4.0
275,525,4.0
275,240,4.0
275,600,5.0
275,279,5.0
275,1578,5.0
275,703,5.0
275,9277,5.0
275,37247,5.0
275,9322,5.0
275,829,5.0
275,235,4.0
275,137,5.0
275,33,5.0
275,982,5.0
275,105,4.0
275,3034,5.0
275,10404,5.0
275,2640,4.0
275,11031,5.0
275,11257,4.0
275,14370,4.0
275,625,5.0
275,8816,5.0
275,642,5.0
275,639,4.0
275,571,4.0
275,12498,5.0
275,13891,5.0
275,9390,5.0
275,378,5.0
275,1802,5.0
275,9434,5.0
275,105045,5.0
275,11956,5.0
275,14585,5.0
275,1669,4.0
275,2118,4.0
275,2649,5.0
275,55306,4.0
275,68924,5.0
275,10890,5.0
275,9281,4.0
275,45609,5.0
275,489,4.0
275,586,4.0
275,2898,4.0
275,55561,5.0
275,9452,5.0
275,1389,5.0
275,11426,4.0
275,654,5.0
275,1051,4.0
275,11050,5.0
275,403,4.0
275,13820,4.0
275,15389,4.0
275,2108,4.0
275,859,5.0
275,1779,5.0
275,47908,5.0
275,20348,5.0
275,2619,5.0
275,9442,5.0
275,15144,4.0
275,8393,5.0
275,4011,5.0
275,845,5.0
275,8208,4.0
275,21873,5.0
275,2321,4.0
275,2028,4.0
275,10403,5.0
275,32326,5.0
275,637,5.0
275,18603,5.0
275,12560,4.0
275,9487,4.0
275,666,4.0
275,309,5.0
275,9447,5.0
275,10223,4.0
275,11545,5.0
275,1934,4.0
275,12151,4.0
275,14742,5.0
275,9535,4.0
275,100,4.0
275,603,5.0
275,4951,4.0
275,9840,5.0
275,9430,4.0
275,17962,5.0
275,509,5.0
275,104,4.0
275,9473,4.0
275,620,4.0
275,147,4.0
275,20242,4.0
275,10386,5.0
275,813,5.0
275,2280,5.0
275,11963,5.0
275,113273,5.0
275,14,4.0
275,24128,4.0
275,6415,5.0
275,10388,5.0
275,9346,4.0
275,14412,5.0
275,9377,5.0
275,3086,5.0
275,32255,5.0
275,550,5.0
275,492,5.0
275,9008,4.0
275,21849,5.0
275,1621,5.0
275,29371,5.0
275,99,5.0
275,5156,4.0
275,177,5.0
275,863,4.0
275,46435,5.0
275,926,5.0
275,13342,5.0
275,1883,5.0
275,11287,4.0
275,8293,5.0
275,11068,4.0
275,9367,4.0
275,61416,5.0
275,4816,5.0
275,20283,5.0
275,5693,4.0
275,968,5.0
275,8333,5.0
275,462,5.0
275,1541,5.0
275,8469,5.0
275,925,5.0
275,54825,5.0
275,996,5.0
275,990,5.0
275,840,5.0
275,243,4.0
275,10774,5.0
275,13776,4.0
275,11977,5.0
275,98,4.0
275,13105,5.0
275,592,5.0
275,3133,5.0
275,12706,4.0
275,10480,5.0
275,786,4.0
275,16,5.0
275,13785,5.0
275,22597,4.0
275,469,4.0
275,71,4.0
275,14295,5.0
275,146,4.0
275,107,4.0
275,5994,4.0
275,1900,5.0
275,26719,5.0
275,17474,5.0
275,34101,5.0
275,38718,4.0
275,853,4.0
275,77,5.0
275,55,5.0
275,4133,4.0
275,634,5.0
275,19494,5.0
275,25538,5.0
275,26475,5.0
275,9576,5.0
275,11826,5.0
275,11371,4.0
275,9602,4.0
275,10141,4.0
275,3543,4.0
275,1648,5.0
275,9896,5.0
275,12502,5.0
275,9398,5.0
275,1018,4.0
275,585,4.0
275,1999,4.0
275,161,4.0
275,8342,5.0
275,194,5.0
275,9523,5.0
275,9428,5.0
275,120,4.0
275,5279,5.0
275,150,4.0
275,651,4.0
275,480,5.0
275,32030,4.0
275,1391,5.0
275,28124,5.0
275,28384,5.0
275,557,4.0
275,245,4.0
275,2501,4.0
275,180,4.0
275,14651,5.0
275,32961,5.0
275,21828,5.0
275,1430,5.0
275,26560,5.0
275,25113,5.0
275,64,4.0
275,2757,5.0
275,17590,5.0
275,121,4.0
275,1574,4.0
275,262,5.0
275,21923,5.0
275,6038,4.0
275,455,5.0
275,14675,5.0
276,862,4.0
276,8844,4.0
276,11860,4.0
276,12110,4.0
276,9273,4.0
276,2054,5.0
276,13997,5.0
276,9614,5.0
276,9101,4.0
276,568,5.0
276,8467,4.0
276,11,5.0
276,11381,5.0
276,3049,5.0
276,13,5.0
276,8587,5.0
276,36593,5.0
276,9255,5.0
276,329,5.0
276,9099,4.0
276,954,5.0
276,2300,4.0
276,32513,4.0
276,664,4.0
276,532,4.0
276,7095,4.0
276,602,5.0
276,10545,5.0
276,9894,5.0
276,10830,4.0
276,9591,5.0
276,1891,5.0
276,1892,5.0
276,105,5.0
276,11674,4.0
276,75,5.0
277,862,4.0
277,63,5.0
277,9614,4.0
277,11,4.0
277,8840,4.0
277,9304,4.0
277,664,4.0
277,602,4.0
277,9268,4.0
277,12123,4.0
277,10061,4.0
277,9306,4.0
277,199,5.0
277,75,5.0
278,629,5.0
278,9090,4.0
278,278,5.0
278,424,5.0
278,68924,5.0
278,12560,4.5
278,8741,4.5
278,11005,4.5
278,1715,4.0
278,13342,4.0
278,2609,4.0
278,35,5.0
279,197,4.0
279,11,5.0
279,680,5.0
279,278,4.5
279,329,4.0
279,78,5.0
279,280,4.0
279,274,4.0
279,954,4.0
279,602,4.0
279,238,4.0
279,62,4.0
279,562,5.0
279,744,4.0
279,762,5.0
279,1891,5.0
279,85,4.0
279,679,4.5
279,1892,4.5
279,348,5.0
279,600,4.0
279,218,4.0
279,694,5.0
279,89,4.5
279,330,4.0
279,9772,4.0
279,115,4.0
279,857,4.0
279,87,4.0
279,1091,5.0
279,1368,4.0
279,1542,4.0
279,603,4.5
279,106,5.0
279,134,5.0
279,9398,4.0
279,120,4.0
279,121,5.0
279,616,4.0
279,122,4.0
279,8193,5.0
279,272,4.0
279,5236,4.0
279,752,4.0
279,1422,4.0
279,9693,4.5
279,1124,4.5
279,4638,4.0
279,4512,5.0
279,7345,4.5
279,8321,4.0
279,155,4.0
279,7446,4.5
279,13223,4.0
279,16869,4.0
279,17431,4.5
279,17654,4.0
279,19908,4.0
279,11324,4.0
279,27205,4.0
279,22538,4.0
279,23168,4.0
279,49026,5.0
279,94329,4.0
279,37724,5.0
279,68718,4.0
279,146233,5.0
279,120467,4.5
279,157336,5.0
279,137113,4.5
279,156022,4.0
279,194662,4.5
279,210577,4.0
279,245891,4.5
279,242582,4.5
279,264660,5.0
279,207703,4.0
279,76341,4.5
279,293660,4.0
279,281957,5.0
279,338766,4.0
279,329865,4.0
279,324552,4.0
279,263115,4.0
279,346364,5.0
280,862,4.5
280,11860,4.5
280,9263,4.5
280,9603,4.0
280,629,4.5
280,76,4.5
280,19101,4.0
280,13,4.0
280,8587,4.5
280,9571,4.5
280,10897,4.0
280,771,4.0
280,10020,4.5
280,114,4.0
280,164,4.0
280,804,4.0
280,864,4.5
280,433,4.0
280,15121,5.0
280,9591,4.0
280,595,4.0
280,769,5.0
280,37247,4.0
280,621,4.0
280,9390,4.5
280,8874,4.0
280,597,4.0
280,17917,4.0
280,9340,4.0
280,10439,4.0
280,12560,4.0
280,9441,4.5
280,796,4.0
280,4951,4.0
280,9032,4.0
280,10490,4.0
280,745,4.5
280,24128,5.0
280,863,4.0
280,1213,4.5
280,13342,4.0
280,879,4.0
280,2024,4.5
280,2133,4.5
280,786,5.0
280,10637,5.0
280,1597,4.5
280,15739,4.0
280,4133,5.0
280,634,5.0
280,808,4.5
280,676,4.0
280,2171,4.0
280,9398,4.0
280,11457,5.0
280,671,4.0
280,161,4.5
280,194,4.0
280,11528,5.0
280,672,4.0
280,4032,4.5
280,640,4.5
280,12,4.5
280,508,5.0
280,11846,4.0
280,587,4.0
280,10591,5.0
280,9509,4.5
280,10625,5.0
280,164721,4.5
280,10949,4.5
280,673,4.0
280,80,4.5
280,8699,4.0
280,13416,4.5
280,9801,5.0
280,1640,4.5
280,9787,4.5
280,9522,4.0
280,4348,5.0
280,674,4.0
280,9043,4.5
280,591,4.0
280,1422,5.0
280,1372,4.5
280,7457,4.0
280,2266,4.0
280,6691,4.0
280,4964,5.0
280,8363,4.5
280,4347,4.5
280,5915,4.5
280,7326,4.0
280,155,4.5
280,8065,4.5
280,8681,4.0
280,10681,4.0
280,13990,4.0
280,10189,4.5
280,12182,4.5
280,12405,4.5
280,8966,4.0
280,13223,4.0
280,16538,4.0
280,15472,4.5
280,16996,4.5
280,18785,4.0
280,19913,4.0
280,11156,4.0
280,18239,4.0
280,22881,5.0
280,24021,4.0
280,27205,4.0
280,37735,5.0
280,45269,4.0
280,49022,4.0
280,55721,5.0
280,59436,5.0
280,50014,4.5
280,65057,4.5
280,60420,4.0
280,50619,4.0
280,70160,5.0
280,80379,4.0
280,64688,4.0
280,83666,5.0
280,84892,5.0
281,73,4.0
281,9384,4.0
281,673,4.0
281,6957,4.0
281,773,4.5
281,1271,4.5
282,862,4.5
282,949,4.0
282,524,4.0
282,451,4.0
282,9909,4.5
282,63,4.0
282,629,4.5
282,103,4.0
282,568,4.5
282,11,4.0
282,680,4.0
282,278,4.5
282,13,4.5
282,329,4.0
282,788,4.0
282,424,5.0
282,812,4.5
282,280,4.5
282,274,4.0
282,935,4.0
282,238,5.0
282,630,5.0
282,433,4.5
282,252,4.0
282,623,4.0
282,583,4.5
282,500,5.0
282,762,5.0
282,510,5.0
282,429,4.5
282,389,4.5
282,28,4.5
282,769,4.5
282,525,4.0
282,240,5.0
282,600,4.0
282,218,4.5
282,694,4.0
282,137,4.5
282,105,5.0
282,12104,5.0
282,639,4.0
282,9366,4.5
282,816,4.5
282,607,4.0
282,686,4.5
282,1669,4.0
282,1813,4.0
282,37165,4.5
282,489,4.5
282,115,4.0
282,2898,4.0
282,1878,5.0
282,473,4.0
282,1051,4.0
282,1366,4.0
282,380,4.5
282,2108,4.0
282,165,5.0
282,196,4.5
282,857,4.5
282,87,4.0
282,117,4.5
282,10220,4.5
282,881,4.0
282,162,4.0
282,73,4.5
282,9487,4.0
282,10466,5.0
282,9336,4.0
282,10157,4.0
282,9671,4.0
282,9396,4.5
282,8388,4.0
282,1542,4.5
282,9535,4.0
282,100,4.0
282,603,5.0
282,817,4.0
282,620,4.5
282,2978,4.5
282,745,4.5
282,9267,4.5
282,11153,4.0
282,2280,4.5
282,14,4.5
282,226,4.0
282,9377,4.5
282,657,4.0
282,550,4.5
282,856,4.0
282,492,4.5
282,9008,4.5
282,957,4.0
282,1621,5.0
282,863,4.5
282,497,4.0
282,1850,4.0
282,1213,4.5
282,9475,4.0
282,8873,4.0
282,968,4.5
282,243,4.0
282,1359,4.0
282,98,4.0
282,641,4.5
282,10673,4.5
282,12509,4.5
282,8358,4.0
282,134,4.0
282,90,4.0
282,77,4.5
282,4133,5.0
282,634,4.0
282,111,4.5
282,808,4.5
282,1632,4.0
282,10141,5.0
282,2034,4.5
282,984,4.0
282,9081,4.5
282,167,4.0
282,585,4.5
282,161,4.0
282,9428,4.5
282,453,5.0
282,855,4.0
282,425,4.5
282,8346,4.0
282,557,4.0
282,2501,4.5
282,180,4.0
282,818,4.0
282,1430,4.0
282,65,4.0
282,3131,4.5
282,640,5.0
282,423,4.0
282,1647,4.5
282,11949,4.5
282,12,5.0
282,22,4.0
282,7270,4.0
282,4543,4.5
282,1584,4.0
282,809,4.0
282,1777,4.5
282,2502,4.0
282,9806,5.0
282,8677,4.0
282,205,4.0
282,2567,4.5
282,9522,4.5
282,398,4.5
282,142,4.5
282,69,4.0
282,9515,4.0
282,9388,4.0
282,582,4.5
282,920,4.5
282,1262,4.5
282,1491,4.5
282,1422,4.5
282,1523,4.5
282,1124,4.5
282,36557,4.0
282,1372,4.5
282,1247,4.0
282,1251,4.5
282,2062,5.0
282,4964,4.0
282,2503,4.0
282,4982,4.0
282,155,5.0
282,12405,4.0
282,18785,4.0
282,19995,4.0
282,27205,4.5
282,44639,4.5
282,49026,4.0
282,106646,4.5
282,286217,4.0
282,281957,4.5
283,10634,4.0
283,9614,4.0
283,197,5.0
283,568,5.0
283,278,5.0
283,13,5.0
283,274,4.0
283,275,4.0
283,3065,4.0
283,9327,4.0
283,1892,4.0
283,816,4.0
283,607,4.0
283,489,5.0
283,944,4.0
284,8844,4.0
284,710,4.0
284,1408,4.0
284,9273,4.0
284,63,5.0
284,9208,5.0
284,9614,5.0
284,197,5.0
284,33542,4.0
284,1572,5.0
284,9482,4.0
284,11472,4.0
284,9804,4.0
284,11017,4.0
284,2292,5.0
284,8467,4.0
284,397,4.0
284,10525,5.0
284,17207,4.0
284,11777,4.0
284,11008,4.0
284,680,4.0
284,12106,4.0
284,2164,4.0
284,278,4.0
284,9067,4.0
284,11381,4.0
284,9271,4.0
284,2064,4.0
284,3049,5.0
284,11382,4.0
284,13,5.0
284,712,4.0
284,854,5.0
284,8987,4.0
284,1637,5.0
284,36955,4.0
284,13595,4.0
284,9350,4.0
284,9612,4.0
284,11566,4.0
284,9739,4.0
284,5503,4.0
284,9386,4.0
284,329,5.0
284,788,5.0
284,858,4.0
284,9066,4.0
284,812,5.0
284,280,5.0
284,581,4.0
284,268,5.0
284,10020,4.0
284,9099,4.0
284,664,4.0
285,103,5.0
285,680,4.0
285,9571,5.0
285,238,5.0
285,426,5.0
285,567,5.0
285,289,5.0
285,220,4.0
285,702,5.0
285,510,5.0
285,539,4.5
285,37247,5.0
285,829,5.0
285,903,4.5
285,642,4.0
285,571,4.0
285,489,4.0
285,654,4.0
285,2108,5.0
285,850,4.0
285,25934,4.0
285,423,4.0
285,891,4.0
285,120467,4.0
286,949,4.5
286,807,5.0
286,197,5.0
286,568,4.0
286,1572,4.0
286,1642,4.0
286,680,5.0
286,13,4.5
286,8587,5.0
286,1637,4.0
286,37233,4.0
286,1634,4.0
286,9800,4.5
286,424,4.0
286,858,4.0
286,274,4.0
286,562,4.5
286,819,5.0
286,583,4.0
286,601,4.0
286,510,4.0
286,694,4.5
286,571,4.0
286,2649,4.0
286,37165,4.0
286,95,4.0
286,857,4.5
286,73,5.0
286,2112,4.0
286,603,4.5
286,745,5.0
286,550,5.0
286,492,4.5
286,497,5.0
286,1700,4.5
286,9741,4.5
286,107,5.0
286,8358,4.0
286,1900,4.0
286,9740,4.5
286,77,4.5
286,1018,5.0
286,1535,4.0
286,161,4.0
286,194,5.0
286,120,4.5
286,453,5.0
286,425,5.0
286,121,4.5
286,37191,5.0
286,12,5.0
286,22,4.0
286,24,5.0
286,122,5.0
286,38,5.0
286,393,5.0
286,9806,4.0
287,902,4.5
287,13685,4.0
287,36196,4.5
287,1024,5.0
287,1587,4.0
287,9571,4.5
287,11934,4.5
287,424,4.0
287,9479,4.0
287,275,4.5
287,3065,4.0
287,762,4.0
287,18,4.0
287,473,4.5
287,2108,4.5
287,4011,4.0
287,162,4.0
287,9451,4.0
287,226,4.0
287,550,4.0
287,404,4.5
287,492,4.0
287,957,4.0
287,334,4.0
287,1443,4.0
287,13785,4.0
287,641,5.0
287,134,4.0
287,13403,5.0
287,1018,4.0
287,141,4.5
287,194,5.0
287,9428,5.0
287,120,4.0
287,9962,4.0
287,129,4.5
287,8051,5.0
287,1360,4.5
287,121,4.0
287,590,5.0
287,13370,5.0
287,16636,4.0
287,2771,5.0
287,153,5.0
287,673,4.0
287,1777,4.5
287,13416,4.0
287,9675,5.0
288,862,4.5
288,15602,4.0
288,8012,4.0
288,63,5.0
288,9598,4.0
288,197,5.0
288,11780,4.0
288,522,5.0
288,13701,4.0
288,628,4.0
288,11,5.0
288,680,5.0
288,278,5.0
288,29973,4.0
288,13,5.0
288,424,5.0
288,10445,4.0
288,78,4.0
288,9479,4.0
288,812,4.0
288,280,4.0
288,581,5.0
288,274,5.0
288,408,4.5
288,10020,4.0
288,275,4.0
288,11543,5.0
288,872,4.0
288,567,4.0
288,289,4.0
288,62,5.0
288,1585,4.5
288,18444,4.0
288,81310,5.0
288,433,4.0
288,12092,4.0
288,252,4.0
288,623,5.0
288,583,5.0
288,475,4.0
288,792,4.5
288,10537,4.0
288,11386,4.0
288,601,5.0
288,11843,4.0
288,762,5.0
288,531,4.0
288,510,5.0
288,1891,4.5
288,2493,4.0
288,85,5.0
288,68,4.0
288,429,4.0
288,947,5.0
288,185,4.0
288,28,4.5
288,1892,4.5
288,769,4.0
288,766,4.0
288,539,5.0
288,279,4.0
288,9665,4.0
288,37247,4.0
288,3063,4.0
288,765,4.5
288,5925,4.0
288,11778,4.0
288,137,4.5
288,33,4.0
288,212,4.5
288,105,5.0
288,903,4.0
288,3034,4.0
288,665,4.0
288,11031,4.0
288,89,5.0
288,14370,4.0
288,625,4.0
288,642,4.0
288,639,4.5
288,199,4.5
288,154,4.0
288,168,4.0
288,578,5.0
288,75,4.0
288,378,4.0
288,1624,4.0
288,18,4.0
288,1701,4.0
288,607,4.0
288,686,4.0
288,9387,4.0
288,10806,4.0
288,2118,4.5
288,9427,4.0
288,782,4.0
288,9281,4.0
288,37165,4.0
288,115,5.0
288,2666,4.0
288,544,4.5
288,3116,4.0
288,1051,4.0
288,1366,5.0
288,9443,4.0
288,746,4.0
288,403,4.0
288,13820,4.5
288,948,4.0
288,927,4.0
288,165,4.5
288,859,4.0
288,13850,4.0
288,2619,4.0
288,11591,4.0
288,11336,4.5
288,73,4.5
288,10162,4.0
288,10223,4.0
288,1934,4.0
288,29968,4.0
288,11622,4.0
288,13466,4.0
288,8769,4.0
288,871,5.0
288,9540,4.0
288,1893,4.0
288,11549,4.0
288,6488,4.0
288,2667,4.0
288,873,4.0
288,10386,4.0
288,11353,4.0
288,9267,4.0
288,813,4.0
288,2280,4.0
288,850,5.0
288,26522,4.0
288,10669,4.0
288,6415,4.0
288,658,4.0
288,5548,4.0
288,253,4.0
288,492,4.0
288,9008,4.0
288,957,4.0
288,11040,5.0
288,11663,4.0
288,596,4.0
288,293,5.0
288,177,5.0
288,863,4.0
288,624,4.0
288,926,4.0
288,5924,5.0
288,11287,4.0
288,10158,4.0
288,9609,4.0
288,11004,4.5
288,14280,4.0
288,20283,4.5
288,838,5.0
288,11176,4.0
288,1541,4.0
288,8469,5.0
288,11520,4.0
288,840,4.0
288,2291,4.0
288,17529,4.0
288,11327,4.0
288,1700,4.0
288,12518,4.0
288,698,4.0
288,11072,4.0
288,9355,4.0
288,11589,4.0
288,37137,4.0
288,786,4.5
288,11978,4.0
288,9741,4.5
288,2609,4.0
288,11688,4.0
288,134,5.0
288,13715,4.0
288,77,4.5
288,808,4.0
288,1406,4.0
288,13795,4.0
288,11313,4.0
288,167,4.0
288,10778,4.0
288,585,4.5
288,9889,4.0
288,1903,4.0
288,11889,4.0
288,120,5.0
288,11857,4.0
288,651,5.0
288,557,4.0
288,245,4.0
288,320,4.0
288,180,4.0
288,4147,4.0
288,9357,4.0
288,129,4.0
288,9533,4.0
288,2757,4.0
288,2755,4.0
288,4912,4.0
288,8326,4.0
288,22,4.0
288,4464,4.0
288,10330,4.0
288,2771,4.5
288,13156,4.0
288,11703,4.0
288,24,4.0
288,10719,4.0
288,8619,4.0
288,10729,4.0
288,79,4.0
288,616,4.0
288,587,4.5
288,6964,4.0
288,1792,4.0
288,122,4.0
288,38,4.5
288,393,4.0
288,8193,4.0
288,9472,4.0
288,558,4.5
288,8699,4.0
288,4176,4.0
288,11177,4.0
288,11128,4.0
288,1599,4.0
288,9675,4.5
288,9806,4.0
288,421,4.5
288,1901,4.0
288,2926,4.0
288,187,4.5
288,1640,4.0
288,1895,4.5
288,272,4.5
288,9522,4.0
288,6957,4.5
288,142,4.5
288,3291,4.0
288,6963,4.0
288,231,4.0
288,69,4.0
288,9005,4.5
288,11400,4.0
288,17379,4.0
288,9388,4.0
288,9526,4.0
288,9786,4.0
288,36668,4.0
288,1579,4.0
288,496,4.0
288,1440,4.0
288,2062,4.0
288,22311,4.5
288,1992,4.5
288,5876,4.0
288,8321,5.0
288,155,4.5
288,9870,4.5
288,1726,4.0
288,8681,4.0
288,10681,4.5
288,12405,4.0
288,14160,4.5
288,18785,4.0
288,19995,4.0
289,524,4.5
289,522,4.0
289,935,4.5
289,28,4.0
289,694,4.0
289,4011,4.5
289,13554,4.5
289,23908,5.0
289,10729,4.0
289,1662,4.0
290,862,4.0
290,9087,4.0
290,451,4.0
290,9598,4.0
290,687,4.0
290,629,4.0
290,103,5.0
290,568,4.0
290,522,4.0
290,14275,5.0
290,11,5.0
290,680,5.0
290,11450,4.0
290,278,5.0
290,31439,4.0
290,1587,4.0
290,60855,4.0
290,236,4.0
290,10427,4.0
290,10443,4.0
290,5503,4.0
290,9386,4.0
290,7984,4.0
290,11971,4.0
290,713,4.0
290,47889,4.0
290,424,5.0
290,695,4.0
290,274,4.0
290,10020,4.0
290,576,4.0
290,275,5.0
290,10684,4.0
290,3065,4.0
290,935,5.0
290,26748,5.0
290,238,5.0
290,9303,4.0
290,981,5.0
290,872,5.0
290,2769,4.0
290,426,5.0
290,567,5.0
290,3078,5.0
290,213,5.0
290,284,5.0
290,239,5.0
290,4808,4.0
290,289,5.0
290,963,5.0
290,6620,4.0
290,909,5.0
290,630,5.0
290,15,5.0
290,62,5.0
290,223,5.0
290,303,4.0
290,17281,5.0
290,3085,5.0
290,1585,5.0
290,3083,5.0
290,900,5.0
290,10331,4.0
290,488,5.0
290,261,5.0
290,11159,5.0
290,42314,4.0
290,623,4.0
290,475,5.0
290,521,4.0
290,500,4.0
290,792,4.0
290,11386,4.0
290,15764,4.0
290,601,5.0
290,1630,4.0
290,762,4.0
290,10548,4.0
290,18129,4.0
290,1412,4.0
290,41768,4.0
290,510,5.0
290,1891,5.0
290,85,5.0
290,947,5.0
290,28,5.0
290,769,5.0
290,348,4.0
290,539,5.0
290,240,5.0
290,10705,4.0
290,279,5.0
290,1578,5.0
290,9549,4.0
290,387,4.0
290,9277,4.0
290,218,4.0
290,9665,5.0
290,826,5.0
290,829,5.0
290,3090,5.0
290,694,4.0
290,235,4.0
290,5925,5.0
290,11778,5.0
290,33,4.0
290,212,4.0
290,105,4.0
290,903,4.0
290,756,5.0
290,288,5.0
290,665,4.0
290,625,4.0
290,642,5.0
290,639,4.0
290,571,4.0
290,11349,4.0
290,7863,4.0
290,12498,4.0
290,578,5.0
290,378,4.0
290,784,4.0
290,12489,4.0
290,2118,4.0
290,55306,4.0
290,9427,4.0
290,9281,4.0
290,489,4.0
290,10217,4.0
290,184,4.0
290,29193,4.0
290,1389,4.0
290,143,5.0
290,887,5.0
290,11426,5.0
290,654,5.0
290,1725,5.0
290,874,5.0
290,10633,5.0
290,3116,5.0
290,9443,4.0
290,746,5.0
290,380,5.0
290,403,4.0
290,466,4.0
290,9552,4.0
290,551,4.0
290,859,4.0
290,857,4.0
290,678,4.0
290,907,5.0
290,23954,4.0
290,805,4.0
290,21873,4.0
290,881,4.0
290,10403,4.0
290,1955,4.0
290,2657,4.0
290,73,4.0
290,3033,4.0
290,4518,4.0
290,9487,4.0
290,10162,4.0
290,244,5.0
290,10223,4.0
290,9837,4.0
290,1934,4.0
290,20595,4.0
290,871,4.0
290,16520,4.0
290,9451,4.0
290,3035,5.0
290,10785,4.0
290,62676,4.0
290,147,5.0
290,1628,5.0
290,11120,4.0
290,873,4.0
290,10386,4.0
290,745,4.0
290,11353,4.0
290,9267,4.0
290,813,4.0
290,14,4.0
290,6415,4.0
290,9346,4.0
290,14412,4.0
290,11541,4.0
290,16642,4.0
290,3086,4.0
290,16305,4.0
290,32255,4.0
290,3767,4.0
290,658,5.0
290,657,4.0
290,856,4.0
290,38772,4.0
290,9008,4.0
290,14242,4.0
290,28145,4.0
290,37853,5.0
290,5156,5.0
290,596,5.0
290,9013,4.0
290,11005,4.0
290,25188,4.0
290,624,4.0
290,26617,5.0
290,22692,4.0
290,1883,4.0
290,8293,4.0
290,9609,4.0
290,901,5.0
290,11016,4.0
290,24481,4.0
290,287,4.0
290,968,4.0
290,1541,4.0
290,925,4.0
290,996,5.0
290,28971,4.0
290,5683,4.0
290,23518,4.0
290,11072,4.0
290,9659,4.0
290,8810,4.0
290,51763,4.0
290,21128,4.0
290,592,5.0
290,9040,4.0
290,5121,4.0
290,3133,4.0
290,27452,4.0
291,862,4.0
291,671,5.0
291,425,4.0
291,672,5.0
291,673,5.0
291,674,5.0
291,2062,5.0
291,675,5.0
291,155,5.0
291,1726,4.0
291,10681,5.0
291,14160,4.0
291,767,5.0
291,19995,5.0
291,10138,4.0
291,12444,5.0
291,10195,4.0
291,12445,5.0
291,1771,4.0
291,24428,5.0
291,58574,4.0
291,68721,4.0
291,76338,4.0
291,57158,4.0
291,122917,4.0
291,99861,4.0
291,293660,5.0
292,862,4.0
292,8963,4.0
292,11,4.0
292,278,5.0
292,9331,4.0
292,13,4.5
292,8587,4.5
292,36955,4.0
292,5503,4.0
292,329,4.0
292,2320,4.0
292,788,4.0
292,771,4.0
292,812,4.0
292,280,4.0
292,10020,4.5
292,8840,4.0
292,9802,4.0
292,602,4.5
292,1645,4.0
292,238,4.0
292,2897,4.0
292,18444,4.5
292,15121,4.0
292,562,4.0
292,252,4.5
292,601,4.5
292,744,4.0
292,762,4.0
292,1891,4.0
292,85,4.0
292,389,4.0
292,595,4.5
292,1892,4.0
292,240,4.0
292,218,4.0
292,105,4.0
292,3034,4.0
292,89,4.5
292,1573,4.0
292,9390,4.0
292,330,4.0
292,1701,4.0
292,607,4.0
292,9772,4.0
292,1669,4.0
292,597,4.0
292,941,4.5
292,942,4.0
292,165,4.0
292,857,4.0
292,12230,4.5
292,87,4.0
292,881,4.0
292,8195,4.0
292,10377,4.0
292,9798,4.0
292,707,4.0
292,1368,4.0
292,13466,4.5
292,1687,4.0
292,603,4.0
292,1893,4.0
292,620,4.0
292,10386,5.0
292,745,4.0
292,9346,4.0
292,861,4.0
292,657,4.0
292,646,4.0
292,856,4.0
292,699,4.0
292,709,4.0
292,253,4.5
292,660,4.0
292,25898,5.0
292,9946,4.0
292,863,4.0
292,497,4.5
292,926,4.0
292,9869,4.0
292,10326,4.0
292,8469,4.0
292,10501,4.0
292,10083,4.0
292,955,4.0
292,668,4.0
292,682,4.0
292,10911,4.0
292,10648,4.5
292,11589,4.5
292,3110,4.0
292,10637,4.0
292,2134,4.0
292,681,5.0
292,708,4.5
292,8358,4.0
292,10054,4.0
292,808,4.0
292,331,4.0
292,1623,4.0
292,585,4.0
292,671,4.0
292,1535,4.0
292,11528,4.0
292,425,4.0
292,8346,4.0
292,557,4.0
292,4614,4.0
292,2501,4.5
292,11544,4.0
292,180,4.0
292,9488,4.0
292,8326,4.5
292,22,4.0
292,13156,4.0
292,11046,4.5
292,667,4.0
292,700,4.0
292,36670,4.0
292,16219,4.0
292,673,4.0
292,558,4.0
292,2502,4.5
292,8677,4.5
292,1895,4.0
292,74,4.0
292,254,4.0
292,388,4.0
292,591,4.0
292,920,4.0
292,58,4.0
292,1452,4.0
292,1593,4.0
292,2062,4.0
292,1571,4.0
292,1858,4.5
292,2503,4.5
292,6637,4.0
292,155,4.0
292,1726,4.5
292,13027,4.0
292,12405,4.0
292,10764,4.0
292,13053,4.0
292,13475,4.0
292,42738,4.0
292,18360,4.0
292,14160,4.0
292,767,4.0
292,19908,4.0
292,22881,4.0
292,19995,4.0
292,10528,4.0
292,10191,4.0
292,10138,4.5
292,10193,4.0
292,35791,4.0
292,37799,4.0
292,45269,4.0
292,10140,4.0
292,38050,4.0
292,45612,4.0
292,10195,4.0
292,1865,4.0
292,49538,4.5
292,37686,4.0
292,59861,4.0
292,51540,4.5
292,50014,4.0
292,70160,4.5
292,58574,4.5
292,37724,4.0
292,75612,4.0
292,68721,4.0
292,54138,4.0
292,75656,4.0
292,68724,4.0
292,101299,4.5
292,109445,4.0
292,157350,4.0
292,118340,4.5
292,177572,4.0
292,131631,4.5
292,207703,4.0
292,102899,4.0
292,131634,4.0
292,330459,4.0
293,274,4.0
293,4995,4.0
293,37165,4.0
294,10634,4.0
294,755,4.0
294,11,5.0
294,680,4.0
294,9067,4.0
294,193,4.0
294,2759,4.0
294,13,5.0
294,854,4.0
294,9359,4.0
294,16771,5.0
294,6075,4.0
294,9612,4.0
294,9571,5.0
294,11971,4.0
294,12519,4.0
294,9479,4.0
294,275,4.0
294,11827,4.0
294,2300,4.0
294,9802,4.0
294,238,5.0
294,9303,4.0
294,239,4.0
294,2897,4.0
294,864,4.0
294,475,4.0
294,1103,4.0
294,10765,4.0
294,11455,5.0
294,1891,4.0
294,2493,4.0
294,85,4.0
294,947,5.0
294,1892,4.0
294,766,4.0
294,240,4.0
294,765,4.0
294,5925,4.0
294,8009,5.0
294,11031,4.0
294,199,4.0
294,152,4.0
294,174,4.0
294,154,4.0
294,157,4.0
294,168,5.0
294,2322,4.0
294,4104,4.0
294,9434,4.0
294,607,4.0
294,9387,4.0
294,10890,4.0
294,115,5.0
294,31220,4.0
294,9452,5.0
294,1878,5.0
294,944,4.0
294,1051,4.0
294,941,4.0
294,942,4.0
294,927,4.0
294,1779,4.0
294,9325,4.0
294,97,4.0
294,11415,5.0
294,37530,4.0
294,117,4.0
294,10156,5.0
294,10663,4.0
294,41817,4.0
294,12560,4.0
294,9336,4.0
294,10029,4.0
294,1934,4.0
294,5825,4.0
294,10312,4.0
294,14709,4.0
294,2620,4.0
294,8388,4.0
294,1542,4.0
294,12596,4.0
294,1893,4.0
294,1924,4.0
294,10208,4.0
294,32060,4.0
294,2665,4.0
294,2280,4.0
294,9346,5.0
294,9377,4.0
294,36819,4.0
294,14035,5.0
294,40771,4.0
294,1832,5.0
294,177,5.0
294,624,4.0
294,10400,4.0
294,13342,4.0
294,13005,5.0
294,8872,4.0
294,838,4.0
294,19259,4.0
294,11718,4.0
294,11176,4.0
294,14900,4.0
294,8469,5.0
294,12309,5.0
294,11977,5.0
294,9040,4.0
295,902,5.0
295,629,5.0
295,755,5.0
295,680,5.0
295,278,5.0
295,10714,4.5
295,319,5.0
295,238,4.5
295,289,4.0
295,500,5.0
295,510,5.0
295,769,4.5
295,240,4.5
295,9366,4.0
295,4477,5.0
295,73,5.0
295,550,4.5
295,5924,5.0
295,77,4.5
295,194,4.5
295,598,4.0
295,24,4.5
295,393,4.5
295,582,5.0
295,16869,5.0
295,27205,5.0
296,629,5.0
296,197,5.0
296,680,4.5
296,278,5.0
296,13,5.0
296,424,4.5
296,429,5.0
296,489,5.0
296,857,4.5
296,637,5.0
296,603,4.5
296,550,5.0
296,843,5.0
296,129,4.5
296,12698,4.5
296,11423,5.0
296,1417,4.5
296,12429,5.0
296,27205,5.0
296,337703,4.5
296,394269,4.5
297,949,5.0
297,807,4.0
297,629,5.0
297,241,4.0
297,101,4.0
297,9905,5.0
297,9331,4.0
297,5503,4.0
297,507,4.0
297,274,4.0
297,275,4.0
297,9303,4.0
297,11412,4.0
297,500,5.0
297,1598,4.0
297,12498,4.0
297,754,4.0
297,2118,4.0
297,115,5.0
297,8052,4.0
298,524,4.0
298,63,4.0
298,807,4.0
298,2292,4.0
298,11,4.0
298,680,4.5
298,329,4.0
298,78,4.5
298,280,4.0
298,11902,4.0
298,238,5.0
298,62,4.0
298,500,4.0
298,2756,4.0
298,510,4.0
298,1891,4.0
298,85,4.5
298,679,4.0
298,429,4.0
298,28,4.0
298,1892,4.5
298,769,4.0
298,348,4.0
298,600,4.0
298,218,4.0
298,37247,4.0
298,149,4.0
298,3034,4.0
298,11031,4.0
298,89,4.0
298,18,4.0
298,115,5.0
298,2666,4.0
298,473,4.0
298,11485,4.0
298,6471,4.0
298,10013,4.0
298,603,4.0
298,9473,4.0
298,14,4.0
298,861,4.0
298,20123,4.0
298,550,5.0
298,3082,4.0
298,243,4.0
298,17159,4.0
298,2294,4.0
298,120,4.0
298,129,4.0
298,121,4.0
298,11299,4.5
298,24,4.0
298,122,4.0
298,1487,4.0
298,393,4.0
298,12493,4.0
298,246,4.0
298,8699,4.0
298,14337,4.0
298,15251,4.0
298,18491,4.0
298,670,4.0
298,16320,4.0
298,14137,4.0
298,4977,4.0
298,8363,4.0
298,14069,4.0
298,11253,4.0
298,217,4.5
298,12889,4.0
298,5038,4.0
298,14139,4.0
298,15060,4.0
298,16538,4.0
298,17431,4.0
298,62128,4.0
298,16023,4.0
298,45523,4.0
298,24447,4.0
298,56292,4.0
298,80379,4.0
298,59967,4.0
298,118340,4.0
298,140607,4.0
298,251516,4.0
299,85,4.0
299,694,4.0
299,578,4.0
299,380,4.0
299,609,4.0
299,9552,4.0
299,620,4.0
299,2787,4.0
299,1700,5.0
299,3536,4.0
299,98,5.0
299,8584,4.0
299,9679,4.0
299,2024,4.0
299,36657,4.0
300,278,4.0
300,13,4.0
300,424,5.0
300,274,4.0
300,11216,5.0
300,857,4.0
300,637,5.0
300,73,4.0
300,603,4.0
300,14,5.0
300,550,4.5
300,1018,4.0
300,194,4.0
300,423,4.5
300,598,5.0
300,153,5.0
300,38,5.0
300,1417,5.0
300,12405,4.0
300,27205,4.0
300,44214,5.0
300,77338,4.0
300,157336,5.0
300,194662,4.0
300,85350,5.0
300,244786,4.5
300,210577,5.0
301,710,4.0
301,4584,4.0
301,8012,4.0
301,687,4.5
301,807,4.5
301,629,4.5
301,11000,4.0
301,10474,4.0
301,1642,4.0
301,8467,4.0
301,680,4.5
301,109,4.0
301,9331,4.0
301,13,4.0
301,37233,4.0
301,5503,4.0
301,424,4.5
301,114,4.0
301,819,4.0
301,601,4.0
301,510,4.5
301,279,4.5
301,639,4.0
301,754,4.5
301,11975,4.0
301,2898,4.5
301,380,4.5
301,162,4.0
301,73,4.5
301,14,4.0
301,98,4.5
301,146,4.0
301,107,4.5
301,1900,4.0
301,77,4.0
301,808,4.0
301,671,4.0
301,161,4.0
301,194,4.0
301,453,4.5
301,2501,4.0
301,672,4.5
301,640,4.0
301,12,4.5
301,22,4.0
301,24,4.5
301,38,4.5
301,41662,4.0
301,809,4.0
301,9806,4.0
301,70,4.5
301,1640,4.0
301,674,4.0
301,773,4.0
301,1422,4.5
301,1124,5.0
301,675,4.0
301,2503,4.0
301,6977,5.0
301,7345,4.5
301,6538,4.0
302,10858,4.0
302,4584,5.0
302,8012,4.0
302,451,5.0
302,687,4.0
302,807,5.0
302,11010,5.0
302,197,4.0
302,11000,5.0
302,11,5.0
302,680,5.0
302,5503,4.0
302,329,5.0
302,280,4.0
302,275,5.0
302,10990,4.0
302,602,4.0
302,9268,4.0
302,238,5.0
302,85,5.0
302,240,5.0
303,280,5.0
303,601,5.0
303,1891,5.0
303,679,5.0
303,1892,5.0
303,348,5.0
303,218,5.0
303,199,5.0
303,12498,5.0
303,154,5.0
303,378,4.0
303,607,5.0
303,603,5.0
303,1924,5.0
303,813,5.0
303,957,5.0
303,926,4.0
303,840,4.0
303,106,5.0
303,9659,5.0
303,8810,5.0
303,36657,5.0
303,1894,5.0
303,2675,4.0
303,10514,4.0
303,36658,5.0
304,862,5.0
304,8844,4.0
304,11860,4.0
304,710,4.0
304,9087,5.0
304,21032,4.0
304,8012,4.0
304,63,4.0
304,11861,5.0
304,11010,4.0
304,2054,5.0
304,48750,4.0
304,400,4.0
304,10534,5.0
304,197,5.0
304,9101,4.0
304,568,5.0
304,11780,4.0
304,1572,4.0
304,6520,4.0
304,1642,4.0
304,9804,4.0
304,1909,5.0
304,11777,4.0
304,37108,4.0
304,11,5.0
304,9587,4.0
304,4476,4.0
304,101,4.0
304,680,5.0
304,14334,4.0
304,278,4.0
304,193,4.0
304,9271,4.0
304,9331,4.0
304,13,5.0
304,712,5.0
304,9359,4.0
304,36955,4.0
304,11566,5.0
304,5503,5.0
304,9386,5.0
304,329,4.0
304,10502,4.0
304,14534,5.0
304,424,5.0
304,14291,5.0
304,858,4.0
304,78,4.0
304,10057,4.0
304,771,4.0
304,812,4.0
304,280,5.0
304,581,5.0
304,274,4.0
304,10020,5.0
304,114,4.0
304,10988,4.0
304,10684,4.0
304,954,4.0
304,8840,4.0
304,10990,4.0
304,8866,4.0
304,9802,4.0
304,602,4.0
304,9294,4.0
304,164,4.0
304,62,4.0
304,3598,4.0
304,3083,5.0
304,173,4.0
304,9078,4.0
304,433,4.0
304,15121,4.0
304,562,4.0
304,10218,4.0
304,252,4.0
304,623,5.0
304,601,5.0
304,744,4.0
304,762,4.0
304,1891,5.0
304,2493,5.0
304,85,5.0
304,679,4.0
304,595,5.0
304,1892,5.0
304,348,4.0
304,525,4.0
304,218,5.0
304,9665,5.0
304,37247,4.0
304,235,5.0
304,137,5.0
304,105,5.0
304,8009,4.0
304,89,5.0
304,14370,4.0
304,2323,4.0
304,639,4.0
304,8077,4.0
304,199,5.0
304,1573,4.0
304,152,4.0
304,174,5.0
304,154,5.0
304,157,5.0
304,168,5.0
304,621,4.0
304,8845,5.0
304,578,4.0
304,2322,4.0
304,4232,5.0
304,9366,5.0
304,1624,4.0
304,9434,4.0
304,18,4.0
304,1701,4.0
304,754,4.0
304,607,5.0
304,686,5.0
304,9772,4.0
304,1669,5.0
304,6623,4.0
304,782,4.0
304,563,4.0
304,37165,4.0
304,9407,5.0
304,9444,4.0
304,489,4.0
304,597,5.0
304,9922,5.0
304,11003,4.0
304,8656,4.0
304,10674,4.0
304,846,4.0
304,9342,4.0
304,346,4.0
304,857,5.0
304,4978,4.0
304,6435,4.0
304,9425,4.0
304,200,5.0
304,1934,4.0
304,9489,4.0
304,10312,4.0
304,9422,4.0
304,2112,4.0
304,13466,5.0
304,10350,4.0
304,11374,4.0
304,603,4.0
304,1844,4.0
304,1893,5.0
304,10386,4.0
304,863,5.0
304,1439,5.0
304,926,5.0
304,651,4.0
305,524,4.5
305,63,5.0
305,807,4.0
305,629,5.0
305,755,5.0
305,9737,4.0
305,8068,5.0
305,1642,4.0
305,2292,4.0
305,522,4.5
305,11,5.0
305,680,5.0
305,278,5.0
305,9495,4.5
305,13,4.5
305,712,5.0
305,36593,4.0
305,1637,4.0
305,6075,5.0
305,5503,4.0
305,9386,4.0
305,424,5.0
305,78,4.0
305,319,5.0
305,280,5.0
305,581,4.5
305,274,5.0
305,954,4.0
305,2300,4.0
305,9802,4.0
305,935,4.0
305,627,5.0
305,602,4.5
305,238,5.0
305,872,4.5
305,567,4.5
305,804,4.5
305,630,5.0
305,62,4.0
305,1585,4.0
305,260,4.0
305,10331,5.0
305,562,4.0
305,252,5.0
305,521,4.0
305,500,5.0
305,792,5.0
305,1103,4.0
305,975,5.0
305,510,5.0
305,1891,5.0
305,2493,4.5
305,68,4.0
305,429,5.0
305,389,5.0
305,185,5.0
305,595,4.5
305,1892,5.0
305,769,5.0
305,348,4.0
305,766,4.0
305,539,5.0
305,525,5.0
305,240,5.0
305,600,5.0
305,279,5.0
305,1398,5.0
305,9277,5.0
305,207,4.0
305,37247,5.0
305,826,5.0
305,829,4.0
305,828,5.0
305,694,5.0
305,235,4.5
305,765,4.5
305,5925,5.0
305,33,4.0
305,105,5.0
305,11202,5.0
305,3034,5.0
305,571,5.0
305,686,4.5
305,1669,5.0
305,2118,4.0
305,37165,4.0
305,489,4.0
305,115,4.5
305,1878,5.0
305,1366,5.0
305,380,4.0
305,2108,5.0
305,10225,5.0
305,941,4.0
305,9342,5.0
305,19,5.0
305,165,5.0
305,196,4.0
305,857,4.0
305,9631,4.0
305,36647,5.0
305,431,5.0
305,881,5.0
305,1091,5.0
305,10377,5.0
305,637,5.0
305,73,5.0
305,1368,4.0
305,1367,5.0
305,1374,5.0
305,603,5.0
305,1844,4.0
305,3035,4.5
305,11549,5.0
305,509,5.0
305,9473,4.5
305,2105,4.0
305,620,4.0
305,10386,4.5
305,745,4.0
305,813,5.0
305,11153,4.5
305,850,5.0
305,14,5.0
305,9377,5.0
305,1654,4.0
305,391,5.0
305,550,4.5
305,5548,5.0
305,5549,5.0
305,856,4.5
305,1621,5.0
305,497,5.0
305,9367,5.0
305,8374,5.0
305,8469,5.0
305,1700,4.0
305,593,5.0
305,106,4.0
305,1359,5.0
305,98,5.0
305,11072,4.0
305,938,5.0
305,7443,4.0
305,37136,5.0
305,37137,5.0
305,10637,4.0
305,641,5.0
305,146,4.0
305,10673,4.0
305,107,5.0
305,8358,4.5
305,1900,4.5
305,764,4.0
305,853,5.0
305,634,4.5
305,111,4.0
305,1734,4.5
305,9799,4.0
305,644,4.0
305,11467,4.0
305,2034,4.5
305,141,5.0
305,161,4.0
305,194,5.0
305,120,5.0
305,453,5.0
305,855,4.5
305,36586,4.0
305,8346,4.0
305,129,5.0
305,7299,4.0
305,121,5.0
305,3131,4.5
305,640,5.0
305,598,5.0
305,12,5.0
305,170,5.0
305,8273,4.0
305,7270,4.5
305,1428,4.5
305,11046,4.5
305,25237,5.0
305,24,5.0
305,508,4.0
305,8619,4.0
305,11850,4.5
305,3176,5.0
305,616,4.5
305,122,5.0
305,9620,4.0
305,338,5.0
305,923,4.5
305,393,5.0
305,7220,5.0
305,9461,5.0
305,10775,5.0
305,113,4.0
305,10734,4.0
305,435,4.0
305,9472,4.0
305,9477,4.0
305,2048,5.0
305,395,4.5
305,747,4.0
305,36648,4.0
305,9394,5.0
305,670,4.5
305,9316,4.5
305,70,4.5
305,205,5.0
305,2567,4.0
305,11423,4.0
305,613,5.0
305,4935,4.5
305,187,5.0
305,1640,5.0
305,921,4.0
305,272,5.0
305,9522,4.0
305,1635,4.0
305,1830,5.0
305,8814,4.0
305,9315,4.0
305,533,4.5
305,674,4.0
305,9388,5.0
305,388,5.0
305,582,5.0
305,4257,4.0
305,956,4.0
305,7549,4.0
305,1402,5.0
305,1948,5.0
305,7512,5.0
305,496,5.0
305,1417,5.0
305,1422,4.5
305,1523,5.0
305,1372,4.5
305,1246,4.0
305,7457,4.0
305,4638,4.0
305,1738,4.0
305,1949,4.0
305,7485,4.0
305,253768,5.0
305,1562,4.5
305,1991,4.5
305,3021,4.0
305,2270,4.0
305,35,5.0
305,2503,4.0
305,1992,5.0
305,4141,4.0
305,4566,5.0
305,7347,5.0
305,4982,5.0
305,6977,4.0
305,13363,5.0
305,1620,4.5
305,7326,5.0
305,7345,4.5
305,11253,4.0
305,8321,5.0
305,12222,4.0
305,8461,4.5
305,155,5.0
305,8065,4.0
305,9870,4.0
305,1726,4.5
305,10661,4.0
305,10681,5.0
305,11631,4.0
305,13183,4.0
305,7446,5.0
305,8882,5.0
305,7735,4.0
305,12405,5.0
305,8881,5.0
305,8880,5.0
305,13223,5.0
305,12163,5.0
305,10201,4.5
305,2253,4.0
305,13813,4.5
305,12429,5.0
305,14756,5.0
305,10529,4.0
305,16804,5.0
305,15472,5.0
305,20048,5.0
305,13804,4.0
305,16869,5.0
305,15092,4.0
305,17431,4.0
305,2080,4.0
305,13475,4.0
305,534,4.0
305,14160,5.0
305,18785,5.0
305,14451,5.0
305,12162,5.0
305,21208,4.0
305,17654,4.5
305,18533,4.0
305,19898,4.0
305,10313,4.0
305,18501,4.0
305,19908,5.0
305,14161,4.0
305,34653,4.0
305,22954,5.0
305,19995,4.5
305,10528,4.0
305,33613,5.0
305,33602,4.5
305,24253,5.0
305,26428,4.0
305,22972,4.0
305,10191,4.0
305,23483,4.5
305,27205,5.0
305,73861,4.0
305,37472,4.5
305,27578,4.0
305,23631,5.0
305,37799,5.0
305,23168,4.0
305,33909,4.0
305,45269,4.0
305,45317,4.0
305,20526,4.0
305,46838,5.0
305,51876,4.5
305,47931,4.0
305,51497,4.0
305,52449,5.0
305,51540,4.5
305,64690,4.0
305,50646,4.0
305,60308,4.0
305,24428,4.0
305,49021,4.0
305,74643,4.5
305,39254,4.0
305,76163,5.0
305,49026,5.0
305,56292,4.0
305,77866,4.0
305,77338,5.0
305,76726,4.0
305,59961,4.0
305,57214,4.5
305,64688,4.5
305,10679,4.0
305,94329,5.0
305,22970,5.0
305,44833,4.0
305,76493,4.5
305,114150,4.0
305,49049,5.0
305,68734,4.5
305,83542,4.5
305,68718,5.0
305,75656,4.5
305,49521,4.0
305,68726,5.0
305,68724,4.0
305,117251,4.0
305,136400,4.0
305,138832,5.0
305,129670,5.0
305,106747,5.0
305,107846,4.0
305,80274,4.0
305,152532,4.5
305,109445,4.0
305,106646,4.0
305,116745,5.0
305,152601,5.0
305,120467,5.0
305,180299,4.0
305,198277,4.0
305,187017,4.5
305,244786,5.0
305,238636,5.0
305,118340,4.5
305,138103,4.0
305,189,4.0
305,190859,5.0
305,228150,4.0
305,264660,5.0
305,205596,5.0
305,246080,4.0
305,293660,5.0
305,299536,4.5
305,284053,4.5
305,271110,4.0
305,202249,4.0
305,304357,4.0
305,214756,4.0
305,257211,4.0
305,332270,5.0
305,333339,4.5
305,296098,4.0
305,318917,4.5
305,294016,4.0
305,246355,5.0
305,380254,5.0
305,316727,4.5
305,324786,4.0
305,410199,4.5
305,329865,4.0
305,263115,4.5
305,406990,4.5
305,374720,4.0
305,383498,5.0
306,9645,4.0
306,2642,4.0
306,12,4.0
306,2044,5.0
306,350,4.0
306,10681,5.0
306,14160,4.0
306,18240,5.0
306,38757,4.0
306,55721,4.0
306,51540,4.0
306,114150,4.0
306,82690,4.0
306,136795,5.0
306,138843,4.0
306,138832,4.0
306,109445,4.0
306,193610,4.0
306,177572,4.0
306,228326,4.5
306,227159,4.0
306,254470,4.0
306,238713,5.0
306,150540,4.0
306,105864,4.5
306,269149,4.0
306,127380,4.0
306,259693,4.0
306,43074,4.0
306,277834,4.0
306,381288,4.0
306,396422,4.0
306,346364,4.0
306,354912,4.0
307,862,4.0
307,524,4.5
307,9273,4.0
307,807,4.0
307,629,4.5
307,13685,4.5
307,2293,4.0
307,11017,4.0
307,2292,4.0
307,241,4.0
307,680,4.5
307,278,4.5
307,3049,4.0
307,9495,4.5
307,13,4.0
307,1607,4.0
307,424,4.5
307,11969,4.5
307,812,4.0
307,268,4.0
307,274,4.5
307,1592,4.0
307,18414,5.0
307,9894,4.0
307,238,4.5
307,567,4.0
307,213,4.0
307,284,4.0
307,804,4.0
307,630,5.0
307,15,4.0
307,433,4.0
307,12335,5.0
307,12092,4.0
307,15121,4.0
307,252,4.0
307,521,4.0
307,500,4.0
307,10379,4.5
307,85,4.0
307,429,4.0
307,769,4.0
307,766,5.0
307,240,4.5
307,37247,4.5
307,765,4.0
307,11778,4.0
307,105,4.0
307,6114,4.0
307,1598,4.0
307,7340,4.0
307,20539,4.0
307,4104,4.0
307,2255,4.5
307,1813,4.0
307,4995,4.0
307,37165,4.0
307,184,4.0
307,115,4.0
307,9490,4.0
307,13597,4.0
307,2108,4.5
307,941,4.0
307,9340,4.0
307,14367,4.5
307,4011,4.0
307,1091,4.0
307,162,4.0
307,73,5.0
307,297,4.0
307,11545,4.0
307,1893,4.0
307,9473,4.0
307,14,4.0
307,11054,4.0
307,550,4.0
307,2668,4.0
307,497,4.0
307,13342,4.0
307,8469,4.0
307,1359,5.0
307,11072,4.0
307,6978,4.0
307,786,5.0
307,641,4.0
307,15739,4.5
307,77,4.0
307,4133,5.0
307,634,4.0
307,111,4.0
307,11371,4.0
307,30502,4.0
307,2034,4.0
307,141,5.0
307,1903,4.0
307,9428,4.5
307,11362,4.5
307,23479,4.0
307,12149,4.0
307,557,4.0
307,18905,4.0
307,8764,4.0
307,129,4.0
307,11615,4.0
307,10515,4.0
307,153,4.0
307,11293,4.0
307,9707,4.0
307,891,4.0
307,4997,4.0
307,11708,4.0
307,38,5.0
307,14108,4.0
307,13193,4.0
307,8699,4.0
307,11282,4.0
307,1653,4.5
307,747,5.0
307,9801,4.0
307,866,4.5
307,13187,4.0
307,13984,4.5
307,187,4.5
307,272,4.0
307,65215,4.0
307,14517,4.5
307,533,4.0
307,69,4.5
307,1904,4.5
307,752,4.0
307,2295,4.0
307,773,4.0
307,1402,4.0
307,1491,4.0
307,300,4.5
307,496,4.5
307,1422,4.5
307,1372,4.5
307,2355,5.0
307,7485,4.0
307,8270,4.0
307,253768,4.0
307,13377,4.0
307,6145,4.5
307,13171,4.0
307,4964,4.0
307,3432,4.5
307,9952,4.0
307,1858,4.0
307,3563,4.0
307,10074,4.5
307,2270,4.0
307,35,4.5
307,8669,4.5
307,8363,4.0
307,5176,4.5
307,5915,4.0
307,7211,4.0
307,4538,4.0
307,2001,4.0
307,6615,4.0
307,4771,4.0
307,4982,4.5
307,6977,4.5
307,4953,4.5
307,7326,4.5
307,13885,4.5
307,7345,4.0
307,7942,4.0
307,155,4.5
307,9870,4.0
307,13335,4.0
307,1726,5.0
307,10681,5.0
307,13353,4.0
307,10189,4.0
307,7446,4.0
307,8055,4.0
307,10201,4.5
307,10202,4.0
307,18543,4.0
307,21029,4.0
307,14836,4.5
307,15512,4.0
307,16871,4.5
307,14160,5.0
307,18785,5.0
308,10530,4.0
308,10714,4.0
308,2758,4.0
308,433,4.0
308,762,4.0
308,2493,4.5
308,207,5.0
308,2028,4.5
308,585,4.0
308,129,4.0
308,672,5.0
308,121,4.0
308,12,4.0
308,673,5.0
308,9806,4.0
308,674,5.0
308,411,4.0
308,2062,4.0
308,675,5.0
308,7326,5.0
308,155,4.0
308,10681,4.0
308,13475,4.0
308,19995,4.0
308,10191,4.5
308,49020,5.0
308,24428,4.5
308,84892,5.0
308,253941,5.0
308,282848,5.0
309,629,4.5
309,278,4.0
309,424,4.0
309,981,4.5
309,164,4.0
309,567,4.0
309,4808,4.0
309,289,5.0
309,963,4.5
309,630,4.5
309,303,4.0
309,381,4.0
309,1585,4.0
309,261,4.5
309,32574,4.0
309,500,4.0
309,11216,5.0
309,85,4.0
309,429,4.5
309,389,5.0
309,947,4.0
309,9277,4.0
309,826,5.0
309,5925,4.5
309,137,4.5
309,11202,4.0
309,903,4.0
309,288,5.0
309,830,4.0
309,578,4.0
309,11239,4.5
309,37165,4.0
309,25430,4.0
309,11426,4.0
309,15919,4.0
309,874,5.0
309,346,5.0
309,857,4.5
309,396,4.5
309,845,4.0
309,13321,5.0
309,637,4.5
309,9798,4.5
309,603,4.0
309,912,4.0
309,1654,4.0
309,43103,4.0
309,996,4.0
309,146,4.0
309,1632,4.0
309,966,4.0
309,976,4.0
309,585,4.0
309,120,4.5
309,37257,4.5
309,53229,4.0
309,121,4.0
309,40085,4.0
309,11206,4.0
309,821,4.0
309,8619,4.0
309,616,4.0
309,122,4.5
309,27725,4.5
309,980,4.5
309,2576,4.0
309,14638,4.0
309,439,4.0
309,28257,4.0
309,10734,4.0
309,70,4.0
309,2567,4.0
310,11010,4.5
310,14275,4.0
310,14291,4.5
310,9802,4.0
310,532,5.0
310,935,4.0
310,567,5.0
310,531,5.0
310,11455,4.0
310,85,4.0
310,947,5.0
310,530,5.0
310,387,5.0
310,37247,4.5
310,642,5.0
310,2322,4.0
310,21915,4.0
310,816,4.0
310,654,5.0
310,9749,4.0
310,15698,4.5
310,14742,4.0
310,509,4.0
310,1654,5.0
310,28569,4.5
310,3536,4.5
310,7443,4.0
310,146,4.0
310,161,4.0
310,453,4.0
310,14433,5.0
310,7514,4.5
310,15462,4.5
310,2055,4.5
310,7270,4.0
310,153,5.0
310,1584,5.0
310,8619,4.0
310,65012,4.5
311,694,4.0
311,162,4.0
311,590,4.5
311,6643,4.0
312,949,4.0
312,524,4.0
312,63,4.0
312,197,4.0
312,103,5.0
312,1024,4.0
312,628,4.0
312,11,5.0
312,13,4.0
312,5503,4.0
312,11934,4.0
312,424,5.0
312,78,5.0
312,280,4.0
312,275,4.0
312,3065,4.0
312,8072,4.0
312,935,5.0
312,10779,4.0
312,426,5.0
312,567,4.0
312,289,5.0
312,62,5.0
312,10331,5.0
312,11561,4.0
312,500,4.0
312,792,4.0
312,11386,4.0
312,601,5.0
312,2756,4.0
312,11298,4.0
312,892,5.0
312,975,5.0
312,409,5.0
312,1891,5.0
312,68,4.0
312,679,4.0
312,947,5.0
312,185,5.0
312,28,5.0
312,1892,5.0
312,1092,4.0
312,348,4.0
312,766,5.0
312,539,5.0
312,600,5.0
312,10705,4.0
312,387,4.0
312,218,4.0
312,829,5.0
312,828,4.0
312,11202,4.0
312,3034,4.0
312,11314,5.0
312,12104,4.0
312,814,4.0
312,571,4.0
312,9529,4.0
312,11349,4.0
312,653,5.0
312,12498,4.0
312,152,4.0
312,174,4.0
312,154,4.0
312,578,5.0
312,75,4.0
312,9361,4.0
312,686,4.0
312,2118,4.0
312,9281,4.0
312,2666,4.0
312,846,4.0
312,473,4.0
312,948,4.0
312,609,4.0
312,9552,5.0
312,927,5.0
312,928,4.0
312,165,4.0
312,196,4.0
312,857,4.0
312,11639,4.0
312,805,5.0
312,845,4.0
312,21734,4.0
312,1091,4.0
312,244,4.0
312,10328,4.0
312,871,4.0
312,11772,4.0
312,1946,4.0
312,1924,4.0
312,620,4.0
312,10776,4.0
312,745,4.0
312,6415,4.0
312,861,4.0
312,8052,4.0
312,36819,4.0
312,8649,4.0
312,5548,4.0
312,11379,4.0
312,2668,4.0
312,497,4.0
312,11296,4.0
312,840,5.0
312,2291,4.0
312,1700,4.0
312,985,4.0
312,9659,4.0
312,8810,5.0
312,643,5.0
312,9741,4.0
312,2604,4.0
312,10873,4.0
312,10110,5.0
312,764,5.0
312,32054,4.0
312,1547,4.0
312,644,4.0
312,11906,5.0
312,1933,4.0
312,16307,4.0
312,141,4.0
312,1365,4.0
312,1391,5.0
312,1894,4.0
312,180,4.0
312,9555,4.0
312,9719,4.0
312,6278,4.0
312,8869,4.0
312,10712,4.0
312,2103,4.0
312,2757,4.0
312,2755,4.0
312,121,5.0
312,3131,5.0
312,640,4.0
312,1574,4.0
313,710,4.0
313,902,4.0
313,63,4.0
313,9603,4.0
313,807,5.0
313,629,5.0
313,755,4.0
313,13685,5.0
313,11980,4.0
313,9348,4.0
313,2292,5.0
313,628,4.0
313,101,4.0
313,680,5.0
313,2164,4.0
313,12122,4.0
313,9495,4.0
313,36955,5.0
313,9739,4.0
313,78,5.0
313,280,5.0
313,268,5.0
313,274,5.0
313,275,4.0
313,11827,5.0
313,11867,4.0
313,935,5.0
313,238,5.0
313,9303,5.0
313,9306,5.0
313,10331,5.0
313,9401,4.0
313,562,4.0
313,10163,4.0
313,454,5.0
313,10218,4.0
313,500,5.0
313,1103,5.0
313,1891,4.0
313,85,5.0
313,68,5.0
313,679,5.0
313,28,4.0
313,769,5.0
313,348,4.0
313,766,5.0
313,240,4.0
313,600,5.0
313,343,5.0
313,218,5.0
313,9322,4.0
313,694,5.0
313,765,4.0
313,137,4.0
313,149,5.0
313,8009,5.0
313,2640,5.0
313,89,4.0
313,830,4.0
313,6114,4.0
313,11349,4.0
313,7340,4.0
313,794,4.0
313,152,4.0
313,154,4.0
313,364,4.0
313,75,4.0
313,378,5.0
313,16448,5.0
313,9311,4.0
313,9434,4.0
313,9611,4.0
313,607,4.0
313,9387,5.0
313,8413,4.0
313,10336,5.0
313,4961,4.0
313,9772,4.0
313,2649,5.0
313,2255,4.0
313,782,4.0
313,563,4.0
313,4233,4.0
313,115,4.0
313,2666,4.0
313,9844,5.0
313,544,5.0
313,13597,4.0
313,9552,5.0
313,927,4.0
313,928,4.0
313,859,5.0
313,841,4.0
313,857,5.0
313,9570,4.0
313,793,4.0
313,123,5.0
313,9314,5.0
313,11837,5.0
313,11639,5.0
313,36647,5.0
313,24746,4.0
313,11071,5.0
313,707,4.0
313,11954,4.0
313,30497,4.0
313,192,5.0
313,10803,4.0
313,871,5.0
313,1685,5.0
313,1687,4.0
313,100,5.0
313,11773,4.0
313,603,5.0
313,564,4.0
313,2667,5.0
313,745,4.0
313,14,4.0
313,11797,5.0
313,10669,4.0
313,11527,4.0
313,9638,4.0
313,658,4.0
313,646,4.0
313,550,5.0
313,36819,4.0
313,5548,4.0
313,492,4.0
313,11234,5.0
313,2668,4.0
313,15515,5.0
313,926,4.0
313,9869,4.0
313,1923,5.0
313,106,5.0
313,1359,4.0
313,11654,5.0
313,98,5.0
313,698,4.0
313,682,4.0
313,169,5.0
313,10128,5.0
313,9659,4.0
313,8810,5.0
313,9355,5.0
313,11495,4.0
313,11879,5.0
313,6978,5.0
313,17897,5.0
313,8843,5.0
313,9003,4.0
313,4327,5.0
313,9741,5.0
313,1857,5.0
313,764,4.0
313,1547,4.0
313,29492,5.0
313,11454,4.0
313,77,4.0
313,10141,4.0
313,11347,4.0
313,8337,4.0
313,1018,4.0
313,768,4.0
313,16441,5.0
313,3604,5.0
313,10847,4.0
313,120,5.0
313,855,5.0
313,6312,5.0
313,848,4.0
313,9610,4.0
313,36586,5.0
313,557,4.0
313,1894,4.0
313,6278,4.0
313,10323,5.0
313,24750,4.0
314,11860,4.0
314,9087,5.0
314,4584,4.0
314,16420,4.0
314,629,4.0
314,2054,4.0
314,197,4.0
314,568,4.0
314,11777,4.0
314,11,5.0
314,3036,4.0
314,14334,4.0
314,278,5.0
314,13,4.0
314,712,4.0
314,8587,4.0
314,8987,4.0
314,11971,5.0
314,14534,4.0
314,424,5.0
314,43535,4.0
314,858,4.0
314,251,4.0
314,280,5.0
314,10684,5.0
314,8866,4.0
314,32513,4.0
314,9802,4.0
314,62,5.0
314,137,4.0
314,75,4.0
315,649,4.0
315,576,4.0
315,164,4.0
315,284,5.0
315,15121,4.0
315,475,4.0
315,595,5.0
315,37247,5.0
315,422,4.0
315,5925,4.0
315,903,4.0
315,1725,4.0
315,907,4.0
316,577,4.5
316,236,4.0
316,3049,4.5
316,603,4.5
316,14,4.0
316,565,4.0
316,24,4.0
316,38,4.0
317,949,5.0
317,524,5.0
317,63,4.0
317,807,5.0
317,629,5.0
317,197,5.0
317,103,5.0
317,2292,4.0
317,11,4.0
317,6950,4.0
317,101,5.0
317,680,5.0
317,278,4.0
317,13,5.0
317,6075,4.0
317,280,4.0
317,274,5.0
317,275,5.0
317,935,5.0
317,627,5.0
317,238,5.0
317,567,4.0
317,500,5.0
317,679,4.0
317,28,5.0
317,769,4.0
317,539,5.0
317,37247,5.0
317,694,5.0
317,9366,5.0
317,2118,4.0
317,489,5.0
317,2898,4.0
317,1878,5.0
317,857,5.0
317,637,5.0
317,73,5.0
317,1542,4.0
317,100,5.0
317,603,4.0
317,14,5.0
317,550,5.0
317,497,4.0
317,334,4.0
317,641,4.0
317,107,4.0
317,8358,4.0
317,1900,5.0
317,4133,4.0
317,111,5.0
317,808,4.0
317,2034,4.0
317,194,5.0
317,855,5.0
317,9533,5.0
317,640,5.0
317,1817,4.0
317,322,4.0
317,24,5.0
317,587,4.0
317,12698,5.0
317,38,4.0
317,9509,5.0
317,2502,4.0
317,1538,5.0
317,670,5.0
317,70,5.0
317,2567,4.0
317,69,4.0
317,582,4.0
317,1422,5.0
317,1949,4.0
317,4566,4.0
317,4771,4.0
317,6977,5.0
317,8321,4.0
317,155,4.0
317,9870,4.0
317,12405,4.0
317,12163,5.0
317,16869,5.0
317,17431,4.0
317,22947,5.0
317,25196,5.0
317,11324,4.0
317,11439,4.0
317,27205,4.0
317,37799,4.0
317,23168,4.0
317,44639,5.0
317,44214,4.0
317,44264,4.0
317,49797,4.0
317,55721,4.0
317,64690,4.0
317,50839,4.0
317,70670,4.0
317,65057,5.0
317,49026,4.0
317,56292,4.0
317,65754,5.0
317,70981,4.0
317,103663,4.0
317,97630,4.0
317,49047,5.0
317,146233,5.0
317,109424,4.0
317,209799,4.0
317,245891,4.0
317,268159,4.0
318,949,4.0
318,63,4.5
318,807,4.0
318,28387,4.5
318,406,4.5
318,11104,4.5
318,20649,4.0
318,2292,4.5
318,241,5.0
318,680,4.5
318,11450,4.5
318,278,4.0
318,1587,4.0
318,13,4.5
318,712,4.0
318,10714,4.0
318,8587,4.5
318,9571,4.5
318,9739,4.0
318,329,4.0
318,424,4.0
318,695,4.0
318,274,4.0
318,275,4.0
318,3065,4.5
318,8069,4.0
318,922,4.5
318,935,4.0
318,627,4.0
318,602,4.0
318,567,4.0
318,599,4.0
318,15947,4.0
318,12092,4.0
318,562,4.0
318,10218,4.5
318,583,4.0
318,500,4.0
318,792,4.0
318,9305,5.0
318,10548,4.0
318,510,4.0
318,11455,4.0
318,389,4.0
318,28,4.0
318,1892,4.0
318,600,4.0
318,703,4.0
318,379,5.0
318,832,4.0
318,137,4.0
318,1554,4.0
318,149,5.0
318,339,4.5
318,914,4.5
318,756,4.0
318,17204,4.0
318,8845,4.0
318,36040,4.5
318,9366,4.0
318,884,4.0
318,18,4.0
318,1701,4.0
318,607,4.0
318,686,4.5
318,2255,4.0
318,782,4.0
318,4995,4.0
318,37165,4.5
318,115,4.0
318,2666,4.0
318,16148,4.5
318,1878,5.0
318,3170,4.0
318,793,4.0
318,97,4.0
318,34584,4.0
318,162,4.0
318,637,4.0
318,309,4.5
318,8741,4.0
318,16306,4.5
318,1542,4.0
318,10803,4.0
318,871,4.0
318,100,4.0
318,9430,4.0
318,509,4.0
318,9473,4.0
318,492,4.0
318,128,4.0
318,9008,4.0
318,14242,4.0
318,21849,4.0
318,1832,4.0
318,497,4.0
318,49948,4.0
318,624,4.0
318,1850,4.5
318,16672,4.0
318,1883,5.0
318,24349,4.5
318,2383,4.0
318,2291,4.0
318,10774,4.5
318,11305,4.5
318,452,4.5
318,21,4.5
318,11368,4.5
318,21128,4.0
318,11830,5.0
318,8420,4.0
318,786,4.0
318,24664,4.0
318,10687,4.0
318,71,4.0
318,10867,4.0
318,9741,4.0
318,107,4.0
318,392,4.0
318,134,4.5
318,77,4.0
318,4133,4.0
318,32590,5.0
318,37691,4.0
318,10364,4.0
318,12144,4.0
318,4486,4.5
318,1548,4.0
318,44258,5.0
318,2034,4.0
318,1018,4.0
318,9081,4.0
318,8342,4.0
318,194,4.0
318,120,4.0
318,39939,4.0
318,993,4.0
318,4012,4.0
318,608,4.0
318,2721,4.0
318,2750,4.0
318,11013,4.5
318,129,4.5
318,8051,4.0
318,1360,4.0
318,2528,4.0
318,2757,4.0
318,7299,4.0
318,3131,4.0
318,8392,4.5
318,640,4.0
318,598,4.0
318,15278,4.0
318,10293,4.0
318,51230,4.0
318,153,4.0
318,891,4.0
318,4543,5.0
318,2056,4.0
318,322,4.0
318,470,4.0
318,29845,5.0
318,587,4.5
318,427,4.0
318,778,4.0
318,5055,4.0
318,38,4.5
318,133919,4.0
318,8440,4.5
318,14273,4.0
318,10775,4.5
318,42791,4.0
318,31217,4.5
318,1040,4.5
318,42801,4.5
318,1653,4.0
318,11184,4.0
318,9550,4.5
318,803,4.5
318,34528,4.5
318,36872,4.5
318,34530,5.0
318,789,4.0
318,2860,4.5
318,9385,4.0
318,18311,4.5
318,37563,5.0
318,29587,4.5
318,21348,4.0
318,36246,4.5
318,3509,4.5
318,118,4.0
318,421,4.5
318,613,4.5
318,29259,4.0
318,44154,4.5
318,42994,4.0
318,49565,4.5
318,45267,4.0
318,7453,4.0
318,1640,4.0
318,272,4.0
318,398,4.5
318,3291,4.0
318,10851,4.0
318,25,4.0
318,1420,4.0
318,8053,4.0
318,612,4.0
318,88953,4.0
318,9975,4.0
318,9388,4.5
318,388,4.0
318,582,4.0
318,186,4.0
318,84954,4.5
318,2295,4.0
318,773,4.5
318,1262,4.5
318,1963,4.0
318,496,4.0
318,9693,4.0
318,8324,5.0
318,58923,4.0
318,4638,4.0
318,1949,4.0
318,9408,4.0
318,17320,4.0
318,49870,4.5
318,2359,4.0
318,24582,4.0
318,10074,4.0
318,35,4.0
318,2503,4.0
318,54546,4.0
318,13958,4.0
318,5915,4.5
318,4538,4.0
318,2011,4.0
318,7347,4.0
318,4982,4.0
318,6977,4.0
318,6479,4.0
318,7326,4.0
318,7979,4.0
318,7191,4.0
318,13016,4.5
318,14793,4.0
318,155,4.0
318,14784,4.0
318,10681,4.5
318,8265,4.0
318,13183,5.0
318,12133,4.0
318,10189,4.0
318,7446,4.0
318,4944,5.0
318,14771,4.0
318,46492,4.5
318,13809,4.0
318,20766,4.0
318,10139,4.0
318,14574,4.0
318,13223,4.0
318,13973,4.0
318,13180,4.5
318,13177,4.0
318,8832,4.0
318,6968,4.0
318,16614,4.0
318,19833,4.5
318,18947,4.0
318,16869,4.0
318,16995,4.0
318,17431,4.5
318,14160,4.0
318,62320,4.0
318,8355,4.0
318,19913,4.0
318,18480,4.0
318,15137,4.0
318,12244,4.0
318,63581,4.0
318,10313,4.5
318,11323,4.5
318,18570,4.0
318,91262,4.0
318,12573,4.0
318,19908,4.0
318,16523,4.5
318,22803,4.0
318,24238,4.0
318,22947,4.0
318,24804,5.0
318,10315,4.5
318,24480,4.5
318,30238,4.0
318,34653,4.0
318,22327,4.5
318,33613,4.0
318,94706,5.0
318,11324,4.5
318,11439,4.0
318,40623,4.0
318,22972,4.0
318,36970,4.0
318,10191,4.0
318,23483,4.0
318,34803,4.0
318,39452,4.5
318,37495,4.0
318,34647,5.0
318,37659,4.0
318,27205,4.0
318,38365,4.0
318,31011,4.0
318,38778,5.0
318,22538,4.0
318,85692,4.0
318,44639,4.0
318,41201,4.0
318,39440,4.0
318,39514,4.5
318,38055,4.0
318,12444,4.0
318,45269,4.0
318,41999,4.0
318,44264,5.0
318,40619,4.5
318,63578,4.0
318,54293,5.0
318,18438,4.0
318,44896,4.5
318,38050,4.5
318,56831,4.0
318,47931,4.5
318,45612,4.5
318,23629,4.0
318,13413,4.0
318,367647,5.0
318,46105,4.0
318,24447,4.0
318,52077,4.0
318,49444,4.0
318,65034,4.5
318,12445,4.0
318,50014,4.0
318,39538,4.0
318,49517,4.0
318,37239,4.0
318,58423,4.0
318,17578,4.0
318,40658,4.0
318,44826,4.0
318,23514,4.5
318,59006,4.5
318,269963,4.0
318,75174,4.0
318,65086,4.0
318,192695,4.5
318,64688,4.0
318,75802,4.0
318,76493,4.0
318,28500,4.0
318,70981,4.0
318,50647,4.0
318,103332,4.0
318,76696,4.0
318,58383,4.5
318,90125,4.5
318,68734,4.0
318,86838,4.5
318,83542,4.0
318,64689,4.5
318,84341,4.0
318,87827,4.0
318,49051,4.0
318,68718,5.0
318,69372,4.0
318,93858,4.0
318,134481,4.5
318,68727,4.0
318,86282,4.0
318,107985,4.5
318,51452,4.0
318,157409,4.0
318,101299,4.0
318,116745,4.0
318,181886,4.0
318,120467,4.0
318,157336,5.0
318,254375,4.0
318,242582,4.0
318,171274,4.0
318,265195,4.5
318,263614,4.0
318,215032,5.0
318,293310,4.5
318,170522,4.0
318,25518,4.5
318,252171,4.0
318,265297,4.5
318,284054,4.0
318,72585,4.0
318,249688,4.0
318,125336,4.0
318,308024,4.5
318,110390,4.5
318,195862,4.5
318,105554,4.0
318,269711,4.5
318,223485,4.5
318,310593,4.0
318,321109,5.0
318,150540,4.5
318,271714,4.0
318,259316,4.5
318,331781,4.0
318,60843,5.0
318,292431,4.5
318,308084,4.5
318,319996,4.0
318,270487,4.0
318,319073,4.5
318,211005,4.5
318,39850,4.0
318,340275,4.5
318,318846,4.5
318,371492,4.5
318,290250,4.5
318,374475,4.0
318,245913,4.5
318,313297,4.0
318,419546,4.5
318,330459,4.0
318,398818,4.0
318,420714,4.5
318,409926,5.0
318,401246,4.0
318,390410,4.5
318,335984,4.5
318,359940,4.5
318,463612,5.0
318,110775,5.0
318,297725,4.5
319,197,4.5
319,101,5.0
319,278,4.5
319,13,4.0
319,8587,5.0
319,424,5.0
319,812,5.0
319,10020,4.0
319,238,5.0
319,289,4.5
319,240,5.0
319,10674,4.0
319,603,5.0
319,37135,5.0
319,550,4.0
319,508,4.0
319,1824,4.0
319,155,5.0
319,10681,5.0
319,767,4.5
319,27205,5.0
319,45269,4.0
319,109445,4.5
319,152601,4.0
319,157336,5.0
319,244786,5.0
319,177572,4.5
319,209112,4.5
319,281957,4.5
319,269149,4.5
320,9631,4.0
320,10468,4.0
320,2140,4.0
320,9012,4.0
320,11633,4.0
320,1726,4.0
320,13475,4.0
320,19908,4.0
320,19995,4.0
321,8844,5.0
321,12665,4.0
321,11000,4.0
321,568,4.0
321,414,5.0
321,10329,4.0
321,11472,4.0
321,8984,4.0
321,11777,4.0
321,6280,4.0
321,6950,4.0
321,2164,4.0
321,11395,5.0
321,10731,4.0
321,13,5.0
321,8587,4.0
321,854,4.0
321,36955,5.0
321,37233,4.0
321,329,4.0
321,788,4.0
321,268,4.0
321,274,4.0
321,664,4.0
321,602,4.0
321,9294,5.0
322,710,4.0
322,9087,4.0
322,807,4.0
322,629,4.0
322,568,4.0
322,680,5.0
322,278,4.0
322,275,4.5
322,935,4.0
322,289,5.0
322,1585,4.0
322,583,5.0
322,762,5.0
322,389,4.0
322,137,4.0
322,816,4.0
322,2649,5.0
322,544,4.0
322,881,5.0
322,637,4.0
322,9798,4.0
322,100,4.0
322,603,4.0
322,104,4.0
322,745,4.0
322,14,4.5
322,550,4.0
322,98,4.0
322,194,4.5
322,1430,4.0
322,891,4.0
322,24,4.0
322,38,4.0
322,205,4.5
322,582,5.0
322,773,4.5
322,1164,4.0
322,1165,4.0
322,7326,5.0
323,8844,4.0
323,629,4.5
323,8963,4.0
323,628,4.0
323,11,4.5
323,680,4.0
323,278,5.0
323,8587,4.0
323,7984,4.0
323,11971,4.0
323,424,4.5
323,9479,4.0
323,11446,5.0
323,812,4.0
323,11386,4.0
323,10409,4.0
323,1891,4.5
323,2322,4.0
323,102651,4.0
323,194662,4.5
323,118340,4.0
323,242582,4.0
323,205596,4.5
323,266856,4.0
324,275,5.0
324,238,4.0
324,10643,4.0
324,10480,4.0
324,786,4.0
324,16,4.0
324,19348,4.0
324,24664,4.0
324,1597,4.0
324,12207,5.0
325,949,4.0
325,902,4.0
325,37557,4.0
325,63,4.0
325,11010,4.0
325,46785,4.0
325,103,5.0
325,48787,4.0
325,32646,5.0
325,10149,5.0
325,11929,4.0
325,20156,4.0
325,522,5.0
325,19101,4.0
325,680,5.0
325,11450,4.0
325,278,5.0
325,10497,4.0
325,10872,4.0
325,10412,4.0
325,78,5.0
325,319,4.0
325,274,5.0
325,576,4.0
325,10779,4.0
325,26748,4.0
325,238,5.0
325,567,5.0
325,630,4.0
325,31044,4.0
325,62,5.0
325,488,5.0
325,433,4.0
325,562,4.0
325,792,5.0
325,2756,4.0
325,18129,5.0
325,1891,4.0
325,68,5.0
325,595,4.0
325,144,4.0
325,11645,5.0
325,539,5.0
325,1578,5.0
325,9277,4.0
325,11235,4.0
325,1480,5.0
325,828,4.0
325,832,4.0
325,4485,4.0
325,105,4.0
325,339,4.0
325,10404,4.0
325,12104,4.0
325,983,4.0
325,814,4.0
325,571,4.0
325,9529,4.0
325,12498,5.0
325,578,5.0
325,75,4.0
325,816,4.0
325,754,4.0
325,686,4.0
325,1669,4.0
325,2649,4.0
325,782,4.0
325,563,4.0
325,597,4.0
325,115,5.0
325,2898,4.0
325,617,4.0
325,16148,4.0
325,55561,4.0
325,1878,4.0
325,5769,4.0
325,19,4.0
325,2107,4.0
325,9314,4.0
325,8393,4.0
325,14662,4.0
325,10692,5.0
325,845,5.0
325,117,4.0
325,10220,4.0
325,37916,5.0
325,8195,4.0
325,10403,4.0
325,2657,4.0
325,244,4.0
325,10223,4.0
325,16885,4.0
325,2112,4.0
325,1847,4.0
325,9465,4.0
325,6396,4.0
325,6488,4.0
325,620,4.0
325,745,4.0
325,47697,4.0
325,171982,4.0
325,10388,5.0
325,8052,4.0
325,36819,4.0
325,16858,4.0
325,11223,4.0
325,11787,5.0
325,177,4.0
325,9684,4.0
325,10387,4.0
325,334,4.0
325,46435,4.0
325,926,4.0
325,1213,4.0
325,14886,5.0
325,10831,4.0
325,4816,4.0
325,838,4.0
325,2383,4.0
325,925,5.0
325,996,5.0
325,9960,4.0
325,11654,4.0
325,21128,4.0
325,14328,4.0
325,643,4.0
325,24099,4.0
325,9064,4.0
325,9741,4.0
325,1900,4.0
325,32054,4.0
325,77,4.0
325,4133,4.0
325,32488,4.0
325,9301,4.0
325,31052,4.0
325,27362,4.0
325,13482,4.0
325,19267,4.0
325,1018,4.0
325,42160,5.0
325,120,5.0
325,10794,4.0
325,37257,4.0
325,651,4.0
325,9606,4.0
325,13915,4.0
325,4547,4.0
325,548,5.0
325,557,4.0
325,2501,4.0
325,11544,4.0
325,180,4.0
325,24750,4.0
325,37606,4.0
325,2103,4.0
325,16938,4.0
326,807,4.0
326,197,5.0
326,1572,4.0
326,101,4.5
326,680,4.0
326,278,4.5
326,13,5.0
326,424,4.5
326,274,4.5
326,510,4.5
326,207,4.5
326,625,4.5
326,978,5.0
326,859,4.0
326,637,5.0
326,73,4.5
326,104,4.0
326,550,4.0
326,497,4.5
326,1907,4.0
326,11520,4.0
326,1443,4.5
326,98,5.0
326,641,4.5
326,9740,4.5
326,55,4.0
326,8342,4.0
326,194,4.0
326,120,4.0
326,453,4.5
326,2501,5.0
326,9555,4.5
326,9685,4.5
326,575,4.5
326,121,4.0
326,423,5.0
326,598,5.0
326,8094,4.5
326,2056,4.0
326,24,5.0
326,470,4.0
326,122,4.0
326,504,4.5
326,11194,4.0
326,38,4.5
326,2502,5.0
326,1653,5.0
326,1677,4.5
326,140,4.5
326,1913,4.5
326,205,5.0
326,613,4.5
326,158,4.5
326,1640,4.0
326,921,4.5
326,1985,4.0
326,1830,4.0
326,11661,4.5
326,69,5.0
326,612,4.5
326,9912,4.0
326,582,4.5
326,1164,4.5
326,1422,5.0
326,1523,4.5
326,9693,4.5
326,1372,5.0
326,1251,4.5
326,2503,5.0
326,5915,5.0
326,7347,4.5
326,6977,4.5
326,8321,4.5
326,7862,4.5
326,28205,5.0
326,7735,4.0
326,12405,4.5
326,10139,4.0
326,11499,4.0
326,15472,5.0
326,16869,4.0
326,13752,5.0
326,25376,4.5
326,23128,4.0
326,7445,4.0
326,21575,4.0
326,11324,4.5
326,27205,4.5
326,44639,5.0
326,44115,4.5
326,53596,4.0
326,47931,4.5
326,167966,5.0
326,46738,4.0
326,64690,4.0
326,77338,5.0
326,103663,4.0
326,68718,4.5
326,103731,5.0
326,109424,4.5
326,76203,4.5
326,205596,4.5
326,265195,4.0
326,205775,4.5
326,254320,5.0
326,286217,4.0
326,281957,5.0
326,253412,4.0
326,314365,4.5
327,629,4.5
327,9614,5.0
327,568,4.5
327,8467,5.0
327,278,4.5
327,13,5.0
327,1585,5.0
327,11843,4.0
327,531,4.0
327,510,4.0
327,769,4.5
327,240,4.0
327,11031,4.0
327,642,5.0
327,544,5.0
327,73,4.5
327,2105,5.0
327,243,5.0
327,49721,4.0
327,10642,5.0
327,9285,5.0
327,4247,5.0
327,786,4.0
327,8859,5.0
327,77,4.5
327,4248,5.0
327,2770,5.0
327,4256,5.0
327,8699,5.0
327,4257,5.0
327,1422,4.5
328,862,5.0
328,9598,5.0
328,807,4.5
328,629,4.0
328,11,5.0
328,680,5.0
328,278,5.0
328,424,5.0
328,408,4.0
328,10895,4.0
328,275,5.0
328,10112,4.5
328,935,5.0
328,238,5.0
328,11113,4.0
328,62,4.0
328,1585,5.0
328,433,5.0
328,10948,4.0
328,15121,5.0
328,11238,4.0
328,252,5.0
328,583,5.0
328,500,5.0
328,601,5.0
328,762,5.0
328,510,5.0
328,1891,5.0
328,2493,4.0
328,85,5.0
328,679,4.0
328,389,5.0
328,185,4.5
328,28,4.0
328,1892,4.0
328,769,4.5
328,539,5.0
328,525,5.0
328,240,5.0
328,279,4.0
328,694,4.0
328,5925,4.0
328,105,4.0
328,3034,5.0
328,756,5.0
328,89,4.0
328,571,4.0
328,154,4.0
328,578,5.0
328,75,4.5
328,87,4.0
328,4011,5.0
328,11881,4.5
328,1885,4.5
328,100,4.5
328,1924,5.0
328,8536,4.5
328,10386,5.0
328,9267,5.0
328,813,5.0
328,550,5.0
328,863,4.5
328,1700,5.0
328,11072,4.5
328,107,4.0
328,134,5.0
328,808,4.5
328,671,4.0
328,194,4.5
328,651,4.0
328,8346,4.0
328,557,4.0
328,2501,4.0
328,672,4.0
328,121,4.0
328,4543,5.0
328,10719,5.0
328,122,4.0
328,393,5.0
328,673,4.0
328,9806,5.0
328,6957,4.5
328,36557,4.0
328,4638,5.0
328,2503,4.0
328,6977,4.5
328,16869,4.5
328,13475,4.0
328,14160,4.5
328,767,4.0
328,10193,5.0
328,12444,4.0
328,12445,4.0
328,137113,4.0
328,318846,4.0
328,381284,4.0
329,627,4.5
329,510,4.0
329,490,5.0
329,694,5.0
329,10322,5.0
329,1878,5.0
329,11050,4.0
329,27327,5.0
329,27036,4.0
329,30341,5.0
330,862,4.0
330,451,4.5
330,63,5.0
330,629,5.0
330,11010,5.0
330,11000,4.0
330,9804,4.0
330,2292,4.5
330,8467,4.0
330,628,4.5
330,11,4.0
330,241,5.0
330,680,4.0
330,11450,4.0
330,2164,4.5
330,278,4.5
330,10731,4.0
330,9495,4.0
330,13,5.0
330,36593,4.0
330,11971,4.0
330,9479,5.0
330,11969,5.0
330,319,5.0
330,11446,4.5
330,581,4.0
330,268,4.0
330,274,5.0
330,114,4.0
330,275,4.0
330,935,4.5
330,627,4.0
330,238,4.0
330,630,4.5
330,433,4.0
330,15121,4.5
330,252,5.0
330,583,4.5
330,601,4.0
330,762,4.5
330,510,4.0
330,1891,5.0
330,2493,4.5
330,679,4.0
330,185,4.0
330,595,4.0
330,1892,5.0
330,348,4.0
330,600,5.0
330,279,4.5
330,207,4.5
330,694,4.0
330,235,5.0
330,137,4.5
330,33,4.5
330,105,4.0
330,3034,4.0
330,11031,4.5
330,625,4.0
330,12498,5.0
330,578,4.0
330,75,5.0
330,378,4.0
330,816,4.0
330,18,4.0
330,607,4.0
330,2255,4.5
330,4995,4.0
330,563,4.0
330,115,5.0
330,2898,5.0
330,544,5.0
330,380,4.0
330,2108,5.0
330,4011,4.5
330,162,4.0
330,637,5.0
330,73,4.0
330,1542,5.0
330,36685,5.0
330,9473,4.0
330,2667,4.0
330,345,5.0
330,620,4.0
330,873,4.0
330,745,4.0
330,9267,4.5
330,813,4.0
330,2280,4.0
330,14,4.5
330,10669,4.0
330,861,4.0
330,9377,4.0
330,550,4.0
330,856,4.0
330,492,4.5
330,1832,5.0
330,497,4.0
330,840,4.0
330,98,4.0
330,36657,4.0
330,1597,4.0
330,641,4.5
330,146,4.5
330,107,4.5
330,8358,5.0
330,1900,4.0
330,77,5.0
330,808,4.5
330,141,4.5
330,585,5.0
330,671,4.5
330,1433,4.0
330,5279,4.5
330,12149,4.0
330,1894,4.0
330,121,4.0
330,640,4.0
330,11949,4.0
330,36658,4.0
330,12,4.5
330,3009,4.5
330,24,5.0
330,122,4.0
330,923,5.0
330,393,5.0
330,747,5.0
330,9806,4.5
330,17663,4.0
330,1422,4.5
330,1523,5.0
330,155,5.0
330,10681,5.0
330,13310,5.0
330,13223,4.0
330,16869,5.0
330,17654,4.0
330,19908,5.0
330,27205,5.0
330,22538,5.0
331,629,5.0
331,101,4.0
331,680,5.0
331,278,5.0
331,274,5.0
331,275,5.0
331,238,5.0
331,762,4.5
331,769,5.0
331,563,4.0
331,345,4.0
331,550,4.0
331,1359,5.0
331,98,4.5
331,7443,4.0
331,786,4.5
331,13785,5.0
331,10647,5.0
331,853,4.0
331,4133,4.0
331,161,4.0
331,194,4.0
331,120,4.5
331,453,4.5
331,2501,4.0
331,2675,4.0
331,121,4.5
331,3131,4.5
331,598,5.0
331,12,4.0
331,153,5.0
331,24,4.0
331,10719,4.0
331,616,4.0
331,122,4.5
331,38,4.0
331,11036,4.0
331,401,4.5
331,747,5.0
331,176,4.0
331,9806,4.0
331,205,4.0
331,7453,4.0
331,272,4.0
331,74,4.0
331,69,4.0
331,773,5.0
331,1417,5.0
331,9693,5.0
331,36557,4.5
331,2062,4.0
331,4638,4.0
331,4964,4.0
331,2503,4.0
331,8363,5.0
331,5176,5.0
331,4982,4.0
331,6977,5.0
331,6479,4.0
331,7345,5.0
331,8321,5.0
331,155,5.0
331,7446,4.0
331,4944,5.0
331,13475,4.0
331,19913,4.0
331,10193,4.0
331,27205,4.0
331,12445,4.0
331,64690,5.0
331,49026,4.0
331,65754,5.0
331,70981,5.0
331,83666,4.0
331,37724,4.0
331,82693,5.0
331,68718,5.0
331,57158,4.0
331,152601,4.0
331,120467,5.0
331,244786,5.0
331,210577,5.0
331,264660,5.0
331,205596,4.0
331,76341,5.0
331,293660,5.0
331,286217,4.0
331,354912,4.0
331,399174,4.0
331,383498,4.0
331,37891,4.0
332,862,4.0
332,807,4.0
332,629,4.0
332,103,4.0
332,680,4.0
332,278,4.5
332,13,4.5
332,854,4.0
332,424,4.0
332,78,5.0
332,581,4.5
332,274,4.5
332,275,4.0
332,935,4.5
332,567,4.5
332,239,4.5
332,289,4.5
332,599,4.5
332,623,4.5
332,500,4.0
332,10537,4.0
332,1891,4.5
332,679,4.0
332,389,4.0
332,947,4.5
332,185,4.0
332,28,4.0
332,769,4.0
332,348,4.5
332,279,4.5
332,9277,4.0
332,490,4.0
332,218,4.0
332,137,5.0
332,105,4.0
332,756,4.0
332,89,4.0
332,830,4.0
332,983,4.5
332,9390,4.0
332,754,4.0
332,686,4.0
332,2118,4.0
332,37165,4.5
332,184,4.0
332,115,4.0
332,544,4.0
332,12311,4.0
332,746,4.0
332,380,4.0
332,346,4.5
332,859,4.0
332,857,4.0
332,23954,4.0
332,1934,4.0
332,1885,4.0
332,100,4.0
332,603,5.0
332,564,4.0
332,36685,4.0
332,1628,4.0
332,873,4.0
332,745,4.5
332,14,4.5
332,6415,4.0
332,11712,4.5
332,14412,4.0
332,11541,4.5
332,550,4.5
332,11878,4.5
332,11040,4.0
332,11953,4.5
332,334,4.5
332,26617,4.5
332,17443,4.0
332,9764,4.0
332,840,4.0
332,106,4.0
332,8810,4.0
332,146,4.5
332,107,4.0
332,77,5.0
332,808,4.5
332,824,5.0
332,194,4.0
332,120,4.0
332,453,4.0
332,425,4.0
332,548,5.0
332,121,4.0
332,22,4.5
332,153,4.0
332,24,4.0
332,8619,4.5
332,2000,4.0
332,79,4.5
332,587,4.0
332,122,4.0
332,3777,4.0
332,1059,4.5
332,747,4.0
332,9675,4.0
332,17295,4.5
332,9470,4.0
332,1640,4.5
332,272,4.0
332,773,4.0
332,1417,4.0
332,285,4.0
332,6977,4.0
332,7345,4.0
332,155,4.0
332,9502,4.0
332,13183,4.0
332,8882,4.0
332,18785,4.0
332,19995,4.0
332,10528,4.0
332,10138,4.0
332,10193,4.0
332,20352,4.0
332,27205,4.0
332,45612,4.0
332,72867,4.0
333,510,5.0
333,19600,5.0
333,98,4.0
333,10642,4.0
333,8584,4.0
333,51333,4.0
334,11,4.0
334,680,4.0
334,13,4.0
334,8587,4.0
334,280,4.0
334,503475,4.0
334,762,4.0
334,1891,4.0
334,137,4.0
334,18,4.0
334,1669,4.0
334,25719,4.0
334,544,4.0
334,603,4.0
334,745,4.0
334,1075,4.0
334,492,4.0
334,98,4.0
334,134,4.0
334,808,4.5
334,194,4.0
334,598,4.0
334,12,4.0
334,153,4.0
334,587,4.0
334,1824,4.0
334,38,4.0
334,11621,4.0
334,16320,4.0
334,3933,4.0
334,533,4.0
334,1417,4.0
334,2062,4.0
334,18785,4.0
334,10315,4.0
334,10191,4.0
335,629,5.0
335,197,4.0
335,8068,4.0
335,680,5.0
335,278,5.0
335,11381,4.5
335,13,4.0
335,36955,4.5
335,280,5.0
335,268,5.0
335,602,4.5
335,1891,5.0
335,2255,4.0
335,603,5.0
335,11072,4.5
335,13785,4.0
336,862,4.0
336,949,4.0
336,807,4.5
336,629,5.0
336,755,4.0
336,197,4.0
336,568,4.0
336,8068,5.0
336,6520,4.0
336,11472,4.0
336,101,5.0
336,680,5.0
336,278,5.0
336,13,4.5
336,713,5.0
336,424,4.0
336,280,5.0
336,274,5.0
336,1592,4.5
336,238,4.0
336,207,4.5
336,489,4.0
336,714,4.5
336,2898,5.0
336,857,4.0
336,881,4.0
336,637,5.0
336,73,4.5
336,309,5.0
336,1542,5.0
336,603,5.0
336,745,4.5
336,14,5.0
336,550,4.5
336,863,4.0
336,497,4.5
336,1850,5.0
336,955,4.5
336,1597,5.0
336,585,5.0
336,194,5.0
336,180,5.0
336,122,4.5
336,187,4.0
336,921,4.5
336,9522,4.0
336,1830,4.0
337,862,4.0
337,15602,4.0
337,11862,4.0
337,949,5.0
337,9091,5.0
337,524,4.0
337,4584,4.0
337,12665,5.0
337,451,4.0
337,9263,5.0
337,9909,5.0
337,63,4.0
337,687,4.0
337,807,5.0
337,11525,4.0
337,20927,5.0
337,9102,5.0
337,9623,4.0
337,9208,5.0
337,9614,5.0
337,197,5.0
337,9101,4.0
337,9737,4.0
337,6520,4.0
337,10533,5.0
337,10802,4.0
337,11,5.0
337,4476,5.0
337,10510,4.0
337,8438,4.0
337,278,5.0
337,10731,5.0
337,8987,4.0
337,37233,5.0
337,2320,5.0
337,319,5.0
337,1592,5.0
337,9099,4.0
337,954,5.0
337,8840,4.0
337,25087,5.0
337,8866,5.0
337,36355,4.0
337,9100,5.0
337,9802,5.0
337,664,5.0
337,11867,5.0
337,9879,5.0
337,627,4.0
337,602,5.0
337,9268,5.0
337,9327,4.0
337,9294,5.0
337,1645,4.0
337,3595,4.0
337,10478,4.0
337,252,5.0
337,1892,5.0
337,9390,5.0
338,629,4.5
338,680,4.5
338,278,5.0
338,424,5.0
338,274,4.0
338,238,4.5
338,389,5.0
338,240,5.0
338,550,4.5
338,24,4.5
338,401,4.0
338,670,4.0
338,374430,5.0
338,359940,5.0
338,487541,4.0
339,862,4.0
339,949,4.0
339,524,4.5
339,807,4.5
339,103,4.0
339,568,4.0
339,109,4.0
339,278,4.0
339,9905,5.0
339,13,4.0
339,8587,4.0
339,37233,4.5
339,5503,4.0
339,329,4.0
339,424,5.0
339,78,5.0
339,274,5.0
339,275,5.0
339,954,4.0
339,935,5.0
339,11101,4.5
339,238,4.5
339,567,4.5
339,213,4.5
339,62,5.0
339,11561,4.5
339,975,4.5
339,510,5.0
339,85,5.0
339,389,4.0
339,185,5.0
339,769,4.5
339,348,4.0
339,539,4.0
339,240,4.5
339,311,5.0
339,703,4.0
339,9549,5.0
339,387,4.5
339,829,4.5
339,694,5.0
339,235,5.0
339,137,5.0
339,105,4.0
339,11202,4.5
339,89,4.0
339,9366,4.0
339,686,5.0
339,14585,4.5
339,2118,5.0
339,2649,4.0
339,782,5.0
339,9281,4.0
339,37165,4.5
339,597,4.0
339,115,5.0
339,2666,4.5
339,2898,4.0
339,1051,4.5
339,9552,4.0
339,346,4.0
339,857,5.0
339,805,5.0
339,1091,4.0
339,10683,5.0
339,637,5.0
339,1542,4.5
339,2105,5.0
339,345,5.0
339,745,4.5
339,14,5.0
339,550,4.0
339,9008,4.5
339,497,5.0
339,334,4.5
339,1213,5.0
339,9532,4.0
339,3082,4.0
339,9764,5.0
339,840,4.0
339,1359,5.0
339,98,5.0
339,3133,5.0
339,7443,4.5
339,10673,4.5
339,8358,5.0
339,5955,4.5
339,10110,4.0
339,853,4.5
339,77,4.5
339,111,4.5
339,9476,4.5
339,808,4.0
339,644,5.0
339,1933,5.0
339,1018,5.0
339,167,4.0
339,141,4.5
339,585,4.0
339,194,5.0
339,1903,5.0
339,453,5.0
339,855,4.5
339,425,4.0
339,180,5.0
339,4147,5.0
339,2675,4.5
339,11013,4.5
339,129,5.0
339,9012,4.0
339,121,4.0
339,640,5.0
339,423,5.0
339,598,5.0
339,1817,4.0
339,12,4.0
339,170,4.0
339,9486,4.5
339,153,4.0
339,8439,4.0
339,13920,5.0
339,8619,5.0
339,11850,4.5
339,616,4.5
339,122,4.0
339,12698,5.0
339,1586,4.0
339,38,4.5
339,10734,4.5
339,435,4.5
339,8193,4.5
339,9372,4.5
339,594,4.0
339,2048,4.5
339,4553,4.0
339,9806,4.0
339,2567,5.0
339,613,5.0
339,1495,4.5
339,74,4.0
339,6957,4.0
339,1830,5.0
339,398,4.5
339,142,4.5
339,116,5.0
339,612,5.0
339,752,4.0
339,9792,4.5
339,582,4.5
339,956,4.0
339,9829,4.5
339,9339,5.0
339,1402,5.0
339,12094,5.0
339,496,4.5
339,1422,4.5
339,1124,5.0
339,1372,4.0
339,1251,4.5
339,1949,5.0
339,22311,4.0
339,1562,4.5
339,3021,5.0
339,8363,4.5
339,5176,5.0
339,4566,4.5
339,6615,4.0
339,7347,4.0
339,4982,5.0
339,6977,5.0
339,5876,4.0
339,6479,4.5
339,7345,5.0
339,40860,4.0
339,14044,4.5
339,10681,4.5
339,4960,4.0
339,20766,4.0
339,12405,5.0
339,10764,4.0
339,14574,4.5
339,13223,4.0
339,11321,4.5
339,4922,4.5
339,13813,4.5
339,17431,5.0
339,13475,4.0
339,18240,4.0
339,12162,4.5
339,18480,4.5
339,12573,4.5
339,22947,4.5
339,22881,4.5
339,11324,5.0
339,29427,5.0
339,31867,4.5
339,141714,4.0
339,10193,4.0
339,20352,4.5
339,27205,5.0
339,14158,4.5
339,16290,4.5
339,44115,4.0
339,43539,4.5
339,45269,4.0
339,46503,5.0
339,44264,4.5
339,51876,4.0
339,38050,4.5
339,47931,4.0
339,58496,4.0
339,167966,5.0
339,59436,4.0
339,50646,4.0
339,60308,4.5
339,40807,4.0
339,74643,4.5
339,60935,4.5
339,49530,4.5
339,56292,4.0
339,65754,5.0
339,49527,4.0
339,76758,4.5
339,77338,4.5
339,103663,4.0
339,68734,4.0
339,83542,4.0
339,87827,4.0
339,64682,4.5
339,138843,4.5
339,146233,4.5
339,109424,4.5
339,76203,4.0
339,152747,4.5
339,152532,5.0
339,106646,5.0
339,120467,4.0
339,157336,5.0
339,202141,5.0
339,177677,4.0
339,85350,4.5
339,190859,4.0
339,228150,4.0
339,242582,4.0
339,178446,4.0
339,205596,4.0
339,189197,4.5
339,167073,4.0
339,273248,4.5
339,286217,4.5
339,150540,5.0
339,281957,4.0
339,306819,4.0
339,253412,4.0
339,296098,4.0
339,318846,4.5
339,313369,5.0
339,334541,4.0
339,381284,4.0
339,310307,4.5
339,331214,5.0
339,374430,4.0
339,374720,5.0
339,335984,4.5
339,337170,5.0
340,710,4.0
340,197,5.0
340,568,5.0
340,414,4.0
340,8963,4.0
340,1572,4.0
340,628,4.0
340,241,4.0
340,6950,4.0
340,680,4.0
340,2164,4.0
340,278,5.0
340,193,5.0
340,3049,4.0
340,9331,4.0
340,5503,5.0
340,329,5.0
340,280,4.0
340,581,5.0
340,268,5.0
340,10020,4.0
340,954,4.0
340,602,5.0
340,199,5.0
341,862,5.0
341,36955,4.5
341,562,4.0
341,1573,4.0
341,1542,4.5
341,9032,4.0
341,1493,4.5
341,8835,4.0
341,9398,4.0
341,672,4.0
341,296,4.5
341,1824,4.0
341,9339,4.0
341,1402,4.0
341,6479,4.0
341,10661,5.0
341,10202,4.0
341,11324,5.0
341,38365,4.5
341,72387,4.0
341,76493,4.0
341,120467,4.0
341,232672,4.5
341,190859,4.5
341,264660,4.0
341,135397,4.0
341,207703,4.0
341,238215,4.5
341,150540,4.0
341,211672,4.0
341,206647,4.5
342,2292,5.0
342,9802,4.0
342,85,4.0
342,105,4.0
342,9487,4.0
342,12117,4.0
342,2105,4.0
342,10398,4.0
342,550,4.0
342,1850,4.0
342,2990,4.0
342,14181,4.0
342,2123,4.0
342,8843,4.0
342,10950,5.0
343,629,4.5
343,680,4.5
343,278,4.5
343,424,5.0
343,78,4.5
343,274,4.5
343,500,4.5
343,85,4.5
343,389,4.5
343,769,5.0
343,348,4.0
343,2118,4.0
343,73,4.0
343,603,5.0
343,12596,4.0
343,14,4.0
343,550,5.0
343,14181,4.0
343,77,5.0
343,11826,4.0
343,141,4.5
343,120,5.0
343,12477,5.0
343,121,5.0
343,8392,4.0
343,598,5.0
343,122,4.5
343,11194,4.0
343,10775,5.0
343,9806,4.5
343,9801,4.0
343,15258,4.0
343,6957,5.0
343,1422,4.5
343,4638,4.0
343,1272,5.0
343,11798,4.0
343,8363,5.0
343,13958,5.0
343,4512,5.0
343,6977,4.5
343,7326,4.5
344,197,4.5
344,11,5.0
344,278,5.0
344,13,5.0
344,36955,5.0
344,771,5.0
344,664,4.5
344,1892,5.0
344,137,5.0
344,105,5.0
344,196,5.0
344,857,4.0
344,9798,5.0
344,603,5.0
344,1893,5.0
344,8487,4.5
344,345,4.0
344,14,5.0
344,861,5.0
344,128,4.5
344,36643,4.0
344,497,5.0
344,36657,5.0
344,107,4.0
344,808,5.0
344,194,4.0
344,2501,4.0
344,608,4.5
344,129,4.5
344,640,4.0
344,81,4.5
344,809,5.0
344,9738,4.0
344,1726,4.5
344,13183,5.0
344,14160,5.0
344,38757,4.0
344,51876,5.0
344,10195,4.0
344,24428,4.5
344,58574,4.0
344,127585,5.0
344,137113,4.0
344,118340,5.0
345,10436,4.0
345,32872,5.0
345,3573,5.0
345,981,4.0
345,62,4.0
345,705,5.0
345,8356,5.0
345,488,4.5
345,679,4.5
345,389,5.0
345,348,5.0
345,696,4.0
345,8078,4.0
345,12560,4.0
345,10162,5.0
345,9535,4.0
345,813,4.0
345,14,4.0
345,1654,4.0
345,16858,5.0
345,2005,4.5
345,879,4.0
345,10468,4.5
345,93,4.0
345,43316,4.5
345,15677,4.5
345,2757,4.0
345,9051,4.5
345,891,4.0
345,25431,5.0
345,1824,4.5
345,41662,4.0
345,395,4.5
345,36763,5.0
345,43807,4.0
345,6557,4.0
346,4584,4.0
346,629,4.0
346,103,4.0
346,1024,4.0
346,101,4.0
346,110,4.5
346,712,4.5
346,10440,4.0
346,935,4.5
346,238,4.0
346,426,4.0
346,567,4.5
346,289,4.5
346,15,4.0
346,583,4.0
346,4480,4.0
346,510,4.0
346,185,4.0
346,28,4.5
346,1092,4.0
346,539,5.0
346,279,4.0
346,703,4.5
346,490,5.0
346,1480,4.5
346,829,4.5
346,7340,4.5
346,653,4.0
346,145,4.0
346,2108,4.0
346,9552,4.0
346,12761,4.5
346,805,4.5
346,309,4.5
346,11545,4.0
346,192,4.0
346,345,4.0
346,14,4.5
346,11481,4.5
346,99,4.5
346,334,4.5
346,968,4.5
346,16093,4.0
346,3133,4.5
346,10728,4.0
346,10238,4.0
346,742,4.0
346,141,4.0
346,269,4.0
346,614,4.5
346,129,4.0
346,565,4.0
346,64,4.5
346,423,4.0
346,2671,4.5
346,11482,4.5
346,3472,4.0
346,18148,4.0
346,11502,4.0
346,24,4.0
346,234,4.0
346,5143,4.5
346,1643,5.0
346,3112,4.0
346,11634,4.0
346,11610,4.0
346,797,4.5
346,553,4.5
346,923,4.0
346,133919,4.0
346,393,4.0
346,2786,4.0
346,29453,4.5
346,18333,4.5
346,1777,4.0
346,80,4.0
346,3053,4.0
346,9675,4.0
346,140,4.0
346,2288,4.0
346,4539,4.0
346,2926,4.0
346,1093,4.0
346,582,4.0
346,773,4.0
346,1417,4.5
347,862,5.0
347,710,4.0
347,9087,4.0
347,9273,4.0
347,9598,4.0
347,9603,4.0
347,568,4.0
347,8467,4.0
347,628,4.0
347,11395,4.0
347,2064,4.0
347,13,4.0
347,8587,4.0
347,1637,4.0
347,5503,4.0
347,329,4.0
347,858,4.0
347,251,4.0
347,812,4.0
347,10020,4.0
347,114,4.0
347,954,4.0
347,602,5.0
348,629,5.0
348,103,5.0
348,11,4.5
348,680,5.0
348,278,5.0
348,424,5.0
348,78,5.0
348,581,4.0
348,274,5.0
348,275,5.0
348,935,4.5
348,238,5.0
348,426,5.0
348,289,5.0
348,6620,4.5
348,762,4.5
348,1891,5.0
348,28,5.0
348,769,4.5
348,240,5.0
348,826,4.5
348,982,4.5
348,11831,4.0
348,11568,4.5
348,12102,4.0
348,746,5.0
348,346,5.0
348,10849,5.0
348,637,5.0
348,8675,5.0
348,73,5.0
348,666,5.0
348,244,4.0
348,8224,4.0
348,8592,4.5
348,14,5.0
348,550,5.0
348,99,4.5
348,77,5.0
348,768,5.0
348,8007,4.0
348,194,5.0
348,120,5.0
348,548,4.5
348,1430,4.0
348,121,5.0
348,598,5.0
348,10536,4.0
348,470,4.5
348,1538,4.5
348,155,4.5
348,27205,5.0
348,77338,5.0
349,710,4.0
349,9598,5.0
349,688,5.0
349,9737,4.0
349,8963,4.0
349,1572,4.0
349,680,4.0
349,1587,4.0
349,3049,4.0
349,9331,5.0
349,13,5.0
349,712,4.0
349,8587,4.0
349,854,4.0
349,1637,5.0
349,424,4.0
349,812,4.0
349,280,4.0
349,581,4.0
349,274,5.0
349,114,5.0
350,862,4.0
350,63,4.0
350,11,4.0
350,2320,4.0
350,3065,4.0
350,10547,4.0
350,11543,4.0
350,9268,4.0
350,1892,4.0
350,199,5.0
350,9390,4.0
351,12110,5.0
351,807,4.5
351,680,4.5
351,13,4.5
351,329,4.0
351,274,4.5
351,627,4.5
351,252,4.0
351,489,4.5
351,597,4.0
351,9410,4.0
351,10220,4.5
351,603,4.0
351,745,4.0
351,550,4.0
351,9475,4.0
351,641,5.0
351,8452,4.0
351,5994,4.0
351,77,4.0
351,4133,4.0
351,768,4.0
351,161,4.0
351,120,4.0
351,453,4.5
351,17130,4.5
351,4147,4.0
351,575,4.0
351,121,4.0
351,3131,4.0
351,640,4.0
351,598,4.0
351,979,4.0
351,12079,4.0
351,22,4.0
351,122,4.0
351,1954,4.5
351,11036,4.0
351,4553,4.0
351,12877,4.5
351,1422,5.0
351,1124,4.0
351,1271,4.0
351,4347,4.5
351,2252,4.5
351,6977,4.0
351,13054,4.5
351,8681,4.5
351,10681,4.0
351,5038,4.0
351,15472,4.0
351,24684,4.0
351,21575,4.0
351,27205,4.0
351,37799,4.5
351,44115,4.0
351,44214,4.5
351,43539,4.0
351,50348,4.5
351,46738,5.0
351,64690,4.0
351,50646,4.5
351,55779,4.5
351,60308,4.0
351,59440,4.0
351,59437,4.0
351,65754,4.0
351,65760,4.0
352,807,5.0
352,629,5.0
352,11,4.0
352,680,5.0
352,278,5.0
352,193,4.0
352,13,5.0
352,424,5.0
352,78,4.5
352,581,5.0
352,274,4.0
352,62,4.0
352,583,5.0
352,500,5.0
352,1891,4.0
352,85,4.0
352,679,4.0
352,348,5.0
352,600,4.0
352,694,5.0
352,9366,4.0
352,1701,4.0
352,8413,4.0
352,9772,4.0
352,978,5.0
352,2649,4.5
352,8078,4.5
352,597,4.0
352,184,4.0
352,115,4.0
352,10153,4.0
352,609,5.0
352,9552,4.5
352,857,4.5
352,10220,4.0
352,431,4.0
352,8195,4.0
352,1091,5.0
352,12159,4.0
352,637,5.0
352,73,4.5
352,297,4.5
352,200,4.5
352,100,5.0
352,603,4.5
352,1946,4.0
352,2105,4.5
352,345,5.0
352,745,4.0
352,14,5.0
352,226,4.0
352,550,5.0
352,404,4.0
352,1832,4.0
352,99,4.0
352,9946,4.0
352,497,5.0
352,622,4.0
352,462,4.0
352,9532,4.0
352,840,5.0
352,1359,4.0
352,3536,4.0
352,98,4.0
352,2133,4.0
352,8843,4.0
352,71,4.0
352,107,5.0
352,392,4.5
352,1900,4.5
352,77,5.0
352,120,5.0
352,121,5.0
352,423,5.0
352,170,5.0
352,22,4.0
352,322,4.5
352,122,5.0
352,70,4.0
352,1895,4.0
352,74,4.0
352,3933,4.0
352,9392,4.0
352,674,4.0
352,752,4.0
352,588,4.0
352,1491,4.0
352,1422,4.5
352,1372,5.0
352,3594,4.0
352,1949,4.5
352,1271,4.0
352,1272,5.0
352,1562,4.0
352,285,4.0
352,298,4.0
352,3021,4.0
352,675,4.0
352,4513,4.5
352,13363,5.0
352,5876,5.0
352,7350,4.0
352,7191,4.5
352,10681,5.0
352,12113,4.5
352,20766,4.5
352,13223,5.0
352,16869,5.0
352,14160,4.0
352,767,4.0
352,8054,4.0
352,12244,4.5
352,19959,4.0
352,19908,5.0
352,22947,4.0
352,19995,5.0
352,11324,5.0
352,12155,4.0
352,20352,4.0
352,27205,5.0
352,27576,4.0
352,44115,4.5
352,12444,4.0
352,46838,4.0
352,1865,4.0
352,37686,4.0
352,12445,4.0
352,17578,4.5
352,44826,4.5
352,70160,4.0
352,49026,4.0
352,65754,4.0
352,22970,4.5
352,70981,4.5
352,83666,4.0
352,37724,4.0
352,68734,4.0
352,83542,5.0
352,87827,4.0
352,49051,5.0
352,82654,4.0
352,68718,4.5
352,75612,4.5
352,103731,4.0
352,54138,4.5
352,68726,4.0
352,72190,4.0
352,138843,4.0
352,138832,4.0
352,49047,5.0
352,146233,5.0
352,109424,4.0
352,80274,4.5
352,106646,5.0
352,110415,4.5
352,157336,5.0
352,137113,5.0
352,244786,4.0
352,210577,4.0
352,198663,4.5
352,206487,4.5
352,245891,4.0
352,228150,4.5
352,177572,4.5
352,264660,4.5
352,131631,4.0
352,122917,5.0
352,207703,4.0
352,273248,4.0
352,286217,5.0
352,131634,4.0
352,259316,4.0
352,188927,4.0
352,281957,5.0
352,333371,4.0
352,330459,4.5
353,862,5.0
353,8844,4.0
353,949,4.0
353,9087,4.0
353,9273,4.0
353,1710,5.0
353,451,4.0
353,63,5.0
353,9598,5.0
353,807,5.0
353,755,4.0
353,33542,5.0
353,16388,4.0
353,8963,5.0
353,1572,5.0
353,2293,4.0
353,1642,4.0
353,11472,5.0
353,2292,5.0
353,8467,4.0
353,10525,4.0
353,14275,5.0
353,8438,5.0
353,6950,4.0
353,101,5.0
353,680,5.0
353,278,5.0
353,9905,5.0
353,9059,4.0
353,11381,5.0
353,3049,5.0
353,9331,4.0
353,8587,4.0
353,6075,4.0
353,37233,4.0
353,5503,5.0
353,11969,4.0
353,319,4.0
353,581,4.0
353,268,4.0
353,274,5.0
353,10020,4.0
354,63,4.0
354,807,4.0
354,629,4.5
354,755,4.5
354,103,4.0
354,568,4.0
354,1572,4.0
354,11,4.0
354,680,4.5
354,278,4.5
354,13,4.5
354,712,4.0
354,1637,4.0
354,36955,4.0
354,329,4.0
354,713,4.0
354,424,4.0
354,11236,4.0
354,280,4.5
354,268,4.0
354,274,4.0
354,954,4.0
354,9802,4.0
354,238,4.0
354,426,4.0
354,15121,4.0
354,562,4.0
354,500,4.0
354,10537,4.5
354,601,4.0
354,744,4.0
354,1891,4.0
354,429,4.0
354,947,4.0
354,1892,4.0
354,348,4.0
354,539,4.0
354,279,4.5
354,387,4.0
354,218,4.0
354,137,4.0
354,105,4.0
354,571,4.0
354,621,4.0
354,4232,4.0
354,18,4.0
354,8874,4.0
354,754,4.0
354,686,4.0
354,2255,4.0
354,563,4.5
354,37165,4.5
354,489,4.0
354,597,4.0
354,115,4.0
354,2666,4.5
354,544,4.0
354,1366,4.0
354,380,4.0
354,2108,4.0
354,9552,4.0
354,927,4.0
354,34584,4.5
354,8195,4.5
354,2657,4.0
354,637,4.5
354,73,4.5
354,9489,4.0
354,1542,4.0
354,796,4.5
354,603,4.0
354,4951,4.0
354,104,4.5
354,2105,4.0
354,620,4.0
354,913,4.0
354,14,4.0
354,658,4.0
354,550,4.5
354,5548,4.5
354,856,4.0
354,1213,4.0
354,8374,4.0
354,106,4.0
354,36657,4.0
354,641,4.0
354,146,4.0
354,4133,4.5
354,111,4.5
354,808,4.0
354,9705,4.0
354,2034,4.0
354,141,4.5
354,194,4.5
354,453,4.0
354,557,4.0
354,2501,4.0
354,1430,4.0
354,565,4.0
354,7299,4.0
354,3131,4.0
354,640,4.0
354,24,4.5
354,860,4.0
354,587,4.5
354,38,4.0
354,393,4.0
354,9372,4.0
354,594,4.0
354,2502,4.0
354,176,4.0
354,9806,4.0
354,70,4.0
354,2567,4.0
354,1640,4.5
354,1895,4.0
354,1635,4.5
354,956,4.0
354,350,4.5
354,1422,4.0
354,36557,4.5
354,559,4.0
354,4964,4.0
354,1991,4.0
354,1858,4.5
355,2164,4.0
355,2769,5.0
355,13320,5.0
355,239,4.0
355,6620,4.0
355,804,4.0
355,381,5.0
355,85,5.0
355,607,4.0
355,597,4.0
355,10249,4.0
355,1893,5.0
355,861,5.0
355,391,4.0
355,926,4.0
355,10326,4.0
355,16347,4.0
356,2054,4.5
356,11000,4.0
356,2293,4.0
356,9804,4.0
356,4476,4.0
356,2164,4.0
356,278,4.5
356,1587,4.5
356,13,4.0
356,9571,4.5
356,5503,4.5
356,788,4.0
356,14291,4.0
356,78,4.5
356,10442,5.0
356,11969,4.5
356,503475,5.0
356,9802,4.5
356,532,5.0
356,627,4.0
356,164,4.5
356,289,5.0
356,804,4.5
356,12335,5.0
356,583,5.0
356,500,5.0
356,762,4.0
356,531,5.0
356,2493,4.0
356,85,4.0
356,185,4.0
356,28,5.0
356,525,5.0
356,600,4.5
356,530,5.0
356,9277,4.0
356,343,4.5
356,207,5.0
356,37247,5.0
356,13667,5.0
356,137,4.0
356,105,5.0
356,89,4.5
356,639,4.5
356,1573,4.0
356,4104,4.0
356,9366,4.0
356,10003,5.0
356,9434,5.0
356,18,5.0
356,754,4.0
356,1669,4.0
356,2255,4.0
356,9427,4.5
356,782,4.5
356,489,4.5
356,115,5.0
356,27103,4.0
356,586,4.0
356,11003,4.5
356,2898,4.0
356,1878,4.0
356,9340,4.0
356,165,4.5
356,196,4.5
356,857,4.0
356,11557,4.5
356,2028,4.5
356,162,4.0
356,10162,4.0
356,100,4.0
356,603,4.0
356,4951,4.0
356,9430,4.0
356,6396,4.0
356,36685,5.0
356,104,5.0
356,620,5.0
356,2978,4.0
356,745,4.0
356,2280,4.0
356,850,4.0
356,14,4.0
356,9377,5.0
356,550,5.0
356,36819,5.0
356,492,4.0
356,1832,4.0
356,11787,4.5
356,497,4.0
356,334,4.0
356,3558,4.0
356,13342,4.5
356,8872,4.5
356,968,4.0
356,838,4.5
356,8469,5.0
356,54825,4.5
356,996,5.0
356,801,4.5
356,13531,5.0
356,243,4.0
356,11977,5.0
356,98,4.0
356,2024,4.0
356,10276,5.0
356,2360,4.5
356,20438,5.0
356,786,5.0
356,641,5.0
356,9741,4.0
356,107,4.5
356,134,4.0
356,1900,4.0
356,77,5.0
356,10364,4.0
356,9576,5.0
356,13403,5.0
356,141,5.0
356,194,5.0
356,9428,4.0
356,11528,5.0
356,1391,4.5
356,9685,4.5
356,11013,4.5
356,129,4.0
356,12921,4.0
356,1809,5.0
356,13441,5.0
356,2757,4.0
356,590,5.0
356,4912,4.5
356,604,4.0
356,1555,4.5
356,9654,4.0
356,7270,4.0
356,605,4.0
356,17685,5.0
356,10744,4.0
356,338,5.0
356,156,4.0
356,38,5.0
356,10843,4.0
356,13193,5.0
356,2048,4.0
356,2502,4.0
356,401,4.0
356,17768,5.0
356,747,5.0
356,1599,4.5
356,9675,4.0
356,421,4.0
356,9470,4.0
356,272,5.0
356,6957,5.0
356,340,4.0
356,7553,5.0
356,5236,5.0
356,10707,4.0
356,69,4.5
356,1420,4.0
356,9388,5.0
356,20521,5.0
356,16367,4.0
356,773,5.0
356,1262,4.5
356,15624,5.0
356,1422,4.0
356,1378,4.5
356,9693,5.0
356,36557,4.0
356,4638,4.5
356,8363,5.0
356,2252,4.5
356,4538,4.0
356,6615,5.0
356,13198,4.0
356,6538,4.0
356,69315,5.0
356,8321,4.0
356,155,5.0
356,13258,5.0
356,13990,5.0
356,10189,4.0
356,4944,5.0
356,10358,5.0
356,12405,4.0
356,15373,4.5
356,10201,4.0
357,862,5.0
357,4584,5.0
357,9598,4.0
357,9603,4.5
357,629,5.0
357,197,4.0
357,14275,4.5
357,628,4.0
357,11,4.0
357,19101,4.0
357,10510,4.0
357,680,4.5
357,278,4.0
357,712,4.0
357,9571,5.0
357,9386,4.0
357,329,4.0
357,9800,4.5
357,14534,4.5
357,424,5.0
357,9479,5.0
357,11969,5.0
357,771,4.0
357,812,4.5
357,274,4.5
357,408,4.0
357,10020,4.0
357,10895,4.0
357,114,4.0
357,275,4.0
357,1592,4.5
357,3065,4.0
357,602,4.0
357,238,5.0
357,981,4.0
357,872,5.0
357,11113,4.0
357,909,5.0
357,630,4.5
357,770,5.0
357,705,5.0
357,1585,5.0
357,11224,4.5
357,433,4.5
357,11360,4.0
357,15121,4.5
357,9591,4.0
357,454,4.5
357,10218,4.0
357,583,5.0
357,475,4.5
357,744,4.0
357,702,5.0
357,762,4.5
357,1891,4.5
357,2493,4.5
357,85,4.0
357,185,4.0
357,595,5.0
357,1892,4.0
357,769,5.0
357,539,4.5
357,240,5.0
357,279,5.0
357,343,4.0
357,9665,5.0
357,207,5.0
357,37247,4.5
357,13667,4.5
357,694,5.0
357,235,4.0
357,137,4.5
357,982,4.0
357,212,4.5
357,105,4.0
357,1633,4.5
357,903,5.0
357,2640,5.0
357,665,4.0
357,639,4.5
357,7340,4.5
357,794,4.5
357,17204,4.0
357,621,4.0
357,578,4.0
357,9390,4.5
357,378,5.0
357,8818,4.5
357,16448,5.0
357,9413,4.0
357,489,5.0
357,597,4.0
357,15037,4.5
357,544,4.0
357,1725,5.0
357,874,4.0
357,16619,4.0
357,11050,4.5
357,380,4.5
357,2108,4.0
357,9552,4.5
357,9340,4.5
357,165,4.0
357,196,4.0
357,859,4.0
357,857,4.5
357,1779,4.0
357,907,5.0
357,10144,5.0
357,87,4.0
357,15171,4.0
357,15144,4.5
357,805,5.0
357,4011,4.5
357,2028,5.0
357,162,4.0
357,637,4.0
357,73,4.0
357,11881,4.5
357,1542,4.0
357,11355,4.0
357,9451,4.0
357,14283,5.0
357,9473,4.5
357,2667,4.0
357,620,4.0
357,873,5.0
357,745,5.0
357,2280,4.0
357,850,5.0
357,704,4.0
357,9377,4.0
357,550,4.5
357,596,4.0
357,293,5.0
357,863,5.0
357,497,4.0
357,16562,4.0
357,4825,4.5
357,1443,4.0
357,98,4.5
357,786,5.0
357,13785,4.5
357,8358,4.0
357,134,5.0
357,12658,4.5
357,634,4.5
357,808,4.0
357,9576,4.0
357,644,4.0
357,8835,4.0
357,9880,4.0
357,1933,4.5
357,1018,4.0
357,14811,4.5
357,141,5.0
357,585,4.0
357,161,4.5
357,453,4.0
357,8346,4.0
357,180,4.0
357,4147,4.0
357,672,4.0
357,7299,4.0
357,640,4.5
357,1574,4.5
357,13370,4.5
357,16636,4.5
357,12,4.5
357,2260,5.0
357,170,4.5
357,10330,4.0
357,26755,4.0
357,508,4.5
357,1976,5.0
357,1954,4.0
357,38,5.0
357,10096,4.5
357,10625,4.5
357,164721,5.0
357,14108,4.0
357,673,4.5
357,9372,4.0
357,23378,5.0
357,401,4.5
357,20120,4.5
357,4553,4.0
357,9806,4.0
357,33740,4.0
357,13671,5.0
357,13187,4.5
357,15251,5.0
357,17663,5.0
357,17208,4.0
357,4935,5.0
357,13020,5.0
357,272,4.0
357,398,4.0
357,19082,5.0
357,4348,5.0
357,674,4.5
357,773,4.0
357,1262,4.0
357,1776,5.0
357,1422,4.0
357,1124,4.5
357,1372,4.0
357,1949,4.0
357,4964,4.0
357,36676,4.5
357,675,4.5
357,5176,4.0
357,4771,5.0
357,4512,5.0
357,6479,4.0
357,6537,4.5
357,7326,4.5
357,6575,4.5
357,155,4.5
357,15584,5.0
357,14836,4.0
357,767,4.5
357,22947,4.0
357,19995,4.0
357,13382,4.0
357,40724,5.0
357,11324,4.0
357,10193,4.0
357,16023,4.0
357,27205,4.0
357,37799,4.5
357,23168,4.5
357,37735,4.0
357,44115,4.0
357,12444,5.0
357,12445,5.0
357,50646,4.5
357,70160,4.5
357,49026,4.5
357,26397,4.0
357,83660,4.0
358,164,4.0
358,597,5.0
358,1934,4.0
358,4951,4.0
358,2668,4.0
358,824,4.0
358,10229,5.0
358,13476,4.0
358,1824,4.0
358,38,4.0
358,11036,4.5
358,9007,4.0
358,9044,5.0
358,1491,4.5
358,9726,4.0
358,1272,4.0
358,4347,5.0
358,13198,4.0
358,10681,4.0
358,10184,4.0
358,19913,4.5
358,24420,4.5
358,24684,4.0
358,50646,4.0
359,862,4.0
359,11010,4.5
359,680,4.0
359,329,4.0
359,424,4.5
359,251,4.0
359,581,4.0
359,274,4.5
359,252,4.0
359,601,4.0
359,11216,4.5
359,279,5.0
359,207,5.0
359,11673,4.0
359,489,4.5
359,597,4.5
359,746,4.5
359,380,4.0
359,637,5.0
359,873,4.5
359,14,4.0
359,1900,4.0
359,808,5.0
359,453,5.0
359,12,4.5
359,11036,4.5
359,582,4.0
359,6145,4.0
360,4232,4.0
360,4477,4.0
360,686,4.0
360,9772,5.0
360,6623,5.0
360,2118,5.0
360,9437,5.0
360,2649,5.0
360,4824,5.0
360,8197,5.0
360,597,4.0
360,586,5.0
360,9411,5.0
361,9473,4.0
361,2105,4.0
361,36643,4.0
361,10479,4.0
361,9285,4.0
361,2024,4.0
361,10637,5.0
361,2770,4.0
361,161,4.5
361,2501,4.0
361,608,4.0
361,11635,4.5
361,9654,4.0
361,652,4.0
361,2059,4.0
361,8488,4.0
361,4551,4.0
361,272,4.0
361,950,4.0
361,591,4.0
361,1593,5.0
361,1402,4.0
361,36557,4.0
361,7551,4.0
361,4964,4.0
361,285,4.0
361,6637,4.0
362,949,4.0
362,524,4.0
362,9909,4.0
362,807,4.5
362,755,4.0
362,197,4.0
362,103,5.0
362,11,4.5
362,101,4.5
362,680,5.0
362,278,4.5
362,13,4.5
362,854,4.0
362,2654,4.5
362,6075,4.0
362,280,4.0
362,268,4.5
362,274,5.0
362,275,5.0
362,238,5.0
362,62,5.0
362,500,4.5
362,510,5.0
362,1891,4.5
362,429,5.0
362,185,5.0
362,28,5.0
362,335,5.0
362,1092,4.5
362,769,4.0
362,240,5.0
362,600,4.5
362,829,4.5
362,694,5.0
362,11778,4.5
362,33,4.5
362,665,4.5
362,10336,4.0
362,2118,4.0
362,2649,4.0
362,1813,5.0
362,37165,4.0
362,115,5.0
362,654,4.5
362,242,4.0
362,1580,4.5
362,117,4.0
362,1091,5.0
362,162,4.0
362,73,4.0
362,603,4.5
362,1893,4.0
362,550,4.5
362,497,4.0
362,98,4.0
362,9740,4.0
362,111,4.5
362,808,4.0
362,120,5.0
362,557,4.0
362,9533,4.5
362,9645,4.0
362,121,5.0
362,604,4.0
362,12,4.0
362,22,4.0
362,322,4.5
362,24,4.5
362,605,4.0
362,234,5.0
362,122,5.0
362,393,4.5
362,809,4.0
362,9806,4.0
362,561,4.5
362,272,4.5
362,3933,4.5
362,69,4.5
362,186,4.0
362,1422,4.0
362,1124,4.0
362,1949,4.5
362,5876,4.5
362,7345,5.0
362,13183,4.0
362,13223,4.0
362,16869,4.0
362,27205,4.0
362,49797,4.5
362,60935,4.0
362,49026,4.0
362,49051,4.0
362,138843,4.0
362,146233,4.0
362,242582,4.0
362,325789,4.0
363,629,4.0
363,11000,4.0
363,680,5.0
363,278,4.0
363,85,4.0
363,207,4.0
363,816,4.0
363,9427,4.0
363,489,5.0
363,115,4.0
363,283995,5.0
363,419430,4.0
363,263115,4.0
364,862,5.0
364,9208,5.0
364,11000,4.0
364,11,4.0
364,8987,5.0
364,2320,5.0
364,1592,5.0
364,9802,4.0
364,664,4.0
364,602,5.0
364,9268,4.0
364,1645,4.0
364,3595,5.0
364,238,5.0
364,252,5.0
364,199,4.0
365,278,4.5
365,13,4.5
365,1891,4.0
365,235,4.0
365,489,5.0
365,2108,4.0
365,15144,4.0
365,4951,4.0
365,497,4.0
365,8358,5.0
365,585,4.0
365,453,4.0
365,640,5.0
365,9919,4.0
365,10625,4.5
365,747,4.0
365,7453,4.0
365,6877,4.0
365,4638,4.0
365,10189,5.0
365,10358,4.0
365,19995,4.0
365,23048,4.0
365,27581,4.5
365,37735,4.5
365,40805,4.0
365,39513,4.5
365,45132,4.0
365,49012,4.0
365,40807,4.0
365,64688,4.5
365,72105,5.0
365,80035,4.0
365,107811,4.0
365,109414,4.0
365,109439,4.5
365,59859,4.0
365,195589,4.0
365,232672,4.0
365,188161,4.0
365,187017,4.0
365,245891,4.0
365,228150,4.0
365,228967,5.0
365,297761,4.0
365,214756,5.0
365,296100,5.0
365,325133,4.5
365,223702,4.5
365,291805,4.0
366,197,4.0
366,280,4.0
366,562,4.0
366,500,5.0
366,857,4.0
366,550,4.5
366,98,4.5
366,641,4.0
366,120,4.5
366,22,4.0
366,24,4.0
366,122,4.5
366,393,4.0
366,673,4.5
366,9806,4.0
366,272,4.0
366,1422,4.5
366,155,4.0
366,16869,4.5
366,27205,4.0
366,49026,4.0
366,157336,5.0
366,205596,4.5
367,862,5.0
367,9603,4.0
367,568,4.0
367,11,5.0
367,161495,5.0
367,278,5.0
367,13,5.0
367,11566,4.0
367,42580,4.0
367,788,5.0
367,22588,4.0
367,251,4.0
367,274,5.0
367,238,5.0
367,981,4.0
367,872,5.0
367,239,4.0
367,289,5.0
367,6620,4.0
367,630,5.0
367,15,5.0
367,705,4.0
367,223,4.0
367,20758,4.0
367,1585,5.0
367,433,5.0
367,601,5.0
367,1891,4.0
367,85,5.0
367,595,5.0
367,539,4.0
367,240,4.0
367,207,5.0
367,13667,5.0
367,694,4.0
367,235,4.0
367,137,4.0
367,105,4.0
367,665,4.0
367,2323,5.0
367,642,5.0
367,578,4.0
367,11103,4.0
367,8874,4.0
367,607,4.0
367,489,5.0
367,11003,4.0
367,2898,4.0
367,1366,5.0
367,2108,5.0
367,3170,5.0
367,9325,5.0
367,10340,5.0
367,15144,4.0
367,117,4.0
367,2028,5.0
367,9487,5.0
367,1934,4.0
367,11881,5.0
367,10328,4.0
367,39314,4.0
367,509,5.0
367,620,5.0
367,745,5.0
367,2280,5.0
367,850,5.0
367,9346,4.0
367,9377,5.0
367,13485,5.0
367,2039,4.0
367,11787,5.0
367,863,5.0
367,10137,5.0
367,926,4.0
367,17908,4.0
367,25934,4.0
367,24481,4.0
367,5693,5.0
367,11899,5.0
367,996,4.0
367,13539,4.0
367,12187,5.0
367,840,5.0
367,11478,5.0
367,11356,4.0
367,10559,5.0
367,2621,4.0
367,16347,4.0
367,10564,4.0
367,13105,4.0
367,10560,4.0
367,10567,4.0
367,10642,4.0
367,955,4.0
367,8584,4.0
367,9600,4.0
367,7443,5.0
367,2133,4.0
367,4244,5.0
367,36657,5.0
367,36047,4.0
367,2655,5.0
367,10276,5.0
367,6282,4.0
367,1588,4.0
367,34299,4.0
367,10637,5.0
367,10647,4.0
367,4958,5.0
367,10862,4.0
367,9741,4.0
367,711,5.0
367,5994,5.0
367,1493,5.0
367,2018,4.0
367,74340,4.0
367,37302,5.0
367,1921,4.0
367,10477,4.0
367,1734,4.0
367,808,5.0
367,824,4.0
367,676,4.0
367,1406,4.0
367,8835,5.0
367,9602,4.0
367,24266,4.0
367,1648,4.0
367,331,4.0
367,9880,5.0
368,949,4.0
368,524,4.0
368,807,4.0
368,629,4.0
368,197,4.0
368,8963,4.0
368,11,4.0
368,4476,4.0
368,6950,4.0
368,101,4.0
368,680,5.0
368,9331,4.0
368,13,4.0
368,37233,4.0
368,329,4.0
368,10909,4.0
368,507,4.0
368,424,5.0
368,274,4.0
368,275,4.0
368,27768,4.0
368,238,5.0
368,770,4.0
368,562,4.0
368,500,4.0
368,792,5.0
368,744,4.0
368,2756,4.0
368,510,5.0
368,2493,5.0
368,85,4.0
368,679,5.0
368,429,4.0
368,28,5.0
368,1892,4.0
368,769,4.0
368,348,4.0
368,240,4.0
368,600,4.0
368,387,4.0
368,218,4.0
368,9665,4.0
368,829,5.0
368,235,4.0
368,5925,4.0
368,11778,4.0
368,12498,4.0
368,578,5.0
368,1669,5.0
368,9433,4.0
368,2118,4.0
368,2649,4.0
368,1366,4.0
368,9443,4.0
368,746,4.0
368,13820,4.0
368,551,4.0
368,857,5.0
368,13697,4.0
368,10220,4.0
368,881,4.0
368,244,4.0
368,603,4.0
368,745,4.0
368,813,4.0
368,14,4.0
368,1654,4.0
368,9289,4.0
368,11165,4.0
368,497,4.0
368,1715,4.0
368,334,4.0
368,1907,4.0
368,14181,4.0
368,10479,4.0
368,2133,4.0
368,11589,4.0
368,18391,4.0
368,3110,4.0
368,2609,4.0
368,651,4.0
369,9273,4.0
369,36593,4.0
369,8005,4.0
369,627,4.0
369,10537,4.0
369,11843,4.5
369,1891,4.0
369,3063,4.0
369,12104,4.0
369,174,4.0
369,9434,4.5
369,2649,4.5
369,37165,4.0
369,115,5.0
369,1878,5.0
369,10162,4.0
369,8741,4.0
369,603,4.5
369,104,4.0
369,9267,4.0
369,550,4.5
369,957,4.0
369,1850,4.0
369,1359,4.5
369,37136,4.0
369,107,4.0
369,77,4.5
369,141,4.0
369,23949,4.0
369,2757,4.0
369,38,4.0
369,8699,4.0
369,2502,4.0
369,3509,5.0
369,118,4.0
369,496,4.0
369,4964,4.0
369,8363,4.0
369,13007,4.0
370,629,4.5
370,2292,4.5
370,680,5.0
370,36955,4.0
370,280,4.0
370,268,4.0
370,274,4.0
370,627,4.5
370,583,4.0
370,85,4.0
370,218,4.0
370,2640,4.0
370,11031,4.0
370,89,4.0
370,2255,4.5
370,11003,4.0
370,2108,4.0
370,87,4.0
370,73,4.0
370,1542,4.0
370,603,4.0
370,13852,4.0
370,745,4.5
370,550,4.5
370,492,4.0
370,243,4.0
370,107,4.0
370,808,4.0
370,141,4.0
370,194,4.5
370,120,4.5
370,129,4.0
370,121,4.5
370,22,4.0
370,24,4.0
370,79,4.5
370,122,4.5
370,38,4.0
370,558,4.0
370,9806,4.0
370,9550,4.0
370,187,4.0
370,5236,4.0
370,752,4.0
370,9388,4.0
371,10530,4.5
371,268,4.0
371,10539,4.0
371,9323,5.0
371,62,5.0
371,68,5.0
371,185,5.0
371,694,5.0
371,149,5.0
371,563,4.0
371,2666,5.0
371,1878,4.5
371,12159,5.0
371,11545,5.0
371,603,5.0
371,10494,5.0
371,856,4.5
371,128,5.0
371,36657,4.0
371,10276,4.0
371,8843,4.0
371,19933,4.0
371,77,4.5
371,10956,4.0
371,120,4.5
371,11299,4.5
371,604,5.0
371,153,5.0
371,605,5.0
371,122,4.5
371,38,5.0
371,16859,4.5
371,561,4.5
371,13754,5.0
371,13198,5.0
371,12444,4.0
371,86834,5.0
371,64246,5.0
372,949,5.0
372,9087,4.0
372,10858,4.0
372,524,4.0
372,451,4.0
372,63,4.0
372,9598,4.0
372,31174,4.0
372,807,5.0
372,629,5.0
372,11448,4.0
372,197,4.0
372,11000,4.0
372,8963,4.0
372,1572,4.0
372,281,5.0
372,2292,4.0
372,10531,4.0
372,13701,4.0
372,11,4.0
372,11593,4.0
372,101,4.0
372,680,4.0
372,11450,5.0
372,2164,5.0
372,278,5.0
372,20306,4.0
372,36141,4.0
372,712,4.0
372,8587,4.0
372,1637,5.0
372,36955,5.0
372,11566,4.0
372,5503,5.0
372,9386,4.0
372,11971,4.0
372,1245,4.0
372,424,5.0
372,14291,4.0
372,78,4.0
372,11969,4.0
372,319,4.0
372,812,4.0
372,280,4.0
372,274,4.0
372,10020,4.0
372,275,5.0
372,1592,4.0
372,9802,4.0
372,664,4.0
372,10779,4.0
372,3573,4.0
372,238,5.0
372,44705,4.0
372,567,4.0
372,4174,4.0
372,1585,4.0
372,562,5.0
372,11159,4.0
372,10218,4.0
372,623,4.0
372,500,5.0
372,792,4.0
372,601,4.0
372,2756,4.0
372,4480,4.0
372,4481,4.0
372,11216,5.0
372,409,5.0
372,1891,4.0
372,2493,4.0
372,85,5.0
372,679,5.0
372,429,4.0
372,389,4.0
372,947,5.0
372,28,5.0
372,1892,5.0
372,769,5.0
372,348,5.0
372,766,5.0
372,240,5.0
372,10705,4.0
372,9665,5.0
372,9322,4.0
372,694,4.0
372,235,4.0
372,765,5.0
372,137,4.0
372,105,5.0
372,89,5.0
372,14370,4.0
372,639,4.0
372,11349,4.0
372,199,4.0
372,7863,5.0
372,20539,5.0
372,1573,5.0
372,11967,4.0
372,578,5.0
372,17795,4.0
372,31908,4.0
372,9361,5.0
372,10549,5.0
372,686,4.0
372,2142,4.0
372,1669,4.0
373,949,5.0
373,524,4.0
373,451,5.0
373,63,4.0
373,9598,4.0
373,807,5.0
373,629,5.0
373,197,4.0
373,103,5.0
373,11000,4.0
373,281,4.0
373,11929,4.0
373,522,4.0
373,13701,5.0
373,628,5.0
373,18183,5.0
373,4476,4.0
373,3036,5.0
373,8438,4.0
373,1945,4.0
373,680,5.0
373,3586,5.0
373,278,5.0
373,1587,5.0
373,13,4.0
373,8587,5.0
373,6075,5.0
373,11934,5.0
373,7984,5.0
373,329,4.0
373,9800,5.0
373,713,4.0
373,424,5.0
373,9479,5.0
373,581,4.0
373,274,5.0
373,408,5.0
373,10895,5.0
373,10112,4.0
373,954,4.0
374,197,5.0
374,414,4.0
374,8963,4.0
374,8467,4.0
374,680,5.0
374,278,4.0
374,3049,4.0
374,13,4.0
374,36955,5.0
374,329,4.0
374,602,4.0
374,766,5.0
374,694,4.0
374,571,4.0
374,7340,4.0
374,794,5.0
374,199,5.0
375,63,5.0
375,278,5.0
375,3049,4.0
375,13,4.5
375,8367,5.0
375,1891,5.0
375,10549,5.0
375,1669,4.5
375,9313,4.0
375,617,4.0
375,544,4.5
375,943,4.0
375,10122,4.0
375,10312,4.5
375,745,5.0
375,10154,4.0
375,9869,5.0
375,98,5.0
375,146,4.5
375,77,5.0
375,496,5.0
376,710,4.5
376,63,5.0
376,568,5.0
376,8963,5.0
376,1642,4.0
376,397,4.0
376,11,4.0
376,6950,4.5
376,2064,4.0
376,9331,4.0
376,8987,4.0
376,2758,4.5
376,37233,4.0
376,5503,4.0
376,329,4.0
376,424,4.5
376,858,4.0
376,78,5.0
376,251,4.0
376,280,5.0
376,954,5.0
376,9802,4.0
376,532,5.0
376,935,4.0
376,602,4.0
376,238,4.0
376,289,4.0
376,963,4.0
376,744,4.0
376,531,5.0
376,1891,4.0
376,2493,4.0
376,85,4.0
376,1892,4.5
376,348,5.0
376,240,4.5
376,530,5.0
376,9277,4.5
376,218,4.0
376,9322,4.0
376,829,4.0
376,694,4.0
376,5925,4.0
376,137,4.0
376,105,4.5
376,89,4.0
376,639,4.0
376,199,4.0
376,578,4.0
376,2322,4.0
376,10003,4.5
376,607,4.0
376,686,4.5
376,1669,4.0
376,165,5.0
376,196,5.0
376,87,4.5
376,8195,4.5
376,8741,4.0
376,1893,4.5
376,620,4.5
376,745,4.0
376,913,4.0
376,2280,4.0
376,861,4.0
376,856,4.0
376,5156,5.0
376,9869,4.5
376,106,4.0
376,4327,4.0
376,77,5.0
376,808,4.0
376,671,4.5
376,194,4.5
376,120,4.5
376,453,4.5
376,855,5.0
376,1894,4.5
376,2501,5.0
376,180,5.0
376,640,4.5
376,122,4.0
376,1954,4.0
376,2502,5.0
376,272,4.0
376,16320,4.0
376,533,5.0
376,1422,4.5
376,36557,5.0
376,2503,5.0
376,8681,5.0
376,10681,4.5
376,15854,4.0
376,27205,4.0
376,50348,4.0
376,49040,5.0
376,37724,4.5
376,68734,5.0
376,72976,5.0
376,97630,5.0
377,63,4.5
377,9598,4.0
377,568,5.0
377,11318,4.0
377,2758,4.0
377,9066,4.0
377,8072,5.0
377,10061,4.5
377,284,4.0
377,62,5.0
377,705,4.5
377,173,4.5
377,12092,4.0
377,11216,4.5
377,679,4.5
377,389,5.0
377,28,5.0
377,348,5.0
377,766,5.0
377,279,4.0
377,696,4.0
377,422,4.5
377,5925,4.5
377,212,4.5
377,149,5.0
377,152,4.5
377,13982,4.0
377,816,4.5
377,25430,4.5
377,97,4.0
377,9314,5.0
377,2907,4.0
377,4437,4.5
377,9447,4.5
377,9426,4.0
377,817,4.0
377,813,5.0
377,2665,4.5
377,1911,4.0
377,14,4.5
377,11379,4.5
377,15515,4.5
377,838,5.0
377,16958,4.0
377,8469,5.0
377,38006,4.0
377,10128,4.0
377,17814,4.0
377,5709,4.0
377,17965,5.0
377,33743,5.0
377,65632,4.0
377,11542,4.5
377,29756,4.5
377,6974,4.5
377,150,4.0
377,26851,5.0
377,15096,5.0
377,38849,4.0
377,11222,5.0
377,12516,4.5
377,10514,5.0
377,44585,4.0
377,891,5.0
377,2000,5.0
377,22561,4.0
377,10733,4.5
377,13913,4.0
377,10235,5.0
377,14588,4.0
377,22718,4.0
377,8699,4.5
377,626,5.0
377,2567,4.0
377,36815,4.0
377,6957,4.5
377,14241,5.0
377,18724,4.5
377,2973,4.5
377,19995,4.5
377,25694,4.0
377,37618,4.5
377,70862,4.0
377,24428,5.0
378,862,4.5
378,687,4.0
378,278,4.5
378,8587,4.5
378,424,4.5
378,274,4.5
378,510,4.5
378,769,4.0
378,37165,4.0
378,73,4.5
378,863,4.5
378,120,4.5
378,121,4.5
378,22,4.0
378,122,4.5
378,4553,4.0
378,9806,4.0
378,272,4.5
378,752,4.0
378,1422,4.5
378,1124,5.0
378,155,4.5
378,11321,4.5
378,13475,4.0
378,14160,4.0
378,12162,4.0
378,11324,4.5
378,10193,4.0
378,27205,5.0
378,49026,4.5
378,106646,4.0
378,157336,4.5
378,205596,4.0
379,9598,5.0
379,197,5.0
379,568,5.0
379,8963,4.0
379,1642,4.0
379,6950,4.0
379,9331,4.0
379,13,5.0
379,36955,4.0
379,37233,4.0
379,5503,5.0
379,329,4.0
379,858,4.0
379,280,4.0
379,581,5.0
380,862,5.0
380,8844,5.0
380,949,5.0
380,710,5.0
380,12110,4.0
380,5,4.0
380,9273,5.0
380,63,5.0
380,9598,4.0
380,9312,4.0
380,807,5.0
380,629,4.0
380,11359,4.0
380,755,5.0
380,10874,5.0
380,197,4.0
380,8068,5.0
380,1572,5.0
380,9886,4.0
380,9482,4.0
380,9070,4.0
380,2292,4.0
380,8467,4.0
380,11,5.0
380,101,5.0
380,680,5.0
380,2164,5.0
380,11395,4.0
380,3049,5.0
380,9495,5.0
380,13,5.0
380,8587,5.0
380,854,5.0
380,36593,4.0
380,1637,5.0
380,36955,5.0
380,9739,5.0
380,5503,4.0
380,9255,4.0
380,329,5.0
380,9593,5.0
380,788,4.0
380,78,5.0
380,9479,5.0
380,319,5.0
380,771,4.0
380,812,5.0
380,280,5.0
380,274,5.0
380,408,4.0
380,10020,4.0
380,10895,4.0
380,275,4.0
380,25059,4.0
380,19042,4.0
380,954,4.0
380,2300,4.0
380,503475,5.0
380,532,5.0
380,935,5.0
380,602,4.0
380,10779,5.0
380,10830,4.0
380,238,4.0
380,62,4.0
380,1585,4.0
380,260,4.0
380,10331,5.0
380,6878,4.0
380,8367,4.0
380,433,4.0
380,11360,4.0
380,562,5.0
380,11412,4.0
380,11238,4.0
380,252,4.0
380,623,5.0
380,583,5.0
380,500,4.0
380,601,4.0
380,11843,4.0
380,2756,4.0
380,1103,4.0
380,762,5.0
380,531,5.0
380,510,4.0
380,1891,5.0
380,85,5.0
380,68,5.0
380,679,5.0
380,429,5.0
380,595,5.0
380,28,4.0
380,1892,5.0
380,769,5.0
380,348,5.0
380,766,5.0
380,539,4.0
380,525,5.0
380,240,5.0
380,600,5.0
380,530,5.0
380,9277,5.0
380,218,5.0
380,3063,4.0
380,694,4.0
380,765,5.0
380,137,5.0
380,33,5.0
380,105,5.0
380,8009,5.0
380,903,4.0
380,3034,5.0
380,914,4.0
380,89,5.0
380,8077,4.0
380,814,5.0
380,571,4.0
380,377,5.0
380,653,4.0
380,199,5.0
380,9279,4.0
380,11674,4.0
380,1573,4.0
380,578,4.0
380,579,4.0
380,75,4.0
380,1624,4.0
380,18,4.0
380,330,4.0
380,1701,4.0
380,11970,4.0
380,754,5.0
380,607,5.0
380,9387,4.0
380,2142,5.0
380,1669,4.0
380,2118,5.0
380,782,4.0
380,1281,4.0
380,563,5.0
380,37165,4.0
380,714,5.0
380,115,5.0
380,26610,4.0
380,10674,5.0
380,846,4.0
380,11551,4.0
380,1366,5.0
380,13597,5.0
380,10072,4.0
380,948,5.0
380,609,4.0
380,941,4.0
380,942,4.0
380,927,5.0
380,928,4.0
380,9342,4.0
380,19,4.0
380,165,4.0
380,196,4.0
380,857,5.0
380,9994,4.0
380,793,5.0
380,9325,4.0
380,10144,4.0
380,10437,5.0
380,10249,5.0
380,87,5.0
380,2907,5.0
380,11704,4.0
380,11639,4.5
380,34584,4.0
380,36647,5.0
380,4011,4.0
380,847,5.0
380,2109,4.0
380,11071,4.0
380,1091,5.0
380,8916,4.0
380,2657,4.0
380,9487,5.0
380,244,5.0
380,9837,5.0
380,8879,4.0
380,1369,4.0
380,1368,5.0
380,1367,4.0
380,1374,5.0
380,5825,4.0
380,11815,4.0
380,9426,5.0
380,9671,5.0
380,2362,4.0
380,871,5.0
380,603,4.5
380,1902,4.0
380,564,5.0
380,1893,4.0
380,1924,4.0
380,3035,5.0
380,37135,5.0
380,9473,5.0
380,8487,4.0
380,10208,4.0
380,620,5.0
380,8914,4.0
380,10776,4.0
380,10386,4.0
380,745,5.0
380,9781,4.0
380,9267,4.0
380,813,4.0
380,850,4.0
380,11601,4.0
380,10669,4.0
380,9638,4.0
380,861,5.0
380,9377,4.0
380,11901,4.0
380,658,5.0
380,657,5.0
380,646,5.0
380,391,5.0
380,550,4.0
380,36819,4.0
380,5548,5.0
380,856,5.0
380,699,4.0
380,709,5.0
380,253,4.0
380,492,4.0
380,1694,4.0
380,957,5.0
380,11040,4.5
380,1832,5.0
380,2668,4.0
380,36643,5.0
380,9946,4.0
380,863,5.0
380,2277,4.0
380,926,5.0
380,14919,5.0
380,1883,4.0
380,1923,4.0
380,11782,4.0
380,9367,4.0
380,12143,4.0
380,8374,4.0
380,2787,4.0
380,14271,4.0
380,838,4.0
380,8469,5.0
380,54825,5.0
380,1498,4.0
380,2085,4.0
380,10501,4.0
380,879,4.0
380,1700,5.0
380,10747,5.0
380,10559,4.0
380,106,5.0
380,1359,5.0
380,10518,4.0
380,98,4.0
380,955,4.0
380,668,4.0
380,691,5.0
380,698,4.0
380,11072,5.0
380,169,4.0
380,865,4.0
380,9659,5.0
380,8810,5.0
380,9355,4.0
380,6978,5.0
380,7443,4.0
380,36657,5.0
380,5551,4.0
380,37136,5.0
380,37137,4.0
380,10637,5.0
380,9741,4.0
380,2609,4.0
380,708,4.0
380,107,5.0
380,11688,4.0
380,8358,4.0
380,10873,4.0
380,90,4.0
380,764,5.0
380,77,5.0
380,1734,4.0
380,808,5.0
380,966,4.0
380,9397,4.0
380,10865,5.0
380,1995,4.0
380,2140,4.0
380,9462,4.0
380,10651,4.0
380,1648,5.0
380,331,4.0
380,2616,4.0
380,9896,4.0
380,8922,4.0
380,10866,5.0
380,984,5.0
380,167,4.0
380,141,4.0
380,585,5.0
380,10796,4.0
380,1649,4.0
380,120,5.0
380,8489,4.0
380,855,4.0
380,11891,4.0
380,9606,5.0
380,9884,4.0
380,10590,4.0
380,425,4.0
380,1576,4.0
380,36586,5.0
380,8346,4.0
380,9334,4.0
380,557,4.0
380,245,4.0
380,320,4.0
380,2501,4.0
380,11544,5.0
380,180,4.0
380,608,4.0
380,6278,4.0
380,4147,5.0
380,8869,4.0
380,9573,4.0
380,9357,4.0
380,9595,4.0
380,4108,4.0
380,129,5.0
380,12477,4.0
380,11880,5.0
380,14433,5.0
380,7299,5.0
380,121,5.0
380,11022,4.0
380,8392,5.0
380,640,4.0
380,1574,4.0
380,598,4.0
380,10623,4.0
380,455,4.0
380,10929,4.0
380,10782,4.0
380,8326,4.0
380,2832,5.0
380,36658,5.0
380,10515,5.0
380,604,4.0
380,310,4.0
380,12,4.0
380,296,4.0
380,22,5.0
380,8698,4.0
380,9486,4.0
380,6466,4.0
380,9362,5.0
380,10999,5.0
380,11547,4.0
380,153,5.0
380,277,4.0
380,9707,4.0
380,10159,4.0
380,4543,4.0
380,322,4.0
380,24,4.0
380,508,4.0
380,10715,4.0
380,8619,5.0
380,10147,4.0
380,3176,5.0
380,483,5.0
380,81,5.0
380,616,4.0
380,587,4.0
380,122,5.0
380,9620,4.0
380,5205,4.0
380,1954,4.0
380,2099,4.0
380,1487,5.0
380,11358,4.0
380,923,5.0
380,7220,4.0
380,9509,4.0
380,9461,4.0
380,667,4.0
380,700,4.0
380,11474,5.0
380,11069,4.0
380,10775,5.0
380,809,4.0
380,2789,4.0
380,558,5.0
380,2048,5.0
380,1538,5.0
380,9759,4.0
380,1577,4.0
380,5137,4.0
380,747,5.0
380,3989,5.0
380,4553,4.0
380,176,4.0
380,9806,4.0
380,2059,4.0
380,11471,4.0
380,16859,5.0
380,11621,4.0
380,17809,5.0
380,16234,5.0
380,55931,4.0
380,11774,4.0
380,670,5.0
380,9667,4.0
380,9316,4.0
380,83,4.0
380,4836,4.0
380,70,5.0
380,11804,4.0
380,561,4.0
380,9470,5.0
380,15283,4.0
380,187,4.0
380,7453,4.0
380,1495,4.0
380,10027,4.0
380,1895,4.0
380,272,5.0
380,11683,5.0
380,1667,4.0
380,9738,4.0
380,16320,5.0
380,8292,4.0
380,1830,5.0
380,8814,4.0
380,59,5.0
380,647,4.0
380,533,5.0
380,5236,5.0
380,215,4.0
380,25,4.0
380,9885,4.0
380,9392,5.0
380,674,5.0
380,6795,4.0
380,9515,4.0
380,2207,4.0
380,752,4.0
380,186,4.0
380,588,5.0
380,956,5.0
380,7518,4.0
380,36668,4.0
380,58,5.0
380,7549,4.0
380,9297,4.0
380,1948,4.0
380,9676,4.0
380,1579,4.0
380,1417,5.0
380,1124,5.0
380,11619,5.0
380,36557,5.0
380,7551,4.0
380,2179,4.0
380,1246,5.0
380,4638,5.0
380,1271,4.0
380,1255,4.0
380,253768,4.0
380,1268,4.0
380,11798,4.0
380,1562,4.0
380,675,5.0
380,2270,5.0
380,35,4.0
380,1992,5.0
380,5176,5.0
380,4141,5.0
380,6977,4.0
380,4523,4.0
380,1620,4.0
380,6479,4.0
380,6637,4.0
380,8329,5.0
380,7191,4.0
380,7555,4.0
380,11253,4.0
380,8321,5.0
380,155,5.0
380,1726,5.0
380,8681,5.0
380,217,4.0
380,1724,4.0
380,10681,5.0
380,11665,4.0
380,11910,4.0
380,13851,4.0
380,10764,4.0
380,13672,4.0
380,13905,4.0
380,13056,4.0
380,14447,5.0
380,194113,4.0
380,14756,5.0
380,12437,4.0
380,14301,4.0
380,21641,4.0
380,17431,5.0
380,2080,4.0
380,13475,4.0
380,14160,5.0
380,18785,4.0
380,12162,4.0
380,767,4.0
380,17654,5.0
380,22821,4.0
380,24480,4.0
380,22832,4.0
380,17473,5.0
380,25941,4.0
380,23483,4.0
380,10138,4.0
380,26388,4.0
380,9543,4.0
380,34544,4.0
380,10193,5.0
380,16023,4.0
380,34851,4.0
380,27205,5.0
380,40662,5.0
380,27581,4.0
380,22538,4.0
380,39514,4.5
380,44214,4.0
380,12444,4.0
380,41283,5.0
380,46838,5.0
380,49849,4.0
380,40619,5.0
380,56590,5.0
380,48138,4.0
380,47327,4.0
380,44896,5.0
380,10195,5.0
380,51497,4.0
380,1865,5.0
380,51608,4.0
380,49538,5.0
380,12445,4.0
380,64690,5.0
380,1771,5.0
380,67913,4.0
380,51620,4.0
380,61791,5.0
380,24428,5.0
380,69735,5.0
380,17578,4.0
380,64328,5.0
380,49026,4.0
380,52520,4.0
380,81796,5.0
380,94329,5.0
380,22970,5.0
380,41154,5.0
380,70981,4.0
380,80389,4.0
380,13640,4.0
380,22855,5.0
380,72105,4.0
380,39103,4.0
380,24752,4.0
380,39104,4.0
380,1930,4.0
380,13930,4.0
380,82633,4.0
380,49049,5.0
380,86838,5.0
380,82690,5.0
380,123025,5.0
380,140420,5.0
380,49051,5.0
380,97630,4.0
380,75780,4.0
380,68718,4.0
380,142061,5.0
380,134374,5.0
380,76589,5.0
380,68721,5.0
380,54138,4.0
380,77987,4.0
380,68726,4.0
380,59859,4.0
380,30061,4.0
380,96721,5.0
380,85889,4.0
380,107846,4.0
380,76338,4.0
380,253941,5.0
380,126963,4.0
380,15359,5.0
380,120467,4.0
380,100402,5.0
380,180299,4.0
380,127585,5.0
380,137113,5.0
380,177677,4.0
380,119450,5.0
380,118340,5.0
380,245891,5.0
380,177572,5.0
380,282848,4.0
380,207703,5.0
380,76341,4.0
380,140607,4.0
380,99861,5.0
380,102899,5.0
380,293660,5.0
380,299536,5.0
380,284053,5.0
380,283995,5.0
380,271110,5.0
380,284052,5.0
380,202249,5.0
380,150540,5.0
380,259316,4.0
380,188927,4.0
380,206647,4.0
380,303857,4.0
380,281979,4.0
380,310135,4.0
380,315620,5.0
380,335209,4.0
380,246355,4.0
380,371759,4.0
380,333040,4.0
380,269149,5.0
380,92060,4.0
380,290250,5.0
380,315011,4.0
380,329865,4.0
380,313369,4.0
380,413279,4.0
380,330459,5.0
380,310307,4.0
380,324849,5.0
380,324552,5.0
380,263115,5.0
380,293167,4.0
380,339403,4.0
380,65595,4.0
380,24660,5.0
380,281338,5.0
380,335984,4.0
380,402897,4.0
380,353486,4.0
380,24362,4.0
380,348350,4.0
380,363088,4.0
381,8844,4.0
381,629,4.5
381,2054,4.5
381,397,5.0
381,628,4.0
381,19101,4.0
381,11381,4.5
381,13,4.0
381,8587,4.0
381,1637,4.0
381,5503,4.0
381,329,4.0
381,11971,4.0
381,788,4.0
381,858,4.0
381,9479,5.0
381,251,4.0
381,812,4.0
381,114,4.0
381,10539,5.0
381,602,4.0
381,10545,4.0
381,10830,4.0
381,630,4.0
381,433,4.5
381,15121,4.0
381,10938,5.0
381,252,4.0
381,583,4.0
381,601,4.0
381,762,4.0
381,2493,4.0
381,85,4.0
381,207,4.0
381,694,4.0
381,105,4.0
381,756,4.0
381,14370,4.0
381,621,4.0
381,9434,4.0
381,607,4.0
381,782,4.0
381,489,4.5
381,27103,4.5
381,11003,4.5
381,10674,4.0
381,380,4.5
381,13597,5.0
381,2108,5.0
381,9340,4.5
381,10439,4.0
381,9454,4.5
381,34584,4.5
381,4011,4.0
381,2109,4.0
381,162,5.0
381,73,4.0
381,9798,4.5
381,9487,4.0
381,9837,4.0
381,10312,4.0
381,9396,4.0
381,1542,4.5
381,603,5.0
381,564,4.0
381,509,4.0
381,104,4.0
381,9032,4.0
381,620,4.0
381,10386,4.5
381,745,5.0
381,9267,4.0
381,2280,4.0
381,9377,4.5
381,550,5.0
381,128,4.0
381,1832,4.0
381,2005,4.0
381,9869,4.0
381,16562,4.0
381,879,4.0
381,8584,4.0
381,7450,4.0
381,2024,4.0
381,36657,4.0
381,10637,4.0
381,641,5.0
381,1636,4.0
381,2609,4.0
381,11688,4.0
381,711,4.0
381,8358,4.0
381,1493,4.0
381,134,4.0
381,77,4.5
381,9476,4.0
381,808,4.0
381,1995,4.0
381,1933,4.5
381,11521,5.0
381,9081,4.5
381,141,5.0
381,585,4.0
381,671,4.0
381,161,4.0
381,194,5.0
381,120,4.0
381,453,4.0
381,11362,4.5
381,425,4.0
381,8346,5.0
381,245,5.0
381,2501,5.0
381,11544,4.5
381,2675,4.0
381,129,5.0
381,672,4.0
381,36669,4.0
381,121,4.0
381,2642,4.0
381,8392,4.0
381,640,4.0
381,423,5.0
381,455,4.5
381,604,4.0
381,12,5.0
381,9654,4.5
381,1088,4.0
381,10330,4.0
381,9662,4.0
381,1584,5.0
381,10536,4.0
381,10719,4.0
381,81,4.5
381,616,4.5
381,122,4.0
381,11093,4.5
381,1586,4.0
381,38,4.0
381,13193,4.5
381,673,4.0
381,594,4.0
381,1777,4.0
381,2048,4.0
381,2502,4.0
381,401,4.0
381,9806,4.5
381,866,4.0
381,16859,4.0
381,5528,4.5
381,3509,4.0
381,205,5.0
381,31165,4.5
381,4935,5.0
381,3040,4.5
381,1640,4.0
381,1635,4.0
381,1985,4.5
381,65215,4.0
381,674,4.0
381,411,4.0
381,2117,4.5
381,752,4.5
381,9388,4.0
381,388,4.0
381,2652,4.0
381,7518,4.0
381,920,4.0
381,350,4.0
381,1887,4.0
381,1781,4.0
381,773,5.0
381,9297,4.0
381,1262,4.0
381,1402,5.0
381,1491,4.0
381,496,4.0
381,1422,5.0
381,9693,5.0
381,1124,4.0
381,9836,4.0
381,1581,4.0
381,1372,4.5
381,11172,4.0
381,2976,4.0
381,285,4.0
381,9408,4.0
381,2359,5.0
381,3021,4.0
381,1571,4.0
381,675,4.5
381,4688,5.0
381,2503,4.0
381,7211,4.0
381,6977,4.0
381,6479,4.0
381,7326,5.0
381,13885,4.5
381,20766,4.0
381,12405,4.5
381,14836,5.0
381,2080,4.0
381,13448,4.0
381,14160,4.5
381,767,5.0
381,24803,4.0
381,12244,5.0
381,10315,5.0
381,25793,4.0
381,22881,5.0
381,22954,4.0
381,10198,4.0
381,19995,4.5
381,10528,4.0
381,10193,4.0
381,24021,4.0
382,862,4.5
382,629,5.0
382,568,4.0
382,76,4.0
382,11,5.0
382,680,5.0
382,278,5.0
382,13,4.5
382,712,4.5
382,424,5.0
382,812,5.0
382,274,5.0
382,935,5.0
382,238,5.0
382,239,4.0
382,289,5.0
382,1891,5.0
382,85,5.0
382,429,4.5
382,947,5.0
382,1892,4.5
382,348,5.0
382,539,5.0
382,703,5.0
382,137,5.0
382,639,4.5
382,782,4.5
382,597,5.0
382,10674,4.5
382,346,5.0
382,857,4.5
382,9354,4.0
382,9325,4.5
382,8916,4.5
382,603,5.0
382,37135,4.5
382,658,4.5
382,657,5.0
382,550,5.0
382,709,4.0
382,8810,5.0
382,90,4.0
382,77,5.0
382,824,5.0
382,671,4.5
382,120,5.0
382,425,4.5
382,1894,4.0
382,672,4.0
382,121,5.0
382,604,4.0
382,122,5.0
382,652,4.0
382,673,4.5
382,1895,4.5
382,921,4.0
382,74,4.5
382,6957,4.0
382,398,4.5
382,3291,4.5
382,674,4.5
382,411,4.5
382,582,5.0
382,350,4.5
382,9718,4.5
382,1491,4.5
382,675,5.0
382,5915,5.0
382,4523,4.5
382,2268,4.0
382,8204,4.0
382,155,5.0
382,1726,4.5
382,2454,4.0
382,10681,5.0
382,7446,5.0
382,12405,4.5
382,4922,5.0
382,16869,5.0
382,14160,4.5
382,767,4.5
382,10198,4.5
382,10528,4.5
382,10138,4.0
382,10193,5.0
382,27205,5.0
382,37834,4.0
382,12444,4.0
382,38757,4.5
382,24428,4.5
382,58574,4.5
382,62177,4.0
382,49051,4.5
382,68718,4.5
382,68721,4.0
382,49521,4.0
382,109424,5.0
382,57158,4.5
382,100402,4.0
382,102651,4.0
382,245891,4.0
382,135397,4.0
382,122917,4.5
382,76341,5.0
382,271110,4.0
382,259316,4.0
382,278927,4.0
382,363676,4.0
382,330459,4.5
383,568,4.0
383,858,4.0
383,426,4.0
383,207,5.0
383,783,5.0
383,625,4.0
383,686,4.0
383,637,5.0
383,1934,5.0
383,10368,5.0
383,11622,4.0
383,13466,5.0
383,30943,4.0
383,14283,5.0
383,24137,4.0
383,745,5.0
383,10398,4.0
383,31306,4.0
383,26149,4.0
383,9008,5.0
383,31582,4.0
384,11359,4.0
384,2292,4.0
384,680,5.0
384,3049,4.0
384,5503,4.0
384,329,4.0
384,562,4.0
384,792,4.0
384,947,5.0
384,600,4.0
384,694,4.0
384,606,4.0
384,881,4.0
384,9487,4.0
384,1542,4.0
384,817,4.0
384,2105,4.0
384,550,4.0
384,856,4.0
384,2039,4.0
384,10493,4.0
384,2990,4.0
384,840,5.0
384,13776,5.0
384,9741,4.0
384,146,5.0
384,107,5.0
384,1900,4.0
384,17664,4.0
384,1632,4.0
384,11896,4.0
385,862,4.0
385,8012,5.0
385,63,4.0
385,9283,4.0
385,568,5.0
385,281,4.0
385,1909,4.0
385,20156,4.0
385,14275,5.0
385,11,4.0
385,680,4.0
385,278,5.0
385,1587,5.0
385,13,4.0
385,9359,4.0
385,2758,4.0
385,16771,5.0
385,5503,4.0
385,11934,4.0
385,329,4.0
385,11971,4.0
385,78,5.0
385,11969,4.0
385,812,4.0
385,280,5.0
385,275,5.0
385,32513,5.0
385,664,4.0
385,9323,4.0
385,935,5.0
385,238,5.0
385,426,4.0
385,62,4.0
385,81310,4.0
385,252,4.0
385,623,4.0
385,583,4.0
385,4481,4.0
385,762,4.0
385,18129,4.0
385,409,4.0
385,1891,5.0
385,2493,4.0
385,85,5.0
385,68,5.0
385,679,4.0
385,947,5.0
385,185,5.0
385,28,4.0
385,1892,4.0
385,144,5.0
385,769,5.0
385,539,4.0
385,525,4.0
385,240,4.0
385,600,4.0
385,1578,4.0
385,9277,4.0
385,218,4.0
385,207,4.0
385,3090,4.0
385,694,4.0
385,137,5.0
385,105,4.0
385,11202,5.0
385,914,4.0
385,756,4.0
385,288,4.0
385,2640,4.0
385,665,4.0
385,11031,5.0
385,89,5.0
385,783,4.0
385,14370,4.0
385,12104,4.0
385,983,5.0
385,642,4.0
385,10341,4.0
385,199,4.0
385,378,4.0
385,9361,4.0
385,18,4.0
386,524,4.0
386,8012,4.0
386,9598,4.0
386,33542,4.0
386,8068,4.0
386,680,5.0
386,12106,4.0
386,12160,4.0
386,11592,4.0
386,274,4.0
386,275,4.0
387,807,4.5
387,629,4.5
387,406,4.5
387,103,4.5
387,649,4.0
387,26564,4.0
387,8068,4.0
387,9344,4.0
387,2292,4.0
387,11,4.5
387,241,4.0
387,101,4.5
387,680,5.0
387,9495,4.0
387,13,4.0
387,41647,4.0
387,78,4.5
387,10442,4.0
387,268,4.0
387,274,4.0
387,275,4.0
387,9323,4.5
387,532,4.0
387,935,5.0
387,627,4.5
387,238,4.5
387,426,5.0
387,213,4.0
387,4808,4.0
387,289,5.0
387,963,4.5
387,599,4.0
387,15,4.5
387,62,5.0
387,223,4.0
387,303,4.5
387,4174,4.0
387,381,4.0
387,260,4.0
387,12092,4.5
387,252,4.5
387,623,4.0
387,583,4.5
387,500,4.5
387,11386,4.0
387,221,4.0
387,702,4.0
387,11843,4.0
387,2756,4.5
387,762,4.5
387,531,4.0
387,1412,4.5
387,510,4.0
387,1891,4.5
387,2493,4.0
387,85,4.0
387,68,4.5
387,429,4.0
387,947,4.0
387,185,5.0
387,28,5.0
387,1892,4.0
387,1092,5.0
387,348,4.0
387,539,4.5
387,240,4.5
387,600,4.0
387,530,4.0
387,311,4.0
387,1578,4.0
387,703,5.0
387,343,4.5
387,490,5.0
387,218,4.0
387,696,4.5
387,379,4.0
387,37247,4.5
387,1480,4.5
387,9322,4.5
387,826,4.0
387,422,4.5
387,829,5.0
387,3090,4.0
387,3063,4.0
387,694,4.5
387,832,4.0
387,765,4.0
387,11778,5.0
387,1554,4.0
387,149,4.5
387,903,4.0
387,756,4.0
387,11031,4.5
387,11314,4.0
387,625,4.0
387,6114,4.0
387,11349,4.0
387,7340,4.0
387,794,4.0
387,638,4.5
387,2118,4.5
387,489,4.0
387,2666,4.5
387,1878,4.0
387,33680,4.0
387,654,4.5
387,3116,4.0
387,1051,4.0
387,16619,4.0
387,13820,4.0
387,13597,4.0
387,9552,4.0
387,12101,4.0
387,19,4.0
387,346,4.5
387,907,4.0
387,26648,4.0
387,793,4.5
387,11704,4.0
387,805,4.5
387,34584,4.0
387,574,4.0
387,940,4.0
387,431,4.0
387,1091,4.0
387,11337,4.5
387,162,4.0
387,30197,4.5
387,3121,4.0
387,1955,4.0
387,637,4.0
387,73,4.0
387,309,4.5
387,692,4.0
387,11545,4.0
387,1934,4.0
387,1542,4.0
387,871,4.0
387,11772,4.0
387,603,4.0
387,9451,4.0
387,8785,4.0
387,11549,4.0
387,104,4.0
387,345,4.0
387,802,4.0
387,147,4.5
387,30890,4.0
387,850,4.0
387,10494,4.0
387,14,4.5
387,10669,4.0
387,11712,4.5
387,11901,4.0
387,658,4.0
387,646,4.0
387,550,4.5
387,9343,4.5
387,11562,4.0
387,492,4.0
387,128,4.0
387,11878,4.5
387,5156,4.5
387,777,4.0
387,624,4.0
387,1213,4.0
387,8374,4.0
387,11016,4.0
387,622,4.0
387,11176,4.0
387,8469,4.0
387,925,4.5
387,2291,4.0
387,593,4.5
387,10774,4.5
387,11356,4.0
387,1359,4.5
387,11072,4.0
387,985,4.0
387,938,4.0
387,11368,4.0
387,592,5.0
387,1052,4.5
387,11686,4.0
387,1485,4.0
387,641,4.0
387,146,4.5
387,134,4.0
387,15598,4.0
387,38718,4.0
387,77,4.5
387,55,4.5
387,111,4.5
387,934,4.5
387,22478,4.5
387,36245,4.0
387,10339,4.0
387,11906,4.5
387,8740,4.0
387,1548,4.0
387,16307,4.0
387,1018,5.0
387,141,4.5
387,269,4.0
387,5781,4.0
387,194,4.0
387,5279,4.0
387,651,4.0
387,9606,4.5
387,11698,4.0
387,614,4.5
387,6404,4.0
387,11013,4.0
387,129,4.5
387,12477,4.0
387,9280,4.0
387,4241,4.0
387,4561,4.0
387,26252,4.0
387,8288,4.0
387,1563,4.0
387,994,4.0
387,10515,4.0
387,170,4.0
387,11482,4.0
387,6949,4.5
387,9362,4.0
387,936,4.0
387,4593,4.5
387,33320,4.0
387,837,4.5
387,776,4.0
387,4543,4.0
387,24,4.0
387,11657,4.5
387,780,4.0
387,3112,4.0
387,5336,4.0
387,2000,4.5
387,40423,4.0
387,81,5.0
387,20043,4.0
387,2742,4.0
387,37719,4.0
387,427,4.0
387,778,4.0
387,405,4.5
387,9696,4.0
387,797,4.5
387,29084,4.0
387,393,4.0
387,5511,4.0
387,988,4.0
387,204,4.0
387,13913,4.0
387,19552,4.0
387,8075,4.0
387,3777,4.0
387,11656,4.0
387,1059,4.0
387,11030,4.0
387,26372,4.0
387,11506,4.0
387,11602,4.5
387,10775,4.0
387,4552,4.5
387,12762,4.0
387,203,4.0
387,439,4.0
387,5165,4.0
387,14696,4.0
387,4909,4.5
387,28257,4.0
387,4497,4.0
387,18333,4.5
387,12206,4.0
387,4553,4.0
387,41391,4.0
387,800,4.0
387,690,4.0
387,17295,4.5
387,10227,4.0
387,26606,4.0
387,22307,4.0
387,24657,4.0
387,844,4.0
387,670,5.0
387,187,4.0
387,3875,4.0
387,272,4.0
387,59,4.0
387,16608,4.0
387,6963,4.0
387,752,4.5
387,582,4.0
387,219,4.0
387,9270,4.0
387,18191,4.5
387,1381,4.0
387,1579,4.0
387,1417,4.0
387,1422,4.0
387,9693,4.5
387,1124,4.5
387,1255,4.0
387,253768,4.0
387,10294,4.0
387,4566,4.0
387,4771,4.0
387,6977,4.5
387,7326,4.0
387,7345,4.0
388,2493,4.0
388,10371,4.0
388,808,5.0
388,425,4.5
388,12,4.0
388,809,5.0
388,953,5.0
388,12096,4.0
388,950,4.5
388,810,5.0
388,10527,5.0
388,10192,5.0
388,46195,4.0
388,80321,5.0
388,93456,5.0
389,862,5.0
389,11862,4.0
389,949,5.0
389,4584,4.0
389,451,4.0
389,63,4.0
389,2054,5.0
389,9536,4.0
389,9208,4.0
389,9614,4.0
389,9302,5.0
389,11000,5.0
389,11,5.0
389,8987,4.0
389,2320,4.0
389,1592,5.0
389,8840,4.0
389,9304,4.0
389,9802,5.0
389,664,5.0
389,602,5.0
389,9327,4.0
389,9294,4.0
389,1645,5.0
389,3595,5.0
389,199,5.0
390,197,4.0
390,522,4.0
390,108,4.5
390,109,5.0
390,424,4.5
390,510,5.0
390,68,4.5
390,11645,5.0
390,2898,4.5
390,1878,4.5
390,9769,4.0
390,793,4.5
390,1091,4.0
390,162,5.0
390,1890,4.5
390,73,4.0
390,603,4.5
390,226,4.0
390,550,5.0
390,10047,4.0
390,1850,4.0
390,462,4.0
390,392,4.5
390,77,4.5
390,4133,4.0
390,194,5.0
390,11362,4.0
390,9606,4.5
390,11812,4.0
390,129,4.5
390,7299,4.0
390,598,4.5
390,10515,5.0
390,12,5.0
390,587,4.5
390,3022,4.0
390,1954,4.5
390,38,5.0
390,553,4.5
390,164721,4.5
390,11044,5.0
390,870,5.0
390,1777,4.5
390,866,4.0
390,8424,5.0
390,5528,4.5
390,308,4.5
390,3933,5.0
390,11304,5.0
390,14748,4.0
390,7735,4.0
390,4922,4.0
390,14836,4.0
391,949,4.0
391,451,5.0
391,902,5.0
391,63,4.0
391,629,4.0
391,11010,4.0
391,197,5.0
391,103,5.0
391,568,4.0
391,649,4.0
391,5967,4.0
391,2292,4.0
391,20156,4.0
391,10954,4.0
391,11,5.0
391,18183,5.0
391,101,5.0
391,680,5.0
391,11450,4.0
391,110,5.0
391,109,5.0
391,278,5.0
391,11382,5.0
391,9495,4.0
391,13,5.0
391,712,4.0
391,9359,4.0
391,16771,4.0
391,5503,4.0
391,10440,4.0
391,11971,4.0
391,788,4.0
391,424,5.0
391,78,5.0
391,10442,4.0
391,319,5.0
391,280,4.0
391,268,4.0
391,275,5.0
391,12520,5.0
391,37144,4.0
391,935,5.0
391,627,5.0
391,26748,5.0
391,238,5.0
391,9303,5.0
391,164,5.0
391,426,5.0
391,567,5.0
391,213,5.0
391,239,5.0
391,289,5.0
391,770,5.0
391,15,5.0
391,62,5.0
391,303,5.0
391,1585,5.0
391,1770,4.0
391,433,5.0
391,15121,5.0
391,562,5.0
391,11159,4.0
391,454,5.0
391,10218,5.0
391,583,4.0
391,500,5.0
391,792,4.0
391,11386,4.0
391,601,5.0
391,702,5.0
391,4480,5.0
391,4481,5.0
391,762,5.0
391,531,5.0
391,4483,5.0
391,11216,5.0
391,7452,4.0
391,892,5.0
391,975,5.0
391,18129,4.0
391,38251,4.0
391,10161,5.0
391,510,5.0
391,1891,5.0
391,2493,5.0
391,68,5.0
391,429,4.0
391,947,5.0
391,185,5.0
391,28,5.0
391,1892,4.0
391,769,4.0
391,348,4.0
391,539,5.0
391,525,5.0
391,240,4.0
391,600,4.0
391,279,5.0
391,1578,5.0
391,703,4.0
391,387,5.0
391,218,4.0
391,696,4.0
391,379,5.0
391,207,4.0
391,37247,4.0
391,9322,5.0
391,3063,5.0
391,694,5.0
391,235,4.0
391,137,4.0
391,105,4.0
391,11673,5.0
391,339,4.0
391,914,5.0
391,756,5.0
391,89,4.0
391,11257,4.0
391,639,4.0
391,571,4.0
391,653,4.0
391,7863,4.0
391,12498,5.0
391,9361,4.0
391,14585,5.0
391,1669,4.0
391,2118,4.0
391,2255,5.0
391,782,5.0
391,37165,4.0
391,10217,5.0
391,2666,5.0
391,16148,4.0
391,21334,4.0
391,9464,5.0
391,473,5.0
391,544,4.0
391,1725,4.0
391,3116,5.0
391,746,4.0
391,380,4.0
391,2108,4.0
391,927,4.0
391,346,5.0
391,841,4.0
391,793,4.0
391,9325,5.0
391,10340,5.0
391,2107,4.0
391,11522,5.0
391,117,5.0
391,431,4.0
391,2028,4.0
391,24746,5.0
391,10683,5.0
391,3033,5.0
391,666,4.0
391,309,4.0
391,10223,4.0
391,11545,4.0
391,1934,4.0
391,1542,5.0
391,603,5.0
391,9430,4.0
391,9451,4.0
391,1924,4.0
391,817,5.0
391,14283,5.0
391,104,5.0
391,9421,5.0
391,10239,4.0
391,345,4.0
391,620,4.0
391,147,4.0
391,10776,4.0
391,2280,5.0
391,14,4.0
391,226,5.0
391,861,4.0
391,9377,4.0
391,658,4.0
391,657,4.0
391,550,4.0
391,856,5.0
391,492,5.0
391,128,4.0
391,11878,4.0
391,47692,4.0
391,4203,5.0
391,99,5.0
391,5156,5.0
391,49948,4.0
391,334,5.0
391,10400,4.0
391,8293,4.0
391,10086,5.0
391,9367,5.0
391,9609,4.0
391,14280,4.0
391,820,4.0
391,1541,4.0
391,9764,5.0
391,243,4.0
391,593,5.0
391,11368,5.0
391,9659,4.0
391,9355,4.0
391,12706,4.0
391,786,4.0
391,641,5.0
391,146,5.0
391,107,4.0
391,843,5.0
391,51802,4.0
391,77,5.0
391,44379,4.0
391,4973,5.0
391,39266,5.0
391,934,5.0
391,808,4.0
391,25538,5.0
391,9576,4.0
391,10141,4.0
391,12582,4.0
391,1018,5.0
391,269,5.0
391,194,5.0
391,9523,4.0
391,120,5.0
391,453,4.0
391,5279,5.0
391,480,4.0
391,39543,4.0
391,15647,5.0
391,11590,4.0
391,1282,4.0
391,28384,4.0
391,13245,5.0
391,2501,4.0
391,20324,4.0
391,2721,4.0
391,1364,5.0
391,97447,5.0
392,510,4.0
392,85,5.0
392,240,5.0
392,162,4.0
392,817,5.0
392,9032,4.0
392,2105,5.0
392,14,4.0
392,492,5.0
392,14181,4.0
393,197,4.0
393,101,5.0
393,5503,5.0
393,935,5.0
393,500,5.0
393,85,5.0
393,68,5.0
393,185,5.0
393,89,5.0
393,1669,5.0
393,782,4.0
393,37165,4.0
393,73,5.0
393,603,5.0
393,550,5.0
393,492,5.0
393,98,4.0
393,36657,5.0
393,107,5.0
393,8358,5.0
393,134,4.0
393,77,5.0
393,141,5.0
393,161,5.0
393,120,5.0
393,453,4.0
393,557,5.0
393,2501,5.0
393,1430,5.0
393,121,5.0
393,36658,5.0
393,604,5.0
393,22,5.0
393,24,5.0
393,122,5.0
393,1487,5.0
393,393,5.0
393,558,5.0
393,2502,5.0
393,1538,4.0
393,163,5.0
393,561,5.0
393,787,5.0
393,272,5.0
393,16320,5.0
393,1985,5.0
393,14517,4.0
393,752,4.0
393,388,5.0
393,58,5.0
393,1417,5.0
393,36557,5.0
393,4638,4.5
393,285,5.0
393,2270,5.0
393,2503,5.0
393,8321,5.0
393,155,5.0
393,1726,5.0
393,13183,4.0
393,14301,5.0
393,17431,5.0
393,13475,5.0
393,21755,5.0
393,17654,5.0
393,10528,5.0
393,10138,4.0
393,27205,5.0
393,49538,5.0
393,24428,5.0
393,49026,5.0
393,37724,5.0
393,49051,5.0
393,68721,4.0
393,54138,4.5
393,57158,5.0
393,253941,5.0
393,100402,5.0
393,127585,5.0
393,118340,5.0
393,99861,5.0
393,213110,5.0
393,327029,4.0
394,629,5.0
394,197,5.0
394,8984,4.0
394,13,4.0
394,5503,4.0
394,11969,4.0
395,197,4.0
395,10329,4.0
395,9886,4.0
395,9482,4.0
395,9804,5.0
395,2064,4.0
395,854,4.0
395,9359,4.0
395,329,4.0
395,5550,4.0
395,8005,4.0
395,10057,4.0
395,114,4.0
395,954,5.0
396,862,5.0
396,629,4.0
396,101,5.0
396,278,4.5
396,532,4.0
396,10545,4.0
396,426,4.5
396,531,4.0
396,903,5.0
396,73,4.5
396,863,4.0
396,585,4.0
396,12,4.5
397,11104,5.0
397,10451,4.5
397,10440,5.0
397,935,4.0
397,11561,4.0
397,702,4.5
397,703,5.0
397,696,5.0
397,2639,4.0
397,1051,4.5
397,12509,4.0
397,548,4.0
397,598,4.0
397,5143,4.5
397,28257,4.0
397,436,4.0
397,582,4.0
398,63,5.0
398,164,5.0
398,239,5.0
398,11113,5.0
398,433,5.0
398,9591,4.5
398,762,5.0
398,2493,5.0
398,85,4.5
398,595,5.0
398,3034,4.0
398,34584,5.0
398,2028,4.0
398,913,4.0
398,36819,4.0
398,128,5.0
398,3558,4.0
398,8469,4.0
398,194,5.0
398,129,5.0
398,8392,5.0
398,147729,5.0
398,3176,4.0
398,81,4.5
398,38,4.0
398,31522,5.0
398,42731,5.0
398,18917,4.5
398,4935,4.0
398,19082,5.0
398,1422,4.0
398,14784,5.0
398,10681,5.0
398,12172,4.5
398,14160,5.0
398,45269,5.0
398,44264,4.0
399,862,4.0
399,11,5.0
399,680,5.0
399,13,5.0
399,424,4.0
399,274,4.5
399,1891,5.0
399,85,5.0
399,1892,5.0
399,105,5.0
399,89,4.5
399,117,5.0
399,603,5.0
399,745,4.5
399,863,4.0
399,98,5.0
399,808,5.0
399,585,4.0
399,120,4.5
399,121,5.0
399,36658,5.0
399,12,5.0
399,122,4.0
399,1640,4.5
400,949,5.0
400,807,5.0
400,629,5.0
400,11,5.0
400,101,5.0
400,680,5.0
400,278,5.0
400,13,4.5
400,78,4.5
400,274,5.0
400,275,5.0
400,627,5.0
400,238,5.0
400,562,4.5
400,510,4.5
400,1891,5.0
400,2493,4.5
400,85,4.5
400,1892,5.0
400,769,4.5
400,240,4.5
400,694,4.5
400,105,4.0
400,603,5.0
400,550,5.0
400,98,4.0
400,641,5.0
400,141,4.5
400,120,4.0
400,122,4.0
400,388,5.0
400,186,4.0
400,1402,4.0
400,1422,4.0
400,155,4.5
400,10191,4.5
400,27205,5.0
400,140607,4.5
400,286217,4.0
400,329865,4.5
400,263115,4.0
401,15789,4.5
401,10545,4.0
401,762,4.0
401,7443,4.0
401,11688,4.5
401,10865,4.5
401,11544,4.0
401,9016,5.0
401,508,4.0
401,9806,4.0
401,3933,4.0
401,2062,4.0
401,1267,4.0
401,13885,4.5
401,10681,4.0
401,14836,4.0
401,14160,4.0
401,38055,4.5
401,38757,4.0
401,283995,4.5
401,150540,4.0
401,269149,4.0
402,17182,5.0
402,9208,4.0
402,33542,4.0
402,1572,5.0
402,3512,4.0
402,680,5.0
402,2636,4.0
402,8587,4.0
402,8987,4.0
402,1637,5.0
402,36955,5.0
402,9350,5.0
402,9739,4.0
402,5503,4.0
402,329,4.0
402,788,5.0
402,424,4.0
402,771,4.0
402,251,5.0
402,812,4.0
402,280,5.0
402,274,5.0
402,114,4.0
402,602,5.0
402,9268,5.0
402,562,5.0
402,475,5.0
403,807,5.0
403,197,5.0
403,2293,4.0
403,680,5.0
403,500,4.0
403,769,4.5
403,33,4.0
403,89,4.5
403,73,4.5
403,8741,4.5
403,1542,4.5
403,9008,4.5
403,2924,4.0
403,820,4.0
403,38,4.5
403,9870,4.0
403,4944,4.5
404,9087,4.0
404,4584,4.0
404,9598,4.0
404,2054,4.0
404,197,4.0
404,11000,4.0
404,8963,4.0
404,1642,4.0
404,9804,4.0
404,278,4.0
404,9331,4.0
404,13,4.0
404,712,4.0
404,1637,4.0
404,11566,4.0
404,5503,4.0
404,329,4.0
404,788,4.0
404,713,4.0
404,424,4.0
404,858,4.0
404,812,4.0
404,581,4.0
404,274,4.0
405,524,4.0
405,451,4.0
405,63,4.5
405,755,4.0
405,197,4.0
405,103,4.5
405,9804,4.0
405,241,5.0
405,101,4.0
405,680,4.5
405,36593,4.0
405,315,4.0
405,78,4.5
405,8072,4.5
405,935,4.5
405,583,4.5
405,475,4.0
405,500,4.0
405,744,4.0
405,68,4.0
405,185,4.5
405,769,4.5
405,348,4.0
405,600,4.5
405,387,4.5
405,763,4.0
405,37247,4.0
405,10644,4.0
405,638,4.0
405,2118,4.0
405,2649,4.0
405,4995,4.0
405,617,4.0
405,1878,4.5
405,793,4.5
405,97,4.0
405,603,4.5
405,1911,4.0
405,550,4.0
405,624,4.5
405,622,4.0
405,9532,4.0
405,1541,4.0
405,1359,4.5
405,985,5.0
405,641,4.0
405,107,4.0
405,843,4.5
405,77,4.5
405,4133,4.0
405,1018,4.5
405,141,4.0
405,65,4.0
405,8073,4.0
405,4543,4.0
405,3112,4.5
405,483,4.0
405,9063,4.0
405,1954,4.0
405,553,4.5
405,11044,4.0
405,4553,4.0
405,626,4.0
405,13041,5.0
405,10176,4.5
405,14135,5.0
405,844,4.0
405,4689,4.0
405,3509,4.0
405,187,5.0
405,16320,4.0
405,8923,4.0
405,1023,4.0
405,1124,4.0
405,1730,5.0
405,8363,4.0
405,5915,4.5
405,4588,4.0
405,6977,4.5
405,14019,5.0
405,13223,4.0
405,17431,4.0
405,17609,4.0
405,11928,4.5
405,23483,4.0
405,27205,4.5
406,9101,4.0
406,9587,4.0
406,9454,5.0
406,11529,5.0
406,9779,5.0
406,1593,4.0
406,6557,5.0
407,11,4.0
407,1891,4.0
407,89,4.0
407,857,4.0
407,603,5.0
407,550,5.0
407,120,5.0
407,180,5.0
407,121,5.0
407,22,4.0
407,122,5.0
407,155,5.0
407,1726,5.0
407,10191,4.0
407,210577,5.0
408,710,4.5
408,11,4.0
408,278,4.5
408,3049,4.5
408,8005,4.5
408,9323,5.0
408,562,4.0
408,1891,4.0
408,85,5.0
408,1892,4.0
408,137,5.0
408,11202,5.0
408,3034,4.5
408,89,5.0
408,816,4.0
408,489,4.0
408,714,4.0
408,2109,4.0
408,9749,4.5
408,15596,4.0
408,603,4.5
408,813,5.0
408,957,4.5
408,926,5.0
408,11977,5.0
408,98,4.5
408,11072,4.0
408,37136,4.5
408,9705,4.0
408,5175,4.0
408,120,5.0
408,11891,4.0
408,11362,5.0
408,2501,4.5
408,121,5.0
408,11770,5.0
408,19666,4.0
408,1584,4.0
408,616,4.0
408,122,5.0
408,2023,4.0
408,9472,4.5
408,8699,4.5
408,1538,4.5
408,2059,4.0
408,272,5.0
408,1830,5.0
408,6795,4.0
408,411,5.0
408,752,5.0
408,1262,4.0
408,1491,5.0
408,1417,4.0
408,1124,5.0
408,36557,5.0
408,1372,4.0
408,1271,4.0
408,2270,4.5
408,2503,4.0
408,5174,4.5
408,13363,5.0
408,6637,4.0
408,155,5.0
408,8681,4.5
408,12133,4.0
408,7446,4.0
408,12113,4.0
408,15373,4.0
408,14756,4.0
408,17431,4.0
408,18162,4.0
408,22494,4.0
408,10528,5.0
408,27581,4.0
408,23168,4.0
408,20526,4.0
408,48138,4.0
408,46146,4.0
408,60308,5.0
408,49026,4.0
408,58574,5.0
408,49529,4.0
408,49051,4.0
408,75780,5.0
408,170657,5.0
408,75612,5.0
408,49521,4.5
408,57158,4.0
408,168672,4.0
408,109443,4.0
408,157336,4.0
408,137113,5.0
408,177677,5.0
408,49017,4.0
408,228150,4.0
408,205596,4.0
408,102899,5.0
408,286217,4.0
408,206647,4.0
408,85860,4.5
408,203801,5.0
408,333371,4.0
408,207932,4.0
408,330459,4.0
409,9603,4.0
409,103,5.0
409,2292,4.0
409,522,5.0
409,11,4.0
409,680,5.0
409,278,4.0
409,11446,5.0
409,274,4.0
409,275,5.0
409,27768,4.0
409,238,5.0
409,239,5.0
409,289,4.0
409,630,5.0
409,10331,5.0
409,252,4.0
409,11561,5.0
409,11302,5.0
409,762,5.0
409,510,5.0
409,11455,5.0
409,2493,5.0
409,769,5.0
409,539,4.0
409,240,5.0
409,279,5.0
409,1578,5.0
409,703,5.0
409,9277,5.0
409,9665,4.0
409,37247,5.0
409,3063,4.0
409,235,4.0
409,137,4.0
409,903,5.0
409,3034,4.0
409,642,5.0
409,639,4.0
409,621,4.0
409,378,4.0
409,9611,4.0
409,2895,4.0
409,3116,5.0
409,1779,5.0
409,6471,5.0
409,10403,4.0
409,10683,5.0
409,12560,4.0
409,111794,4.0
409,9451,5.0
409,36685,4.0
409,817,4.0
409,6488,4.0
409,2105,4.0
409,11153,5.0
409,14,5.0
409,226,4.0
409,11562,4.0
409,11040,5.0
409,14035,4.0
409,31121,4.0
409,926,4.0
409,14886,4.0
409,14741,4.0
409,968,5.0
409,838,5.0
409,8333,5.0
409,8469,5.0
409,990,4.0
409,10774,4.0
409,1552,5.0
409,13776,4.0
409,11072,5.0
409,11598,5.0
409,11624,5.0
409,15867,4.0
409,11686,5.0
409,33408,4.0
409,11589,5.0
409,18391,5.0
409,37136,4.0
409,37137,4.0
409,651,4.0
410,15602,4.0
410,11448,4.0
410,11010,4.0
410,649,4.0
410,527,5.0
410,278,5.0
410,11382,4.0
410,10464,4.0
410,712,4.0
410,41580,5.0
410,18215,4.0
410,10612,4.0
410,424,4.0
410,20967,5.0
410,114,4.0
410,896,5.0
410,935,5.0
410,12632,4.0
410,426,5.0
410,567,5.0
410,213,4.0
410,289,4.0
410,963,4.0
410,6620,4.0
410,804,5.0
410,599,5.0
410,15,5.0
410,1939,5.0
410,900,4.0
410,10218,4.0
410,252,5.0
410,623,4.0
410,583,4.0
410,475,4.0
410,11331,4.0
410,11843,4.0
410,4480,5.0
410,4481,4.0
410,10608,4.0
410,11216,4.0
410,7452,4.0
410,10409,5.0
410,185,4.0
410,595,4.0
410,144,4.0
410,525,4.0
410,1578,5.0
410,343,5.0
410,490,5.0
410,37247,4.0
410,1480,4.0
410,422,4.0
410,829,4.0
410,832,5.0
410,982,4.0
410,903,5.0
410,10322,5.0
410,68924,4.0
410,10890,5.0
410,27103,5.0
410,30020,4.0
410,11050,5.0
410,11485,4.0
410,1779,5.0
410,10849,5.0
410,13697,4.0
410,14367,4.0
410,15144,4.0
410,11522,4.0
410,8393,5.0
410,1580,5.0
410,11219,5.0
410,845,5.0
410,12626,4.0
410,10403,5.0
410,30197,5.0
410,10377,4.0
410,10683,4.0
410,2657,5.0
410,19426,5.0
410,11545,4.0
410,147,4.0
410,19457,4.0
410,9346,5.0
410,856,4.0
410,492,4.0
410,9008,4.0
410,4203,4.0
410,11787,4.0
410,5156,4.0
410,777,5.0
410,30237,4.0
410,16672,5.0
410,8872,4.0
410,11287,4.0
410,10158,4.0
410,11016,4.0
410,287,4.0
410,968,4.0
410,11520,4.0
410,990,5.0
410,10774,5.0
410,11977,4.0
410,5683,4.0
410,10569,5.0
410,11072,4.0
410,592,5.0
410,32640,4.0
410,46991,5.0
410,16,5.0
410,13785,4.0
410,469,5.0
410,3073,5.0
410,1597,5.0
410,14295,5.0
410,2609,5.0
410,134,5.0
410,26719,4.0
410,11191,4.0
410,47943,5.0
410,48217,5.0
410,32686,4.0
410,14052,4.0
410,5257,4.0
410,27223,4.0
410,39266,4.0
410,11307,4.0
410,11174,4.0
410,1406,5.0
410,11896,4.0
410,25538,5.0
410,3009,5.0
411,862,5.0
411,8844,4.0
411,9087,4.0
411,8012,4.0
411,9909,4.0
411,9598,4.0
411,807,4.0
411,2054,5.0
411,197,4.0
411,103,4.0
411,568,5.0
411,11780,4.0
411,8963,4.0
411,1642,4.0
411,9804,4.0
411,2292,4.0
411,8984,4.0
411,11929,4.0
411,14275,5.0
411,8438,4.0
411,1945,4.0
411,680,5.0
411,2164,4.0
411,278,4.0
411,10731,4.0
411,13,5.0
411,8587,4.0
411,9359,4.0
411,12280,4.0
411,8987,4.0
411,36955,4.0
411,10443,4.0
411,37233,4.0
411,5503,4.0
411,11934,4.0
411,329,5.0
411,788,4.0
411,9800,5.0
411,424,5.0
411,9479,4.0
411,11969,5.0
411,771,4.0
411,251,4.0
411,581,5.0
411,274,5.0
411,954,5.0
412,4584,5.0
412,9598,5.0
412,26564,4.0
412,11450,4.0
412,5503,4.0
412,274,4.0
412,275,4.0
412,238,5.0
412,981,5.0
412,426,4.0
412,567,5.0
412,213,5.0
412,239,4.0
412,963,5.0
412,62,5.0
412,303,4.0
412,381,5.0
412,1859,5.0
412,3529,5.0
412,3085,5.0
412,762,5.0
412,10548,5.0
412,11216,4.0
412,2493,5.0
412,68,4.0
412,348,4.0
412,539,4.0
412,240,5.0
412,703,4.0
412,9277,5.0
412,696,4.0
412,829,5.0
412,212,5.0
412,903,5.0
412,3034,5.0
412,910,5.0
412,11031,4.0
412,11314,5.0
412,642,5.0
412,639,5.0
412,11239,4.0
412,1669,5.0
412,2118,5.0
412,9427,5.0
412,2898,4.0
412,21736,5.0
412,9452,4.0
412,20862,4.0
412,1051,4.0
412,1779,4.0
412,2107,5.0
412,8393,4.0
412,37916,4.0
412,10403,4.0
412,1934,5.0
412,11881,4.0
412,100,4.0
412,1893,4.0
412,345,5.0
412,4806,4.0
412,16406,5.0
412,913,4.0
412,11353,5.0
412,37718,4.0
412,14,5.0
412,10390,4.0
412,6415,4.0
412,9346,4.0
412,9377,4.0
412,3086,5.0
413,524,5.0
413,680,5.0
413,278,5.0
413,5503,5.0
413,424,5.0
413,274,5.0
413,664,5.0
413,238,5.0
413,595,5.0
413,769,4.5
413,240,4.5
413,489,5.0
413,11808,5.0
413,943,5.0
413,857,5.0
413,73,5.0
413,9798,5.0
413,1542,5.0
413,9032,5.0
413,550,5.0
413,497,5.0
413,462,4.0
413,8584,5.0
413,2024,5.0
413,10637,5.0
413,1597,4.5
413,8358,4.5
413,4133,5.0
413,111,5.0
413,9476,5.0
413,9889,5.0
413,120,5.0
413,4108,5.0
413,310,5.0
413,9654,5.0
413,1824,5.0
413,2502,5.0
413,6957,5.0
413,1271,5.0
413,7485,5.0
413,2503,4.5
413,4922,5.0
413,16869,5.0
413,18785,5.0
413,19908,5.0
413,68734,5.0
413,68718,4.5
414,862,4.0
414,15602,4.0
414,9087,5.0
414,4584,4.0
414,8012,4.0
414,63,5.0
414,9598,5.0
414,9603,4.0
414,807,4.0
414,629,5.0
414,2054,4.0
414,28387,4.0
414,9283,5.0
414,13685,4.0
414,9614,4.0
414,197,5.0
414,103,5.0
414,2074,4.0
414,11000,4.0
414,16388,4.0
414,10474,4.0
414,568,4.0
414,11780,5.0
414,1775,4.0
414,26564,4.0
414,8068,4.0
414,9344,4.0
414,9071,4.0
414,2293,4.0
414,11980,4.0
414,31611,4.0
414,76,4.0
414,22625,4.0
414,2292,5.0
414,1909,4.0
414,20156,4.0
414,522,4.0
414,10954,4.0
414,1024,4.0
414,13701,4.0
414,11,5.0
414,9587,4.0
414,19101,4.0
414,4476,5.0
414,11008,4.0
414,8438,4.0
414,527,5.0
414,101,5.0
414,680,5.0
414,11450,4.0
414,109,4.0
414,278,5.0
414,9905,4.0
414,20306,5.0
414,1587,4.0
414,236,4.0
414,2759,4.0
414,11382,4.0
414,9495,5.0
414,13,5.0
414,712,4.0
414,8587,4.0
414,854,4.0
414,9359,4.0
414,2788,4.0
414,10427,4.0
414,1637,4.0
414,36955,4.0
414,10436,4.0
414,16771,5.0
414,1607,4.0
414,6075,5.0
414,9571,4.0
414,5503,5.0
414,11934,5.0
414,9386,4.0
414,7984,5.0
414,329,4.0
414,507,4.0
414,2246,4.0
414,10502,4.0
414,9516,4.0
414,2320,4.0
414,11971,5.0
414,14534,5.0
414,424,4.0
414,14291,4.0
414,12519,4.0
414,23210,4.0
414,78,5.0
414,10442,4.0
414,9479,4.0
414,11969,4.0
414,319,5.0
414,11446,4.0
414,17600,4.0
414,812,4.0
414,280,5.0
414,581,4.0
414,268,4.0
414,274,4.0
414,408,4.0
414,10895,4.0
414,576,5.0
414,275,5.0
414,11827,4.0
414,10112,4.0
414,1592,4.0
414,954,4.0
414,10539,4.0
414,3065,4.0
414,25969,4.0
414,8866,4.0
414,503475,5.0
414,21588,4.0
414,9323,5.0
414,532,5.0
414,935,5.0
414,627,5.0
414,602,4.0
414,10779,4.0
414,47907,4.0
414,10478,4.0
414,238,5.0
414,9303,5.0
414,872,5.0
414,2769,4.0
414,164,4.0
414,426,5.0
414,567,5.0
414,213,4.0
414,284,4.0
414,239,5.0
414,289,5.0
414,963,4.0
414,6620,4.0
414,804,5.0
414,630,4.0
414,15,5.0
414,62,5.0
414,381,4.0
414,3085,4.0
414,1585,5.0
414,10331,4.0
414,488,4.0
414,32574,4.0
414,1770,4.0
414,18203,4.0
414,22660,4.0
414,11224,4.0
414,81310,4.0
414,15947,4.0
414,9078,4.0
414,8367,4.0
414,433,4.0
414,11360,4.0
414,12092,4.0
414,15121,5.0
414,562,5.0
414,42314,4.0
414,454,4.0
414,10218,5.0
414,252,4.0
414,623,5.0
414,583,5.0
414,500,5.0
414,792,5.0
414,402,4.0
414,9504,4.0
414,601,4.0
414,744,5.0
414,221,5.0
414,702,4.0
414,1630,4.0
414,26626,4.0
414,1103,4.0
414,762,5.0
414,531,5.0
414,11216,4.0
414,975,4.0
414,10409,4.0
414,510,4.0
414,1891,5.0
414,2493,5.0
414,85,5.0
414,68,5.0
414,679,5.0
414,429,5.0
414,947,5.0
414,185,5.0
414,595,5.0
414,28,5.0
414,1892,5.0
414,769,5.0
414,348,5.0
414,766,4.0
414,11645,5.0
414,10835,4.0
414,525,5.0
414,240,5.0
414,600,5.0
414,530,5.0
414,10705,4.0
414,279,5.0
414,1578,4.0
414,9549,5.0
414,387,5.0
414,9277,5.0
414,343,4.0
414,218,5.0
414,9665,4.0
414,18971,5.0
414,207,4.0
414,37247,5.0
414,9322,5.0
414,826,5.0
414,829,5.0
414,13667,5.0
414,235,5.0
414,765,4.0
414,5925,5.0
414,11778,4.0
414,137,4.0
414,33,5.0
414,982,4.0
414,8428,4.0
414,105,5.0
414,11202,4.0
414,149,4.0
414,8009,4.0
414,903,5.0
414,11673,5.0
414,3034,4.0
414,756,5.0
414,2640,5.0
414,15143,5.0
414,89,4.0
414,14370,5.0
414,12104,4.0
414,625,5.0
414,2323,4.0
414,983,4.0
414,642,5.0
414,639,4.0
414,6114,4.0
414,1598,4.0
414,7863,4.0
414,12498,4.0
414,1573,4.0
414,154,4.0
414,364,4.0
414,11967,4.0
414,578,4.0
414,75,4.0
414,9390,4.0
414,378,5.0
414,2322,4.0
414,3179,4.0
414,4232,4.0
414,9361,5.0
414,26306,4.0
414,9403,4.0
414,49806,4.0
414,12723,4.0
414,9434,5.0
414,816,5.0
414,18,5.0
414,9450,4.0
414,8874,4.0
414,607,4.0
414,9387,5.0
414,2142,5.0
414,14585,4.0
414,1669,5.0
414,2118,5.0
414,2649,4.0
414,68924,4.0
414,2255,4.0
414,9427,4.0
414,782,4.0
414,1959,4.0
414,10890,5.0
414,4995,4.0
414,9281,4.0
414,563,4.0
414,37165,4.0
414,9414,4.0
414,489,5.0
414,8197,5.0
414,4233,4.0
414,10217,4.0
414,597,4.0
414,115,5.0
414,9410,4.0
414,586,4.0
414,2666,4.0
414,11003,4.0
414,2898,5.0
414,9558,4.0
414,10668,4.0
414,617,4.0
414,32911,4.0
414,16980,4.5
414,9469,4.0
414,16148,4.0
414,1878,4.0
414,9844,4.0
414,15037,4.0
414,10674,4.0
414,20862,4.0
414,95,4.0
414,473,4.0
414,544,5.0
414,11426,4.0
414,654,4.0
414,1725,4.0
414,10633,4.0
414,3116,4.0
414,1366,4.0
414,380,4.0
414,13820,4.0
414,15389,4.0
414,13597,4.0
414,2108,5.0
414,609,4.0
414,9552,4.0
414,927,4.0
414,9340,5.0
414,19,4.0
414,3170,4.0
414,346,5.0
414,859,5.0
414,841,5.0
414,9769,4.0
414,857,5.0
414,10957,4.0
414,14013,4.0
414,907,4.0
414,793,4.0
414,35144,4.0
414,9325,4.0
414,10340,4.0
414,10144,4.0
414,10437,4.0
414,12230,4.0
414,10693,5.0
414,11135,4.0
414,11319,4.0
414,10882,4.0
414,9442,4.0
414,227,5.0
414,87,4.0
414,123,4.0
414,14367,4.0
414,11814,5.0
414,15171,4.0
414,11837,4.0
414,11704,4.0
414,11639,5.0
414,4978,4.0
414,11976,4.0
414,15144,5.0
414,11522,4.0
414,11557,4.0
414,34584,4.0
414,4011,4.0
414,847,5.0
414,117,4.0
414,22796,4.0
414,2028,5.0
414,18282,5.0
414,881,4.0
414,24746,4.0
414,8195,4.0
414,10403,4.0
414,162,4.0
414,8916,4.0
414,30197,4.0
414,10377,5.0
414,1955,4.0
414,10683,4.0
414,2657,5.0
414,8675,4.0
414,73,5.0
414,10663,4.0
414,14924,4.0
414,9798,4.0
414,9487,4.0
414,9749,4.0
414,11545,5.0
414,1934,5.0
414,11881,4.0
414,8879,5.0
414,1368,4.0
414,9326,4.0
414,10328,4.0
414,1367,4.0
414,11904,4.0
414,15596,4.0
414,1885,4.0
414,16885,4.0
414,8741,4.0
414,825,4.0
414,14709,4.0
414,9426,4.0
414,15698,5.0
414,9671,4.0
414,11038,4.0
414,11873,4.0
414,10015,5.0
414,13466,4.0
414,1542,4.0
414,100,5.0
414,603,5.0
414,4951,4.0
414,9430,5.0
414,9451,4.0
414,1946,4.0
414,1893,4.0
414,36685,4.0
414,509,4.0
414,817,4.0
414,14283,4.0
414,104,5.0
414,9473,4.0
414,2105,5.0
414,345,4.0
414,620,5.0
414,10490,4.0
414,247,4.0
414,3175,4.0
414,32060,4.0
414,11416,4.0
414,10776,4.0
414,24081,4.0
414,10386,4.0
414,19457,4.0
414,813,4.0
414,2280,4.0
414,850,4.0
414,11963,4.0
414,14578,5.0
414,14,5.0
414,11527,5.0
414,11326,4.0
414,24071,4.0
414,15198,4.0
414,6415,5.0
414,226,4.0
414,10388,4.0
414,9346,4.0
414,861,4.0
414,9377,5.0
414,11901,4.0
414,4929,4.0
414,24453,4.0
414,3767,4.0
414,1654,5.0
414,391,4.0
414,550,5.0
414,36819,4.0
414,5548,4.0
414,856,4.0
414,492,5.0
414,128,5.0
414,9008,4.0
414,16129,4.0
414,476,4.0
414,37094,4.0
414,957,4.0
414,11886,5.0
414,11040,4.0
414,1621,4.0
414,14035,4.0
414,10047,4.0
414,11663,4.0
414,11165,4.0
414,11379,4.0
414,29154,4.0
414,27141,4.0
414,2668,5.0
414,9647,4.0
414,11393,4.0
414,293,4.0
414,10998,4.0
414,9013,5.0
414,2924,4.0
414,13681,4.0
414,863,5.0
414,22267,4.0
414,18161,4.0
414,32274,4.0
414,497,4.0
414,1715,4.0
414,10137,4.0
414,334,5.0
414,624,4.0
414,26578,4.0
414,926,4.0
414,10400,4.0
414,12524,4.0
414,17908,4.0
414,5924,4.0
414,13342,4.0
414,9475,5.0
414,11287,4.0
414,11259,4.0
414,11068,4.0
414,9367,4.0
414,9609,5.0
414,8374,5.0
414,25934,5.0
414,14181,4.0
414,2787,4.0
414,2069,4.0
414,25010,4.0
414,11004,4.0
414,4816,4.0
414,14280,4.0
414,20283,4.0
414,5693,5.0
414,287,4.0
414,968,4.0
414,838,5.0
414,3114,4.0
414,48213,4.0
414,19259,5.0
414,11176,4.0
414,14900,4.0
414,1541,4.0
414,8469,5.0
414,925,4.0
414,1880,4.0
414,801,4.0
414,11520,4.0
414,840,4.0
414,526,4.0
414,13346,4.0
414,243,5.0
414,879,4.0
414,1700,4.0
414,10774,4.0
414,10083,5.0
414,11356,5.0
414,10747,5.0
414,10559,4.0
414,2621,4.0
414,1552,4.0
414,106,4.0
414,1359,4.0
414,4967,4.0
414,13776,4.0
414,11977,4.0
414,1443,4.0
414,15723,4.0
414,98,5.0
414,17889,4.0
414,31516,5.0
414,9285,4.0
414,955,4.0
414,10911,4.0
414,11072,4.0
414,13368,4.0
414,1551,4.0
414,865,4.0
414,9659,4.0
414,8810,4.0
414,29204,4.0
414,9040,4.0
414,6978,5.0
414,7450,4.0
414,7443,5.0
414,12706,4.0
414,4244,4.0
414,23655,4.0
414,1788,4.0
414,36657,4.0
414,32640,4.0
414,11589,5.0
414,20438,4.0
414,10393,4.0
414,18168,4.0
414,1588,4.0
414,786,5.0
414,46119,4.0
414,16,4.0
414,19348,4.0
414,10637,4.0
414,641,4.0
414,10687,4.0
414,63956,5.0
414,6521,4.0
414,71,4.0
414,10647,4.0
414,4327,4.0
414,14295,5.0
414,10876,4.0
414,9741,4.0
414,146,5.0
414,11983,4.0
414,2609,5.0
414,10673,4.0
414,2604,4.0
414,107,5.0
414,392,4.0
414,11688,4.0
414,12509,4.0
414,711,4.0
414,8358,5.0
414,134,5.0
414,21991,5.0
414,11973,4.0
414,1900,4.0
414,26333,4.0
414,90,4.0
414,10110,5.0
414,32054,5.0
414,1547,5.0
414,843,4.0
414,12806,4.0
414,2749,4.5
414,10050,4.0
414,32686,4.0
414,4985,4.0
414,853,4.0
414,77,5.0
414,10054,4.0
414,55,4.0
414,4133,4.0
414,634,4.0
414,19366,4.0
414,111,4.0
414,849,4.0
414,11307,4.0
414,14268,4.0
414,808,4.0
414,824,5.0
414,676,4.0
414,26813,4.0
414,1406,4.0
414,13554,4.0
414,966,4.0
414,301,4.0
414,11896,4.0
414,25538,4.0
414,9705,4.0
414,1089,4.0
414,10653,4.0
414,9576,4.0
414,644,4.0
414,10691,4.0
414,11826,4.0
414,9301,5.0
414,2140,4.0
414,2114,4.0
414,11371,4.0
414,9517,4.0
414,13794,4.0
414,14506,4.0
414,15267,4.0
414,19382,4.0
414,10126,4.0
414,10141,5.0
414,8740,4.0
414,8337,4.0
414,1648,4.0
414,30352,4.0
414,17190,4.0
414,19118,5.0
414,9942,4.0
414,1548,5.0
414,13403,4.0
414,869,4.0
414,10135,4.0
414,2616,4.0
414,249,4.0
414,41784,4.0
414,2770,5.0
414,11065,4.0
414,18734,4.0
414,20857,4.0
414,2034,4.0
414,9398,4.0
414,12780,4.0
414,1018,4.0
414,768,5.0
414,9081,5.0
414,141,5.0
414,11457,4.0
414,10778,5.0
414,585,4.0
414,23949,4.0
414,11088,4.0
414,9889,4.0
414,14369,4.0
414,1433,4.0
414,1999,4.0
414,10847,4.0
414,299,4.0
414,161,4.0
414,31064,4.0
414,8342,4.0
414,194,5.0
414,1903,5.0
414,9428,5.0
414,120,5.0
414,11086,4.0
414,453,4.0
414,8489,4.0
414,855,5.0
414,5279,4.0
414,1365,4.0
414,6440,4.0
414,61418,4.0
414,6312,5.0
414,848,4.0
414,651,4.0
414,11362,4.0
414,10229,4.0
414,12659,4.0
414,35650,4.0
414,9606,4.0
414,11447,4.0
414,16550,4.0
414,13915,5.0
414,480,4.0
414,18984,5.0
414,15999,4.0
414,2752,4.0
414,33135,4.0
414,1576,4.0
414,15647,4.0
414,1391,4.0
414,10627,4.0
414,259557,4.0
414,36586,4.0
414,4547,5.0
414,14635,4.0
414,35944,4.0
414,548,4.0
414,11590,5.0
414,1537,4.0
414,2565,4.0
414,59199,4.0
414,1282,4.0
414,69324,5.0
414,557,5.0
414,245,5.0
414,1894,4.0
414,4012,4.0
414,9026,4.0
414,17734,4.0
414,4614,4.0
414,18408,5.0
414,2501,4.0
414,9637,4.0
414,16857,4.0
414,52258,4.0
414,15813,4.0
414,11544,4.0
414,180,5.0
414,59387,4.0
414,6278,4.0
414,4147,4.0
414,8869,4.0
414,8665,4.0
414,39141,5.0
414,8764,4.0
414,9962,4.0
414,10081,4.0
414,10859,4.0
414,16806,4.0
414,9685,5.0
414,33506,4.0
414,11013,5.0
414,129,5.0
414,31005,4.0
414,12921,5.0
414,1809,5.0
414,1430,4.0
414,8051,5.0
414,565,4.0
414,30309,4.0
414,9012,4.0
414,9280,4.0
414,65,4.0
414,16351,4.5
414,34341,4.0
414,8198,4.0
414,64,4.0
414,2103,4.0
414,35612,4.0
414,2757,5.0
414,7299,4.0
414,2755,4.0
414,121,5.0
414,1429,4.0
414,3131,4.0
414,14931,4.0
414,8392,5.0
414,640,4.0
414,1574,5.0
414,13560,4.0
414,29339,4.0
414,423,4.5
414,598,4.0
414,13199,4.0
414,14667,4.0
414,10150,4.5
414,13132,5.0
414,11635,4.0
414,105024,4.0
414,1591,4.0
414,455,5.0
414,25461,4.0
414,51927,4.0
414,11299,4.0
414,7294,4.0
414,11516,4.0
414,994,4.0
414,14308,4.0
414,10743,4.0
414,16636,4.0
414,36658,4.0
414,46989,4.0
414,20689,4.0
414,15394,4.0
414,604,4.0
414,10720,4.0
414,1555,5.0
414,12,4.5
414,9654,4.0
414,1088,4.0
414,2470,5.0
414,170,4.0
414,1927,4.0
414,302,4.0
414,22,4.5
414,4464,4.0
414,9104,4.0
414,2771,4.5
414,8992,4.0
414,21413,4.0
414,1428,4.0
414,17906,4.0
414,153,4.5
414,33320,4.0
414,13156,4.0
414,10159,4.0
414,9662,4.5
414,891,4.0
414,4543,4.0
414,13339,4.0
414,9871,4.0
414,11364,4.0
414,2056,4.5
414,322,4.0
414,11775,4.0
414,24,4.0
414,1807,4.0
414,13537,4.5
414,605,4.0
414,508,4.5
414,8619,4.0
414,470,4.0
414,11042,4.0
414,10168,4.0
414,11634,5.0
414,79,4.0
414,10511,4.0
414,616,4.5
414,587,4.5
414,3635,4.0
414,122,4.0
414,12698,4.0
414,2289,4.0
414,9548,4.0
414,17736,4.0
414,1954,4.0
414,1278,4.0
414,11023,4.0
414,338,4.0
414,10591,4.0
414,38,4.5
414,16941,4.0
414,5516,4.5
414,553,4.0
414,393,4.0
414,10625,4.0
414,652,4.0
414,9461,4.0
414,8468,4.0
414,5902,4.0
414,15392,4.5
414,809,4.0
414,28219,4.0
414,246,4.0
414,9372,4.0
414,9472,4.0
414,594,4.0
414,1777,4.0
414,558,4.5
414,80,4.0
414,436,4.0
414,401,5.0
414,1538,4.0
414,11282,4.0
414,747,4.0
414,11177,4.0
414,1599,4.0
414,14337,4.0
414,25313,4.0
414,13416,4.0
414,9675,4.0
414,4553,4.5
414,126148,4.0
414,1677,4.0
414,9806,4.0
414,866,4.0
414,2288,4.0
414,16515,4.0
414,1662,4.0
414,206216,4.0
414,55931,4.0
414,11774,4.0
414,670,4.5
414,9316,4.0
414,4836,4.0
414,11420,4.0
414,1843,4.0
414,3509,4.0
414,70,4.5
414,205,4.5
414,421,4.0
414,1901,4.0
414,11162,4.0
414,18927,4.0
414,9928,4.0
414,187,4.0
414,1640,4.0
414,1895,4.0
414,921,4.0
414,9787,4.0
414,787,4.0
414,272,4.5
414,1667,4.0
414,14278,4.0
414,1665,4.0
414,13922,4.0
414,6957,4.0
414,1985,4.0
414,9777,4.5
414,340,4.0
414,65215,4.0
414,14286,4.0
414,9315,4.0
414,59,4.0
414,5236,4.0
414,10707,4.0
414,9701,4.0
414,3291,4.0
414,8066,4.0
414,25,4.0
414,231,4.0
414,8999,4.0
414,4348,4.0
414,69,4.0
414,67,4.0
414,411,4.0
414,254,4.0
414,612,4.0
414,752,4.0
414,9388,4.5
414,388,4.0
414,186,4.0
414,9829,4.0
414,9786,4.0
414,350,4.0
414,1781,4.5
414,1452,4.0
414,773,4.5
414,1164,4.0
414,35199,4.0
414,1262,4.0
414,7859,4.0
414,1165,4.0
414,1116,4.0
414,7511,4.0
414,1381,4.0
414,1579,4.0
414,1417,4.0
414,1422,4.5
414,1523,4.0
414,9693,4.0
414,1124,4.5
414,3683,4.0
414,36557,4.0
414,1372,4.0
414,1246,4.0
414,11170,4.0
414,1247,4.0
414,1251,4.0
414,2062,4.0
414,4169,4.0
414,7874,4.0
414,1271,4.0
414,6145,4.0
414,13067,4.0
414,13894,4.0
414,4964,4.0
414,5723,4.0
414,1990,4.0
414,35,4.0
414,2503,4.0
414,8363,4.0
414,13958,4.0
414,5176,4.0
414,4413,4.0
414,6973,4.0
414,2252,4.0
414,4538,4.0
414,4566,4.0
414,4771,4.0
414,4982,4.0
414,6977,4.5
414,7326,4.0
414,13885,4.0
414,14118,4.0
414,8321,4.5
414,12184,4.0
414,155,4.0
414,13258,4.5
414,1726,4.0
414,9502,4.0
414,1724,4.0
414,10681,4.5
414,10189,4.0
414,7446,4.0
414,118309,4.0
414,12182,4.5
414,12113,4.0
414,12405,4.0
414,10764,4.0
414,15373,4.0
414,10139,4.0
414,13223,4.0
414,11499,4.0
414,12163,4.0
414,4148,4.0
414,19255,4.0
414,14301,4.0
414,15472,4.5
414,16614,4.0
414,19833,4.0
414,16869,4.0
414,16995,4.0
414,17431,4.5
414,13475,4.0
414,14160,4.0
414,18785,4.0
414,12162,4.5
414,19913,4.0
414,8054,4.5
414,17654,4.5
414,22492,4.5
414,18570,4.0
414,12573,4.5
414,22798,4.0
414,19908,5.0
414,16523,4.0
414,22947,4.5
414,10315,4.0
414,7445,4.0
414,22954,4.0
414,19995,4.0
414,10528,4.0
414,10191,4.5
414,23483,4.0
414,39452,4.5
414,10193,5.0
414,39013,4.5
414,27205,5.0
414,27581,4.0
414,22538,5.0
414,27579,4.0
414,37799,4.0
414,37735,4.0
414,42188,4.0
414,38055,4.0
414,44214,4.0
414,45269,4.0
414,45317,4.5
414,44264,4.5
414,20526,4.0
414,51876,4.0
414,44896,4.0
414,38050,4.0
414,45612,4.0
414,23629,4.0
414,58496,4.0
414,55725,4.0
414,50456,4.0
414,59436,4.0
414,59678,4.0
414,55347,4.0
414,37686,4.5
414,64690,5.0
414,50646,4.0
414,61791,4.0
414,39538,4.0
414,60308,4.5
414,24428,4.0
414,10316,4.0
414,40807,4.0
414,74643,5.0
414,65057,4.0
414,49026,4.5
414,65754,4.0
414,80038,4.0
414,22970,4.5
414,83666,4.5
414,84332,4.0
414,84355,4.0
414,88005,4.0
414,84175,4.0
414,37724,4.0
414,84334,4.5
414,59967,4.5
414,68722,4.0
414,49049,4.0
414,84892,4.0
414,68734,4.0
414,86838,4.0
414,82693,4.0
414,87502,4.0
414,97630,4.0
414,68718,4.5
414,156700,4.0
414,107985,4.0
414,122906,4.0
414,49047,5.0
414,109424,4.0
414,86829,4.5
414,106646,4.0
414,168672,4.0
414,116745,5.0
414,152601,4.0
414,110415,4.0
414,137106,5.0
414,120467,4.0
414,157336,4.5
414,97370,4.0
414,137113,4.0
414,194662,4.0
414,244786,4.0
414,210577,4.0
414,119450,4.0
414,118340,4.0
414,157849,4.5
414,245891,4.0
414,228150,4.0
414,264660,4.5
414,251232,4.5
414,205596,4.0
414,207703,4.0
414,76341,5.0
414,293660,4.0
414,284054,4.0
414,284053,4.0
414,283995,4.0
414,202249,4.5
414,167073,5.0
414,309245,4.0
414,273248,4.0
414,254320,4.5
414,286217,5.0
414,150540,4.5
414,278927,4.0
414,281957,5.0
414,273481,4.5
414,264644,4.5
414,277216,4.0
414,274479,4.5
414,314365,5.0
414,297762,4.5
414,296098,4.0
414,318846,5.0
414,370646,4.0
414,269149,4.0
414,371645,4.5
414,334495,4.0
414,302401,4.0
414,290250,4.0
414,318121,4.0
414,338766,5.0
414,313297,4.5
414,324786,4.0
414,329865,4.0
414,334541,4.5
414,367412,4.5
414,330459,4.0
414,376290,4.0
414,274870,4.0
414,381284,4.0
414,432192,4.0
414,263115,4.0
414,416477,5.0
414,315837,4.0
414,331214,5.0
414,339403,5.0
414,387426,4.0
414,401246,4.5
414,396398,4.0
414,354287,4.0
414,374720,5.0
414,395834,4.0
414,335984,5.0
414,432976,4.0
414,337170,4.0
414,359940,4.5
414,391713,4.5
414,389015,4.0
414,399404,4.0
414,181808,4.5
414,399055,4.0
414,396371,4.0
414,446354,4.0
415,807,4.0
415,629,4.5
415,103,4.5
415,11000,4.0
415,568,4.0
415,9344,4.0
415,2292,4.0
415,11,4.0
415,680,5.0
415,278,5.0
415,13,5.0
415,329,4.0
415,812,4.0
415,274,5.0
415,275,4.5
415,935,5.0
415,238,5.0
415,426,4.0
415,567,4.5
415,213,5.0
415,284,4.5
415,599,4.5
415,223,4.5
415,303,4.0
415,261,4.5
415,24795,4.0
415,510,5.0
415,2493,4.5
415,85,4.0
415,429,5.0
415,389,4.5
415,769,5.0
415,240,5.0
415,9277,5.0
415,829,4.5
415,694,4.0
415,903,4.5
415,4824,4.0
415,845,4.0
415,162,4.0
415,73,4.0
415,9535,4.0
415,603,4.5
415,745,4.0
415,912,4.5
415,550,5.0
415,492,4.0
415,497,4.5
415,1715,4.0
415,968,4.0
415,990,4.5
415,11356,4.0
415,592,4.0
415,134,4.0
415,77,4.5
415,10141,4.5
415,1672,4.5
415,598,4.5
415,10147,4.5
415,12698,4.5
415,38,5.0
415,187,4.0
415,9388,4.0
415,1422,4.5
415,155,4.0
415,12405,4.5
415,27205,4.0
415,45523,4.5
415,80379,4.5
415,68718,4.5
416,1024,4.0
416,680,4.0
416,9067,4.5
416,713,4.5
416,275,4.5
416,935,4.5
416,68,4.0
416,185,4.0
416,539,4.0
416,550,4.0
416,492,5.0
416,14002,4.0
416,1018,4.0
416,8342,4.0
416,194,4.0
416,9428,5.0
416,2565,4.0
416,11013,4.5
416,2757,4.0
416,18602,5.0
416,338,4.5
416,14135,5.0
416,1262,5.0
417,807,5.0
417,241,4.0
417,680,5.0
417,278,5.0
417,13,4.0
417,274,4.0
417,627,5.0
417,238,5.0
417,510,4.5
417,185,5.0
417,240,5.0
417,694,5.0
417,2649,4.5
417,37165,5.0
417,489,5.0
417,115,4.5
417,73,5.0
417,603,5.0
417,345,5.0
417,745,4.5
417,14,4.0
417,550,5.0
417,98,5.0
417,641,4.5
417,77,5.0
417,808,5.0
417,141,5.0
417,671,5.0
417,1903,5.0
417,120,5.0
417,453,5.0
417,121,5.0
417,598,5.0
417,24,5.0
417,122,5.0
417,1954,5.0
417,670,5.0
417,1402,5.0
417,1417,4.0
417,1372,4.0
417,5915,5.0
417,155,4.0
417,16869,5.0
417,11324,5.0
417,27205,4.5
417,31011,5.0
417,45269,4.0
417,51876,5.0
417,77338,5.0
417,57158,4.5
417,106646,5.0
417,152601,4.5
417,244786,4.0
417,264660,5.0
417,293660,4.0
418,629,4.5
418,103,4.5
418,680,4.5
418,278,5.0
418,13,4.0
418,424,4.5
418,274,4.0
418,627,5.0
418,562,4.0
418,583,5.0
418,762,5.0
418,185,4.5
418,595,5.0
418,539,4.5
418,525,5.0
418,600,4.0
418,207,5.0
418,37247,4.5
418,105,4.5
418,903,5.0
418,1573,4.0
418,37165,4.0
418,489,5.0
418,9340,4.0
418,9377,4.5
418,550,5.0
418,497,4.5
418,1648,4.0
418,141,5.0
418,120,5.0
418,672,4.5
418,121,5.0
418,153,5.0
418,4543,5.0
418,122,5.0
418,1954,4.5
418,38,5.0
418,673,5.0
418,773,4.5
418,12405,4.0
418,11324,4.0
418,27205,4.0
418,37799,4.5
418,45269,4.5
418,12445,4.5
418,64690,4.5
418,50837,4.5
418,70160,4.0
418,84892,4.5
418,49051,4.0
418,64682,5.0
418,75656,4.0
418,122906,4.5
418,101299,4.0
418,86829,4.5
418,210577,4.0
418,205596,4.5
418,266856,4.5
418,167073,4.5
418,331781,4.0
418,264644,4.5
418,369557,4.0
419,807,4.0
419,629,4.0
419,9614,4.0
419,197,4.0
419,103,4.0
419,9344,4.0
419,6950,4.5
419,680,5.0
419,278,5.0
419,9905,5.0
419,13,4.5
419,1637,4.0
419,9516,4.0
419,424,5.0
419,627,5.0
419,602,4.5
419,238,5.0
419,562,4.5
419,500,5.0
419,792,4.0
419,185,4.5
419,769,4.0
419,240,4.0
419,600,4.5
419,5925,4.0
419,794,4.0
419,4232,4.0
419,8656,4.0
419,95,5.0
419,857,5.0
419,73,4.5
419,1542,4.0
419,100,4.0
419,603,4.0
419,9473,5.0
419,2105,4.5
419,2667,4.0
419,8914,4.5
419,745,4.0
419,14,4.0
419,550,5.0
419,497,4.5
419,1907,4.5
419,1359,4.5
419,98,4.0
419,2024,4.5
419,2133,4.0
419,8358,4.5
419,111,4.5
419,676,4.5
419,9398,4.0
419,141,4.5
419,8007,4.0
419,855,4.0
419,4547,4.5
419,2675,4.0
419,1430,4.5
419,604,4.0
419,3176,5.0
419,11194,4.5
419,652,4.5
419,435,4.5
419,9372,5.0
419,1777,4.0
419,8699,4.0
419,2048,4.5
419,3177,5.0
419,83,4.5
419,613,4.5
419,272,5.0
419,1635,4.5
419,14286,4.0
419,612,4.5
419,1262,4.5
419,1124,5.0
419,14761,4.0
419,4982,4.0
419,7191,4.0
419,12133,4.5
419,10360,5.0
419,13223,4.0
419,19833,5.0
419,14687,5.0
419,63581,5.0
419,18570,4.5
419,23827,4.5
419,23128,4.0
419,14161,4.0
419,10664,4.5
419,41436,5.0
419,241620,5.0
419,55785,4.0
419,77365,5.0
419,77953,4.0
419,84287,5.0
419,49051,5.0
419,97630,5.0
420,862,4.0
420,48750,4.0
420,680,4.0
420,278,4.5
420,13,4.0
420,8587,4.5
420,424,4.5
420,812,4.0
420,935,4.0
420,872,5.0
420,239,5.0
420,62,4.0
420,583,4.5
420,4480,4.0
420,4481,4.0
420,762,5.0
420,892,4.0
420,510,4.0
420,389,4.0
420,185,4.0
420,914,4.0
420,8818,4.0
420,816,4.5
420,597,4.0
420,845,4.0
420,9445,4.0
420,73,4.0
420,603,4.5
420,36685,5.0
420,817,4.5
420,745,4.0
420,11963,4.0
420,14,4.0
420,550,4.0
420,2668,4.5
420,497,4.5
420,49948,4.0
420,901,4.0
420,2291,4.0
420,28971,4.0
420,36657,4.0
420,9003,4.0
420,808,4.0
420,824,4.5
420,9398,4.0
420,141,4.0
420,120,4.5
420,575,4.5
420,1430,4.0
420,2757,4.0
420,121,4.5
420,11949,4.0
420,22,4.0
420,4543,4.5
420,322,4.0
420,24,4.0
420,10719,4.0
420,587,4.0
420,122,4.5
420,12698,4.0
420,38,4.0
420,204,4.0
420,10178,4.0
420,9372,4.5
420,25783,4.0
420,1777,4.0
420,2670,4.0
420,613,4.0
420,187,4.0
420,7453,4.0
420,276,4.5
420,2117,4.5
420,752,4.0
420,582,4.5
420,2652,4.5
420,773,4.0
420,1417,4.5
420,2270,4.0
420,13958,4.0
420,1992,4.0
420,7249,4.0
420,7326,4.5
420,13885,4.0
420,13253,4.0
421,48750,4.0
421,278,5.0
421,424,5.0
421,274,5.0
421,567,4.0
421,284,4.0
421,289,4.0
421,1585,5.0
421,25842,4.0
421,975,4.5
421,510,4.0
421,429,4.5
421,389,4.5
421,185,4.5
421,595,4.5
421,37247,5.0
421,665,4.5
421,1955,5.0
421,637,5.0
421,14,5.0
421,404,5.0
421,641,4.5
421,853,4.0
421,37257,4.5
421,821,4.5
421,142,4.5
421,10201,4.0
421,45269,4.5
422,862,4.0
422,11,5.0
422,278,5.0
422,935,5.0
422,602,4.0
422,238,4.0
422,289,4.0
422,599,5.0
422,15,4.0
422,510,5.0
422,769,5.0
422,826,4.0
422,829,4.0
422,137,4.0
422,11202,5.0
422,288,4.0
422,578,5.0
422,2118,4.0
422,9552,4.0
422,42121,4.0
422,1091,4.0
422,1893,4.0
422,37305,4.0
422,967,5.0
422,850,4.0
422,550,4.0
422,11040,4.0
422,596,4.0
422,3114,4.0
422,36652,4.0
422,990,4.0
422,11072,4.0
422,786,4.0
422,10637,4.0
422,11978,4.0
422,8358,4.0
422,38805,4.0
422,22013,4.0
422,2453,4.0
422,4985,4.0
422,9660,4.0
422,15393,4.0
422,13550,4.0
422,16769,4.0
422,984,4.0
422,11422,4.0
422,10794,4.0
422,848,4.0
423,197,4.0
423,568,5.0
423,680,4.5
423,278,5.0
423,13,5.0
423,9612,4.5
423,5503,4.5
423,329,5.0
423,280,5.0
423,3034,5.0
423,642,4.0
423,782,5.0
423,117,4.5
423,881,4.0
424,807,5.0
424,629,5.0
424,103,4.0
424,9344,4.5
424,241,4.0
424,101,4.0
424,680,4.5
424,8587,4.5
424,274,4.0
424,1592,5.0
424,402,4.0
424,510,4.0
424,539,4.0
424,694,4.5
424,11031,4.0
424,1598,4.5
424,638,4.5
424,2649,4.5
424,489,4.0
424,617,4.0
424,805,4.5
424,4011,4.5
424,162,4.0
424,73,4.0
424,30497,5.0
424,1542,4.5
424,9473,5.0
424,2667,4.5
424,550,4.5
424,1213,5.0
424,11068,4.5
424,1597,4.5
424,77,4.5
424,2043,4.0
424,9517,4.5
424,320,5.0
424,565,4.0
424,11635,4.5
424,2662,4.5
424,2832,4.5
424,322,4.5
424,1586,4.5
424,8699,4.5
424,6947,4.0
424,4553,4.5
424,1696,4.5
424,3933,4.0
424,25,4.0
424,1422,4.5
424,8363,4.0
424,12133,4.0
424,14836,4.5
424,16869,4.5
424,11324,5.0
424,68718,4.5
424,152742,4.5
424,146233,5.0
424,152532,4.0
424,106646,4.0
424,242224,4.5
424,264660,4.5
424,261414,5.0
425,949,4.0
425,63,4.0
425,807,4.5
425,629,4.5
425,755,4.0
425,197,4.0
425,11000,4.0
425,20649,4.5
425,9804,4.0
425,628,4.0
425,101,5.0
425,680,4.0
425,278,5.0
425,1587,4.0
425,13,5.0
425,1607,4.0
425,424,4.0
425,581,4.0
425,274,4.0
425,9802,4.0
425,627,5.0
425,9566,4.0
425,864,4.0
425,8367,4.0
425,819,4.5
425,623,4.0
425,85,4.0
425,348,4.0
425,175,4.5
425,600,4.0
425,207,4.0
425,9322,4.0
425,235,4.0
425,8009,4.0
425,89,4.0
425,8077,4.0
425,7863,4.0
425,75,4.0
425,9366,4.0
425,18,4.5
425,1701,4.0
425,2649,4.0
425,1813,4.0
425,782,4.0
425,489,4.0
425,11808,4.0
425,380,4.0
425,857,4.0
425,87,4.0
425,10220,4.0
425,73,4.0
425,10663,4.0
425,14709,4.5
425,1542,4.0
425,1946,4.5
425,104,4.0
425,8914,4.0
425,550,4.5
425,37094,4.0
425,2668,4.0
425,497,4.0
425,1213,4.0
425,8374,4.5
425,1541,4.0
425,98,4.5
425,786,4.5
425,10876,4.0
425,107,4.0
425,711,4.0
425,134,4.0
425,11973,4.5
425,1900,4.0
425,9740,4.0
425,808,4.0
425,585,4.0
425,1535,4.0
425,161,4.0
425,8342,4.0
425,194,4.0
425,120,4.5
425,453,4.0
425,36586,4.0
425,2501,4.0
425,180,4.0
425,9533,4.0
425,565,4.0
425,121,4.5
425,598,4.5
425,10180,4.0
425,2832,4.0
425,12,4.0
425,277,4.0
425,605,4.0
425,860,4.0
425,122,4.0
425,393,4.0
425,809,4.0
425,2789,4.0
425,11282,4.0
425,9806,4.0
425,866,4.0
425,205,4.5
425,1495,4.0
425,787,4.0
425,9315,4.0
425,9044,4.0
425,7304,4.0
425,1164,4.0
425,33613,4.0
425,27205,4.5
426,8844,4.5
426,9909,5.0
426,1587,4.5
426,2064,5.0
426,13,5.0
426,8587,5.0
426,11934,5.0
426,329,4.0
426,788,5.0
426,858,4.5
426,812,4.5
426,10020,4.0
426,114,4.5
426,15121,5.0
426,2493,5.0
426,4104,5.0
426,9489,4.0
426,2280,4.0
426,2005,4.5
426,11287,4.0
426,462,5.0
426,7443,4.0
426,36657,4.0
426,146,4.0
426,808,4.5
426,585,5.0
426,671,5.0
426,453,4.5
426,11544,5.0
426,672,5.0
426,640,4.0
426,12,5.0
426,10330,4.0
426,673,5.0
426,10780,4.0
426,9806,5.0
426,16320,5.0
426,674,5.0
426,920,4.0
426,675,4.5
426,7326,4.5
426,14301,4.0
426,767,5.0
426,22881,5.0
426,20352,5.0
426,12444,5.0
426,12445,4.5
426,50014,4.0
427,524,4.0
427,197,4.0
427,680,4.5
427,319,4.5
427,770,4.0
427,28,5.0
427,642,4.0
427,378,5.0
427,793,4.0
427,73,4.0
427,98,4.0
427,77,5.0
427,161,4.0
427,1903,4.0
427,120,4.0
427,453,4.0
427,855,4.0
427,2084,4.0
427,10052,4.0
427,12149,4.5
427,1282,4.0
427,2251,4.0
427,2501,4.0
427,16857,4.0
427,4147,4.5
427,9357,4.5
427,121,4.5
428,2293,4.0
428,2292,4.0
428,628,4.5
428,680,4.5
428,9495,4.0
428,9479,4.0
428,9323,4.0
428,500,4.0
428,185,4.5
428,149,4.5
428,18,4.0
428,2255,5.0
428,2666,4.0
428,4011,4.0
428,117,4.0
428,431,4.0
428,603,4.0
428,550,4.0
428,1832,4.5
428,2668,4.0
428,146,4.0
428,11065,4.0
428,2034,4.0
428,141,4.5
428,194,4.0
428,855,4.0
428,9357,4.0
428,1430,4.5
428,11949,4.0
428,11635,4.0
428,277,4.0
428,24,4.5
428,10147,4.0
428,38,4.0
428,393,4.0
428,7220,4.0
428,246,4.0
428,11282,4.0
428,395,4.0
428,747,4.0
428,3989,4.0
428,11420,4.0
429,1710,4.0
429,10530,4.0
429,11359,4.0
429,568,5.0
429,11780,4.0
429,8963,5.0
429,1572,4.0
429,6520,5.0
429,1642,5.0
429,11472,4.0
429,18402,4.0
429,3512,4.0
429,9560,5.0
429,9382,4.0
429,22625,4.0
429,8984,4.0
429,397,4.0
429,10525,4.0
429,11777,5.0
429,6280,4.0
429,9061,4.0
429,9587,5.0
429,4476,4.0
429,43742,5.0
429,40490,4.0
429,11593,4.0
429,1945,4.0
429,9058,5.0
429,6950,5.0
429,11450,4.0
429,2636,4.0
429,11395,5.0
429,2064,5.0
429,10464,4.0
429,36955,5.0
429,10449,4.0
429,14522,4.0
429,9350,4.0
429,812,5.0
429,581,5.0
429,268,5.0
429,10020,5.0
430,278,5.0
430,14291,5.0
430,238,4.0
430,15,5.0
430,1892,4.0
430,199,5.0
430,174,4.0
430,154,4.0
430,10215,5.0
430,793,5.0
430,2657,4.0
430,1934,5.0
430,13466,5.0
430,603,5.0
430,9451,4.0
430,745,5.0
430,14,5.0
430,856,4.0
430,492,4.0
430,1850,4.0
430,10468,4.0
430,7450,4.0
430,7443,4.0
430,36657,4.0
430,392,4.0
430,134,5.0
430,1900,5.0
430,4133,4.0
430,808,4.0
430,180,5.0
430,2757,5.0
430,36658,4.0
430,604,4.5
430,9471,4.0
430,13183,4.5
431,319,5.0
431,387,4.5
431,9277,4.0
431,3034,4.0
431,2649,4.0
432,8844,4.0
432,451,4.5
432,807,4.0
432,197,4.0
432,6520,4.5
432,1642,4.5
432,628,4.5
432,13,4.5
432,8587,5.0
432,10449,4.5
432,329,4.5
432,424,4.5
432,251,4.5
432,581,4.5
432,274,4.0
432,10020,4.0
432,114,4.0
432,1592,4.0
432,954,4.0
432,238,4.0
432,289,5.0
432,679,4.0
432,185,4.0
432,348,4.0
432,240,4.0
432,207,4.5
432,578,4.0
432,8818,4.5
432,2649,4.5
432,1813,4.0
432,782,4.0
432,489,4.5
432,597,4.0
432,9313,4.5
432,2157,4.0
432,795,5.0
432,4415,5.0
432,1965,4.5
432,380,4.5
432,9552,5.0
432,431,4.0
432,881,4.5
432,73,4.5
432,10312,4.5
432,1893,4.0
432,12117,4.5
432,745,4.0
432,10307,4.0
432,226,4.0
432,497,4.0
432,98,4.5
432,10068,4.0
432,36657,4.0
432,10637,4.0
432,641,5.0
432,11978,4.0
432,11983,4.0
432,5994,4.0
432,853,4.5
432,55,4.0
432,808,4.5
432,1933,4.5
432,768,4.0
432,585,4.0
432,453,4.5
432,1894,4.0
432,2501,4.5
432,180,4.0
432,26942,4.0
432,575,4.0
432,9533,4.5
432,121,4.0
432,640,4.0
432,598,4.0
432,36658,4.0
432,604,4.0
432,9654,4.5
432,4464,4.0
432,605,4.0
432,616,4.5
432,122,4.0
432,11093,4.0
432,504,4.0
432,1954,4.0
432,9509,4.5
432,652,4.0
432,809,4.5
432,11036,5.0
432,14365,4.0
432,9477,4.5
432,2048,4.0
432,25313,4.5
432,2288,4.0
432,16246,4.0
432,19341,4.0
432,70,4.0
432,1895,4.0
432,921,4.0
432,9534,4.5
432,6957,4.0
432,752,4.0
432,591,4.0
432,13689,5.0
432,1164,4.5
432,1491,4.0
432,1417,4.0
432,1124,4.5
432,36557,4.0
432,1271,4.0
432,6023,4.0
432,8329,5.0
432,12184,4.0
432,155,4.0
432,1726,4.5
432,8681,4.5
432,1724,4.0
432,10681,4.0
432,13183,4.0
432,12405,4.0
432,13223,4.0
432,12163,4.0
432,13510,4.0
432,21191,4.0
432,14160,4.0
432,18785,4.5
432,12162,4.5
432,23827,5.0
432,19995,4.0
432,11324,4.5
432,20662,4.5
432,10193,4.0
432,27205,4.5
432,44113,4.0
432,41436,4.0
432,44214,5.0
432,43539,4.0
432,41630,4.0
432,48650,4.5
432,10195,4.0
432,56292,4.0
432,65754,5.0
432,58704,4.0
432,50698,4.0
433,629,5.0
433,680,5.0
433,278,4.5
433,274,4.0
433,275,4.0
433,627,4.5
433,500,4.0
433,73,4.0
433,550,4.0
433,8346,5.0
433,24,4.0
433,37799,4.0
433,49026,4.5
433,329865,5.0
434,862,4.0
434,949,4.0
434,807,4.0
434,197,4.5
434,103,5.0
434,568,5.0
434,8467,4.0
434,11,5.0
434,101,4.5
434,680,5.0
434,278,4.0
434,13,4.5
434,329,5.0
434,424,5.0
434,78,5.0
434,812,4.0
434,280,4.5
434,274,4.0
434,275,5.0
434,954,4.0
434,9323,5.0
434,935,4.0
434,627,4.5
434,238,5.0
434,62,4.5
434,562,4.5
434,252,4.5
434,500,4.0
434,792,5.0
434,762,5.0
434,510,4.5
434,1891,5.0
434,2493,4.0
434,679,5.0
434,185,4.5
434,1892,4.5
434,769,4.5
434,348,5.0
434,600,5.0
434,207,4.0
434,694,5.0
434,137,5.0
434,149,5.0
434,89,4.5
434,578,4.0
434,816,4.0
434,18,5.0
434,489,4.5
434,184,4.0
434,115,4.5
434,857,5.0
434,87,4.5
434,117,4.0
434,162,4.0
434,73,5.0
434,1542,4.5
434,603,5.0
434,9473,4.5
434,620,5.0
434,745,5.0
434,14,5.0
434,861,4.0
434,550,5.0
434,128,5.0
434,1832,4.5
434,497,4.5
434,106,4.0
434,36657,4.5
434,9741,4.0
434,146,4.5
434,107,5.0
434,1900,4.5
434,77,5.0
434,111,4.0
434,9081,4.5
434,141,5.0
434,585,4.5
434,161,4.0
434,9428,4.5
434,120,5.0
434,453,4.0
434,1391,5.0
434,2501,4.0
434,129,5.0
434,1430,4.0
434,121,5.0
434,598,5.0
434,36658,4.0
434,12,4.0
434,170,4.5
434,153,4.0
434,14282,4.5
434,322,4.5
434,24,4.0
434,122,5.0
434,38,4.0
434,393,4.5
434,2502,4.0
434,401,4.5
434,1653,4.5
434,747,4.5
434,9806,4.5
434,1640,4.0
434,272,4.5
434,612,4.0
434,752,4.0
434,773,4.0
434,496,5.0
434,1417,5.0
434,1422,5.0
434,1523,4.0
434,9693,5.0
434,1124,4.0
434,36557,4.0
434,2062,4.0
434,2252,4.0
434,6977,5.0
434,155,5.0
434,1726,4.0
434,12405,4.5
434,12163,4.5
434,16869,5.0
434,17431,5.0
434,18785,4.5
434,12162,5.0
434,17654,5.0
434,19908,4.0
434,10315,5.0
434,19995,5.0
434,7978,4.0
434,11324,4.5
435,10530,4.0
435,629,4.0
435,8839,4.0
435,11017,5.0
435,278,5.0
435,14534,4.0
435,238,5.0
435,510,4.5
435,240,5.0
435,943,4.0
435,242,5.0
435,10377,4.0
435,9798,4.5
435,9032,4.0
435,550,5.0
435,36643,4.0
435,10559,4.5
435,98,4.5
435,107,5.0
435,22,4.5
435,24,4.5
435,38,4.0
435,393,5.0
435,272,4.0
435,16320,4.0
435,752,4.0
435,1422,5.0
435,1124,5.0
435,155,5.0
435,12405,5.0
435,13475,4.5
435,14160,4.0
435,11324,4.5
435,27205,4.5
435,37799,4.5
435,44264,4.0
436,862,4.0
436,8844,4.0
436,9598,5.0
436,10530,4.0
436,568,4.0
436,8963,4.0
436,19101,4.0
436,278,4.0
436,10731,4.0
436,13,4.0
436,8587,4.0
436,1637,4.0
436,14522,4.0
436,11566,4.0
436,5503,5.0
436,9386,4.0
436,11971,4.0
436,788,4.0
436,9800,4.0
436,424,5.0
436,11236,4.0
436,9479,4.0
436,14587,4.0
436,771,4.0
436,251,4.0
436,280,4.0
436,408,4.0
436,10895,4.0
436,503475,5.0
437,949,5.0
437,524,5.0
437,4584,4.0
437,451,4.0
437,9909,4.0
437,63,4.0
437,687,4.0
437,807,4.0
437,629,4.0
437,11448,4.0
437,197,4.0
437,2074,5.0
437,16388,4.0
437,568,4.0
437,1873,4.0
437,9344,5.0
437,9071,5.0
437,10149,4.0
437,9560,4.0
437,49805,4.0
437,22625,4.0
437,2292,5.0
437,14275,5.0
437,1024,4.0
437,11,5.0
437,11318,5.0
437,527,5.0
437,6950,4.0
437,680,5.0
437,11450,5.0
437,278,5.0
437,12280,4.0
437,8987,4.0
437,16297,4.0
437,9516,4.0
437,9800,5.0
437,713,4.0
437,1245,4.0
437,424,5.0
437,14291,5.0
437,581,5.0
437,275,5.0
437,1592,4.0
437,10684,5.0
437,664,5.0
437,26748,5.0
437,1645,4.0
437,10478,5.0
437,792,5.0
437,10537,4.0
437,9504,5.0
437,1630,4.0
437,10608,4.0
437,409,5.0
437,2493,4.0
437,947,5.0
437,185,4.0
437,28,5.0
437,1892,5.0
437,769,5.0
437,279,5.0
437,703,5.0
437,9277,5.0
437,9665,5.0
437,37247,4.0
437,826,4.0
437,137,5.0
437,8428,4.0
437,105,4.0
437,89,4.0
437,783,5.0
437,625,5.0
437,639,4.0
437,2322,4.0
438,862,4.5
438,949,5.0
438,710,4.0
438,9087,4.0
438,63,4.0
438,2054,4.0
438,9614,4.0
438,197,4.5
438,11000,4.0
438,9737,5.0
438,568,4.0
438,1572,4.0
438,10428,4.0
438,2293,4.0
438,11,5.0
438,278,5.0
438,3049,4.0
438,9495,4.0
438,13,4.0
438,8587,4.5
438,1637,4.0
438,36955,5.0
438,5503,4.0
438,329,4.0
438,2320,4.0
438,9800,4.0
438,424,4.5
438,10057,4.0
438,812,4.0
438,280,5.0
438,268,4.0
438,408,4.0
438,10020,4.0
438,114,4.0
438,954,4.0
438,9802,4.5
438,3595,4.0
438,11134,4.0
438,872,4.0
438,11224,4.0
438,562,4.0
438,819,4.5
438,2119,4.0
438,744,4.0
438,1891,5.0
438,1892,5.0
438,218,4.0
438,137,4.0
438,982,5.0
438,105,4.0
438,8009,4.0
438,665,5.0
438,2323,4.0
438,199,5.0
438,1573,4.5
438,9390,4.0
438,2322,4.0
438,9361,5.0
438,9404,4.0
438,9434,4.0
438,18,4.5
438,754,4.0
438,607,4.0
438,2118,5.0
438,2255,4.0
438,782,4.5
438,563,4.0
438,37165,4.0
438,489,4.5
438,2898,4.0
438,944,4.0
438,1366,4.0
438,942,4.0
438,943,4.0
438,165,4.0
438,857,4.0
438,9631,4.5
438,36647,4.0
438,117,4.5
438,8195,4.0
438,10377,4.5
438,9798,4.0
438,9487,4.0
438,9489,4.0
438,603,5.0
438,564,4.0
438,1924,4.0
438,8536,4.0
438,37135,4.0
438,9473,4.0
438,745,4.0
438,913,4.0
438,10975,4.0
438,10974,4.0
438,9377,4.0
438,1832,4.0
438,24276,4.0
438,11393,4.0
438,2924,4.5
438,863,4.5
438,2277,4.0
438,8374,4.5
438,11004,4.0
438,10559,4.0
438,3536,4.0
438,98,5.0
438,691,4.0
438,2123,4.0
438,2024,4.0
438,36657,4.0
438,23618,4.0
438,786,4.0
438,10637,4.0
438,1597,4.0
438,12207,4.5
438,9741,4.5
438,146,5.0
438,1857,4.0
438,711,4.0
438,96,4.0
438,90,4.0
438,77,4.5
438,1734,4.0
438,808,4.5
438,824,4.5
438,11371,4.0
438,9942,4.5
438,5175,4.0
438,2770,4.0
438,13496,4.0
438,9778,4.5
438,12780,5.0
438,585,4.0
438,11088,4.0
438,671,4.0
438,1535,4.0
438,161,4.0
438,453,4.0
438,855,4.5
438,6312,4.5
438,10423,4.0
438,425,4.5
438,14635,4.0
438,557,4.0
438,2501,4.5
438,4108,4.0
438,13441,4.0
438,672,4.0
438,2757,4.0
438,7299,5.0
438,121,4.0
438,9919,4.0
438,9480,4.0
438,11299,4.5
438,10743,4.0
438,36658,4.0
438,12,4.0
438,9654,4.0
438,296,4.0
438,22,5.0
438,8961,5.0
438,9257,4.0
438,2055,4.5
438,153,4.0
438,10617,4.0
438,1584,4.0
438,24,4.5
438,11329,4.0
438,508,4.5
438,79,5.0
438,616,4.5
438,122,4.0
438,1954,4.0
438,38,4.0
438,9541,4.0
438,393,4.0
438,9509,4.0
438,9461,4.5
438,809,5.0
438,435,4.0
438,673,4.5
438,9372,4.0
438,1777,4.0
438,558,4.5
438,2048,4.0
438,9675,5.0
438,9806,5.0
438,10589,4.0
438,866,4.0
438,2059,4.0
438,17809,4.5
438,9316,4.5
438,2539,4.0
438,70,4.0
438,8488,4.5
438,187,4.0
438,7364,4.0
438,13020,4.0
438,1640,4.5
438,272,4.5
438,9522,4.0
438,15258,5.0
438,16320,4.0
438,9335,4.0
438,9007,4.0
438,647,5.0
438,231,4.5
438,674,4.0
438,752,4.0
438,186,4.0
438,956,4.0
438,326,5.0
438,1262,4.0
438,82,4.0
438,1422,4.5
438,1124,4.0
438,36557,4.0
438,1271,5.0
439,278,5.0
439,13,5.0
439,424,4.5
439,562,4.5
439,85,4.5
439,218,4.0
439,857,4.0
439,9487,4.0
439,603,5.0
439,8358,4.5
439,120,5.0
439,121,4.0
439,122,5.0
439,9806,4.0
439,10193,4.0
439,89708,4.0
440,902,4.5
440,108,4.0
440,78,5.0
440,3065,4.0
440,62,4.5
440,68,4.5
440,348,4.5
440,343,4.5
440,782,4.0
440,2666,4.5
440,746,4.0
440,1073,4.0
440,1850,4.0
440,838,4.5
440,840,4.5
440,9576,4.0
440,141,4.5
440,170,4.5
440,38,4.0
440,24559,4.0
440,10681,4.0
441,710,4.5
441,807,4.5
441,9804,4.0
441,11,5.0
441,680,5.0
441,280,5.0
441,274,4.5
441,562,4.0
441,500,4.5
441,1891,4.0
441,85,5.0
441,763,5.0
441,816,5.0
441,603,5.0
441,1893,4.5
441,817,5.0
441,620,5.0
441,550,4.5
441,8872,5.0
441,8873,5.0
441,808,4.5
441,26573,5.0
441,1648,5.0
441,120,5.0
441,818,5.0
441,122,5.0
441,923,4.0
441,393,5.0
441,747,5.0
441,3989,5.0
441,4638,5.0
441,155,5.0
441,9870,4.0
441,16869,4.5
441,13475,4.5
441,17654,4.5
441,19908,4.0
441,38319,5.0
441,49026,5.0
441,106646,4.0
441,140607,4.5
443,862,4.0
443,197,4.5
443,11,4.0
443,680,4.0
443,278,5.0
443,13,5.0
443,275,5.0
443,510,4.0
443,489,4.0
443,73,4.0
443,14,4.0
443,550,4.0
443,120,4.5
443,121,5.0
443,598,4.0
443,122,5.0
443,38,4.0
443,1417,4.0
443,6479,4.0
443,12405,4.0
443,4922,4.0
443,39013,4.0
443,70160,5.0
443,71864,5.0
443,82693,5.0
443,101299,5.0
443,116745,5.0
443,157350,5.0
443,131631,5.0
444,949,4.0
444,524,4.0
444,8012,4.0
444,807,4.0
444,629,5.0
444,11010,5.0
444,406,5.0
444,197,4.0
444,103,5.0
444,522,5.0
444,18183,4.0
444,3036,4.0
444,680,5.0
444,278,4.0
444,9495,5.0
444,13,5.0
444,712,4.0
444,854,4.0
444,36955,4.0
444,2758,4.0
444,6075,4.0
444,713,4.0
444,424,5.0
444,319,4.0
444,280,4.0
444,274,5.0
444,10020,4.0
445,63,5.0
445,807,4.5
445,197,5.0
445,11,5.0
445,101,4.0
445,680,4.0
445,110,4.0
445,5503,4.0
445,78,4.0
445,274,4.0
445,532,4.0
445,935,5.0
445,627,5.0
445,583,5.0
445,762,5.0
445,2493,5.0
445,703,5.0
445,37247,4.0
445,637,4.5
445,603,5.0
445,745,4.0
445,550,5.0
445,141,4.0
445,194,5.0
445,120,5.0
445,453,4.0
445,129,4.5
445,64,4.5
445,121,4.0
445,122,5.0
445,38,4.0
445,113,4.5
445,670,4.5
445,16320,4.0
445,1417,4.5
445,13223,4.5
445,16869,4.5
445,11324,4.5
445,27205,4.5
445,77338,5.0
445,120467,5.0
445,244786,4.5
445,265195,5.0
446,9087,4.0
446,4584,5.0
446,63,4.0
446,9598,5.0
446,807,4.0
446,629,4.0
446,9208,4.0
446,11000,4.0
446,11780,4.0
446,2292,4.0
446,1909,4.0
446,18183,4.0
446,241,4.0
446,680,4.0
446,2164,4.0
446,1587,5.0
446,712,4.0
446,329,4.0
446,11971,4.0
446,9800,5.0
446,424,5.0
446,280,5.0
446,581,4.0
446,274,5.0
446,408,4.0
446,10020,4.0
446,954,4.0
447,8844,5.0
447,9909,4.0
447,9312,5.0
447,197,5.0
447,568,4.0
447,414,4.0
447,1572,4.0
447,6520,4.0
447,8984,4.0
447,628,4.0
447,4476,5.0
447,10510,4.0
447,241,5.0
447,101,5.0
447,680,5.0
447,12106,5.0
447,2636,4.0
447,278,5.0
447,193,4.0
447,9331,4.0
447,10731,4.0
447,9495,5.0
447,13,4.0
447,10714,5.0
447,8587,4.0
447,854,4.0
447,9359,5.0
447,36593,4.0
447,36955,4.0
447,10395,4.0
447,12160,5.0
447,18215,4.0
447,9350,4.0
447,9739,4.0
447,26141,4.0
447,37233,4.0
447,5503,4.0
447,9255,4.0
447,9386,5.0
447,329,4.0
447,5550,4.0
447,11236,5.0
447,867,4.0
447,10057,5.0
447,11969,4.0
447,251,5.0
447,812,5.0
447,280,4.0
447,274,4.0
447,408,4.0
447,10020,4.0
447,114,4.0
448,862,5.0
448,710,4.0
448,524,5.0
448,807,4.0
448,629,4.0
448,10874,4.0
448,9737,4.0
448,8963,4.0
448,1572,4.0
448,2292,4.0
448,11,5.0
448,680,5.0
448,11450,4.0
448,193,4.0
448,11382,4.0
448,9331,4.0
448,1637,4.0
448,2758,4.0
448,5503,4.0
448,11934,4.0
448,9386,4.0
448,9593,4.0
448,10440,4.0
448,788,4.0
448,78,4.0
448,10442,4.0
448,319,4.0
448,9066,4.0
448,274,5.0
448,408,4.0
448,10895,4.0
448,576,5.0
448,275,4.0
448,10112,4.0
448,3065,5.0
448,503475,4.0
448,532,4.0
448,627,4.0
448,11543,4.0
448,238,5.0
448,289,4.5
448,630,4.0
448,15,4.5
448,62,4.0
448,32093,4.0
448,2897,4.5
448,14136,4.0
448,10869,4.0
448,864,4.0
448,11224,4.0
448,433,5.0
448,11114,4.0
448,12335,5.0
448,12092,4.0
448,15121,4.0
448,562,5.0
448,10163,4.0
448,252,4.0
448,11561,4.0
448,623,5.0
448,583,5.0
448,11575,4.0
448,500,5.0
448,792,4.0
448,402,4.0
448,601,4.0
448,11843,4.0
448,762,5.0
448,10548,5.0
448,531,4.0
448,10608,4.0
448,510,5.0
448,1891,5.0
448,85,5.0
448,429,5.0
448,185,4.0
448,28,4.0
448,335,5.0
448,1892,5.0
448,769,5.0
448,240,5.0
448,530,4.0
448,311,5.0
448,1578,5.0
448,703,5.0
448,9277,4.0
448,696,4.0
448,826,5.0
448,3063,5.0
448,5925,5.0
448,137,4.0
448,33,4.0
448,105,5.0
448,8009,5.0
448,903,5.0
448,288,4.0
448,11031,5.0
448,89,4.0
448,642,4.0
448,1598,5.0
448,199,4.0
448,9086,4.0
448,578,4.0
448,75,4.0
448,9390,4.0
448,2322,4.0
448,3179,4.0
448,9403,5.0
448,816,4.0
448,607,4.0
448,1669,4.0
448,10806,4.0
448,2118,4.0
448,9437,4.0
448,2255,4.5
448,9427,4.0
448,563,4.0
448,489,4.0
448,714,4.0
448,184,4.0
448,25719,4.0
448,2898,4.0
448,13907,4.0
448,11551,4.0
448,544,4.0
448,1051,5.0
448,1366,4.0
448,941,4.0
448,927,4.0
448,196,4.0
448,551,5.0
448,3170,4.0
448,346,5.0
448,19379,4.0
448,14140,4.0
448,9354,4.0
448,14013,4.0
448,10437,4.0
448,10693,4.0
448,11319,4.0
448,97,4.0
448,9442,4.0
448,11591,4.0
448,87,4.0
448,117,4.0
448,10220,4.0
448,12626,4.0
448,881,4.0
448,10403,5.0
448,30197,4.0
448,10663,4.0
448,9487,4.0
448,244,5.0
448,9336,4.5
448,200,4.0
448,10328,4.0
448,12151,4.0
448,9671,4.0
448,11873,4.0
448,5919,5.0
448,100,4.0
448,11374,4.0
448,6522,4.0
448,36685,4.0
448,817,4.5
448,15800,4.0
448,9032,4.0
448,9473,4.0
448,10208,4.0
448,620,5.0
448,9824,4.0
448,745,4.0
448,11353,4.0
448,9267,4.0
448,813,5.0
448,2280,4.0
448,12105,4.0
448,14,4.0
448,10398,4.0
448,15198,4.0
448,9346,4.0
448,9377,4.0
448,4929,4.0
448,658,4.5
448,657,4.5
448,646,4.0
448,391,5.0
448,550,4.0
448,36819,5.0
448,11562,4.0
448,5548,4.5
448,856,4.0
448,699,4.5
448,709,4.5
448,253,5.0
448,660,4.5
448,492,4.0
448,37094,4.0
448,11878,5.0
448,957,4.0
448,11886,4.0
448,1621,4.0
448,11498,4.0
448,1832,4.0
448,144953,4.0
448,9013,4.0
448,2924,4.0
448,863,5.0
448,10402,4.0
448,624,4.0
448,926,4.0
448,5924,4.0
448,2005,4.0
448,11087,4.0
448,8872,4.5
448,8873,4.0
448,11287,4.0
448,9869,4.0
448,10158,4.0
448,9605,4.0
448,2069,4.0
448,11004,4.0
448,14271,4.0
448,287,4.0
448,11176,4.0
448,14900,4.0
448,11899,4.0
448,8469,4.0
448,801,4.0
448,11520,4.0
448,840,4.0
448,17529,5.0
448,11327,4.0
448,11356,4.0
448,10747,5.0
448,1552,4.0
448,4967,4.0
448,11977,4.5
448,98,4.0
448,12518,4.0
448,9285,4.0
448,10569,4.0
448,691,4.0
448,682,4.5
448,11072,5.0
448,938,5.0
448,10246,5.0
448,2123,4.0
448,9873,4.5
448,36657,4.0
448,37136,5.0
448,37137,4.0
448,786,4.0
448,1597,4.0
448,641,4.0
448,71,4.0
448,9678,4.0
448,2609,4.0
448,11064,4.0
448,107,4.0
448,8358,4.0
448,90,5.0
448,2614,4.0
448,1547,4.0
448,10019,4.0
448,5257,4.0
448,77,4.0
448,111,4.5
448,9476,4.0
448,1406,5.0
448,13554,4.0
448,966,5.0
448,21876,4.0
448,11286,5.0
448,10141,4.0
448,1648,5.0
448,14550,4.0
448,9942,5.0
448,331,4.0
448,60276,4.0
448,249,4.0
448,2294,4.5
448,11576,5.0
448,984,4.0
448,141,4.0
448,585,4.0
448,3604,5.0
448,161,4.0
448,11938,4.0
448,120,4.0
448,855,4.0
448,150,4.0
448,651,4.0
448,39939,4.0
448,11006,4.0
448,21629,4.0
448,8346,4.0
448,12154,4.0
448,28384,4.0
448,557,4.0
448,15417,4.0
448,180,4.0
448,4147,4.0
448,818,4.0
448,19133,5.0
448,8764,4.0
448,11484,5.0
448,9357,4.0
448,10323,4.0
448,9595,4.0
448,1430,4.0
448,9012,4.0
448,17360,5.0
448,121,4.0
448,1429,4.0
448,3131,4.5
448,640,4.0
448,598,5.0
448,11949,4.0
448,13370,4.0
448,36658,4.0
448,30055,5.0
448,37662,4.0
448,11770,4.0
448,936,4.0
448,1584,4.0
448,24,4.0
448,10536,4.5
448,10147,4.0
448,5143,4.0
448,916,4.0
448,13912,4.5
448,37719,5.0
448,10744,4.0
448,616,4.0
448,122,4.5
448,11708,5.0
448,13913,4.5
448,11533,4.0
448,336,4.5
448,9472,4.0
448,11939,5.0
448,558,5.0
448,8699,4.0
448,747,4.0
448,3989,4.5
448,9675,4.0
448,9806,4.5
448,9550,4.0
448,70,4.5
448,2567,4.0
448,187,4.0
448,1640,4.0
448,953,4.0
448,9522,4.0
448,6957,4.0
448,65215,4.5
448,5236,4.5
448,254,4.0
448,2295,5.0
448,773,4.0
448,1666,4.0
448,12094,4.0
448,496,4.0
448,1422,4.0
448,3683,4.0
448,36557,4.5
448,13210,4.0
448,1251,4.0
448,4638,4.5
448,1949,4.0
448,35,4.0
448,5176,4.0
448,4982,4.0
448,8321,4.0
448,7343,4.0
448,8065,4.0
448,1726,4.0
448,10358,4.5
448,12163,4.0
448,15067,4.0
448,15472,4.0
448,12162,4.0
448,25376,4.0
448,28053,4.0
448,19908,4.0
448,10528,4.0
448,11324,4.0
448,23483,4.0
448,10193,5.0
448,27205,4.0
448,23631,4.0
448,37799,4.0
448,23168,4.0
448,43923,4.5
448,16290,4.0
448,45269,4.5
448,45317,4.0
448,44264,4.0
448,46829,4.0
448,50204,4.0
448,44896,4.0
448,58496,4.5
448,55721,4.0
448,49538,4.0
448,69798,4.0
448,39538,4.0
448,60308,4.0
448,74643,4.0
448,44826,4.0
448,65057,4.5
448,74465,4.0
448,65754,4.0
448,64688,4.5
448,72105,4.0
448,37724,4.0
448,77953,4.0
448,68734,4.0
448,113947,4.0
448,82693,4.0
448,97630,4.0
448,109410,4.0
448,109414,4.0
448,62211,4.0
448,107985,4.0
448,177699,4.0
448,49047,4.0
448,96721,4.0
448,129670,4.5
448,109424,4.5
448,208134,4.0
448,205220,4.5
448,106646,4.5
448,168672,4.0
448,140823,4.0
448,109443,4.0
448,137106,4.0
448,187017,4.0
448,244786,4.5
448,234200,4.0
448,190859,4.0
448,206487,4.0
448,239563,4.0
448,177572,4.0
448,293660,4.0
448,278990,5.0
448,286217,4.0
448,271718,4.0
448,150540,4.0
448,271714,4.0
448,214756,4.0
448,20051,4.5
448,315664,4.0
448,127380,4.0
448,223702,4.0
449,63,4.0
449,629,4.5
449,101,4.0
449,278,5.0
449,424,4.0
449,5925,4.0
449,73,4.5
449,11545,4.0
449,1542,4.5
449,14,4.0
449,550,4.5
449,10687,4.0
449,107,4.0
449,77,4.5
449,194,4.0
449,1430,4.5
450,197,5.0
450,103,4.0
450,11,5.0
450,9479,4.0
450,280,5.0
450,954,4.0
450,213,4.0
450,15121,4.0
450,252,4.0
450,510,5.0
450,185,5.0
450,235,4.0
450,578,5.0
450,9366,4.0
450,330,4.0
450,4995,5.0
450,9552,4.0
450,857,5.0
450,162,4.0
450,14,4.0
450,11230,5.0
450,9563,4.0
450,838,4.0
450,16535,4.0
450,9532,4.0
450,840,4.0
450,243,4.0
450,10559,5.0
450,1359,4.0
450,125537,4.0
450,8584,4.0
450,11072,4.0
450,2024,4.0
450,8843,4.0
450,10480,4.0
450,19348,4.0
450,1597,4.0
450,641,4.0
450,6521,4.0
450,2134,4.0
450,10647,4.0
450,12207,5.0
450,4327,4.0
451,862,5.0
451,949,4.0
451,4584,5.0
451,451,5.0
451,63,5.0
451,9283,4.0
451,9208,4.0
451,33542,5.0
451,11000,4.0
451,5503,4.0
451,274,5.0
451,275,5.0
451,954,4.0
451,10539,4.0
451,3065,4.0
451,8866,5.0
451,1645,5.0
451,10478,4.0
451,454,4.0
451,252,4.0
452,710,4.0
452,9312,4.0
452,807,5.0
452,10634,5.0
452,755,4.0
452,197,5.0
452,414,4.0
452,8068,4.0
452,10428,4.0
452,11,5.0
452,2164,5.0
452,1587,5.0
452,9495,5.0
452,13,5.0
452,1637,4.0
452,36955,5.0
452,9739,4.0
452,329,4.0
452,424,5.0
452,78,5.0
452,10057,5.0
452,280,5.0
452,268,5.0
452,275,5.0
452,954,5.0
452,664,4.0
452,602,5.0
452,238,5.0
452,562,4.0
452,623,5.0
452,500,5.0
452,402,4.0
452,601,5.0
452,744,4.0
452,2756,5.0
452,1103,5.0
452,762,5.0
452,1891,5.0
452,2493,5.0
452,85,5.0
452,679,5.0
452,185,5.0
452,1892,4.0
452,348,4.0
452,539,4.0
452,525,4.0
452,240,5.0
452,600,5.0
452,218,5.0
452,694,4.0
452,235,5.0
452,137,5.0
452,105,4.0
452,8009,5.0
452,89,4.0
452,1598,5.0
452,199,5.0
452,174,4.0
452,154,5.0
452,157,4.0
452,168,5.0
452,578,5.0
452,75,5.0
452,378,5.0
452,4232,5.0
452,816,5.0
452,18,4.0
452,754,5.0
452,607,4.0
452,686,5.0
452,9772,5.0
452,1669,4.0
452,10806,4.0
452,6623,5.0
452,2118,5.0
452,9437,5.0
452,9427,5.0
452,1813,4.0
452,782,5.0
452,10890,5.0
452,563,5.0
452,4824,5.0
452,4233,5.0
452,714,4.0
452,115,5.0
452,11808,5.0
452,9313,5.0
452,8838,4.0
452,8656,4.0
452,846,5.0
452,95,5.0
452,1366,4.0
452,2108,5.0
452,9552,5.0
452,941,4.0
452,9342,4.0
452,841,4.0
452,242,5.0
452,857,5.0
452,87,5.0
452,8688,5.0
452,805,5.0
452,36647,5.0
452,117,4.0
452,2109,5.0
452,8195,5.0
452,3600,5.0
452,9798,5.0
452,200,5.0
452,1934,5.0
452,9326,4.0
452,2112,5.0
452,1542,5.0
452,871,4.0
452,1705,4.0
452,1687,5.0
452,603,5.0
452,1946,4.0
452,564,5.0
452,1893,4.0
452,1924,4.0
452,3035,4.0
452,36685,5.0
452,17918,4.0
452,817,5.0
452,9473,5.0
452,2105,5.0
452,1073,5.0
452,2667,4.0
452,745,5.0
452,913,5.0
452,813,5.0
452,10307,4.0
452,11601,5.0
452,14,4.0
452,10669,5.0
452,861,4.0
452,9377,5.0
452,658,4.0
452,646,4.0
452,699,4.0
452,2668,4.0
452,36643,5.0
452,10998,5.0
452,2924,4.0
452,497,5.0
452,926,5.0
452,2990,5.0
452,11087,4.0
452,9869,4.0
452,4234,4.0
452,2069,5.0
452,1498,4.0
452,1880,5.0
452,106,5.0
452,11977,5.0
452,98,4.0
452,9285,5.0
452,955,5.0
452,865,5.0
452,9659,4.0
452,8810,5.0
452,9355,5.0
452,7443,5.0
452,2024,5.0
452,1788,4.0
452,36657,4.0
452,146,5.0
452,2609,5.0
452,107,5.0
452,392,5.0
452,8859,5.0
452,1493,5.0
452,134,5.0
452,90,4.0
452,1547,5.0
452,9740,4.0
452,111,4.0
452,9476,4.0
452,1995,5.0
452,9799,4.0
452,2114,4.0
452,1648,4.0
452,869,5.0
452,2770,5.0
452,2294,5.0
452,12103,4.0
452,984,5.0
452,167,4.0
452,10796,4.0
452,161,4.0
452,150,5.0
452,11590,5.0
452,296,4.5
453,862,5.0
453,63,5.0
453,9598,4.0
453,807,5.0
453,629,5.0
453,755,4.0
453,9614,4.0
453,197,5.0
453,33542,5.0
453,8068,4.0
453,1572,5.0
453,1909,5.0
453,8467,5.0
453,11,4.0
453,6950,4.0
453,680,5.0
453,11450,5.0
453,278,5.0
453,3049,4.0
453,13,5.0
453,712,5.0
453,8587,5.0
453,854,5.0
453,9359,5.0
453,36593,5.0
453,1637,4.0
453,36955,4.0
453,9350,4.0
453,5503,5.0
453,9255,5.0
453,329,4.0
453,8005,4.0
453,10442,4.0
453,10057,4.0
453,812,5.0
453,280,5.0
453,274,4.0
453,114,4.0
453,275,4.0
453,8866,4.0
453,9802,4.0
453,627,5.0
453,11543,4.0
453,9327,4.0
453,238,4.0
453,11134,5.0
453,864,5.0
453,562,5.0
453,11412,4.0
453,500,5.0
453,1630,4.0
453,762,5.0
453,409,4.0
453,1891,4.0
453,185,4.0
453,240,4.0
453,218,4.0
453,9322,5.0
453,137,5.0
453,639,5.0
453,7863,5.0
453,1573,5.0
453,75,4.0
453,9390,4.0
453,3179,5.0
453,1624,4.0
453,18,5.0
453,8874,5.0
453,754,5.0
453,607,4.0
453,10806,4.0
453,2118,4.0
453,10155,4.0
453,9427,4.0
453,782,4.0
453,1281,5.0
453,37165,5.0
453,8197,4.0
453,184,4.0
453,115,5.0
453,586,4.0
453,9490,5.0
453,2898,4.0
453,6970,4.0
453,9440,4.0
453,29193,4.0
453,9452,4.0
453,1878,4.0
453,1389,5.0
453,95,5.0
453,473,4.0
453,544,4.0
453,941,4.0
453,9342,4.0
453,196,5.0
453,857,4.0
453,10414,4.0
453,36647,4.0
453,8195,4.0
453,8916,5.0
453,2657,5.0
453,637,5.0
453,8675,4.0
453,73,4.0
453,10663,4.0
453,9487,4.0
453,10162,4.0
453,1934,5.0
453,9489,4.0
453,1542,5.0
453,9535,5.0
453,100,5.0
453,1641,4.0
453,603,5.0
453,4951,5.0
453,9430,5.0
453,18764,5.0
453,9451,4.0
453,564,4.0
453,1893,5.0
453,509,4.0
453,817,5.0
453,14283,4.0
453,104,4.0
453,9473,5.0
453,2105,5.0
453,9824,4.0
453,745,4.0
453,913,5.0
453,11353,4.0
453,10154,4.0
453,49184,4.0
453,14,5.0
453,10975,4.0
453,10974,4.0
453,6415,5.0
453,861,5.0
453,550,5.0
453,5548,4.0
453,492,5.0
453,9008,4.0
453,863,5.0
453,10402,4.0
453,1715,4.0
453,1850,4.0
453,926,5.0
453,10400,5.0
453,9644,4.0
453,20468,4.0
453,14521,5.0
453,10406,4.0
453,2005,5.0
453,6279,4.0
453,8872,5.0
453,8873,5.0
453,11287,4.0
453,2787,4.0
453,10416,5.0
453,49721,4.0
453,4967,4.0
453,10557,5.0
453,98,5.0
453,9285,4.0
453,10569,4.0
453,479,4.0
453,7443,5.0
453,2024,4.0
453,29946,4.0
453,4247,5.0
453,1050,5.0
453,23655,4.0
453,2655,4.0
453,12107,4.0
453,2360,4.0
453,37137,5.0
453,1588,4.0
453,786,4.0
453,16,4.0
453,1597,4.0
453,71,5.0
453,1636,4.0
453,12207,5.0
453,8452,4.0
453,146,5.0
453,107,5.0
453,392,5.0
453,8859,5.0
453,5001,4.0
453,8358,5.0
453,1493,4.0
453,134,5.0
453,21991,4.0
453,1900,5.0
453,6073,4.0
453,2749,5.0
453,62127,4.0
453,853,4.0
453,5257,4.0
453,77,5.0
453,2575,4.0
453,55,5.0
453,2043,4.0
453,634,5.0
453,1734,4.0
453,14268,4.0
453,808,5.0
453,824,5.0
453,676,4.0
453,25538,4.0
453,9705,4.0
453,8835,4.0
453,14776,4.0
453,5175,5.0
453,194,5.0
453,120,4.0
453,453,5.0
453,425,5.0
453,1391,4.0
453,8346,4.0
453,557,4.0
453,245,4.0
453,1894,4.0
453,2501,4.0
453,180,4.0
453,4147,4.0
453,2675,4.0
453,12454,4.0
453,672,4.0
453,8198,5.0
454,680,4.0
454,21588,4.0
454,567,5.0
454,500,4.0
454,539,4.5
454,343,5.0
454,829,4.0
454,13549,4.5
454,805,4.5
454,11545,4.5
454,14,5.0
454,11797,4.0
454,226,4.5
454,2291,4.5
454,641,4.0
454,16307,4.0
454,9428,4.5
454,598,4.0
454,24,4.5
454,827,5.0
454,9693,4.0
454,17431,4.0
455,9087,4.0
455,9598,4.0
455,2054,4.0
455,197,4.0
455,8963,4.0
455,9587,4.0
455,4476,4.0
455,11318,4.0
455,11450,4.0
455,278,5.0
455,9331,4.0
455,10731,4.0
455,13,5.0
455,712,4.0
455,1637,4.0
455,5503,4.0
455,713,4.0
455,424,5.0
455,858,4.0
455,251,5.0
455,581,4.0
455,274,5.0
455,114,4.0
456,862,5.0
456,9091,4.0
456,20927,4.0
456,9302,4.0
456,11000,4.0
456,11,5.0
456,25059,4.0
456,1592,4.0
456,10988,5.0
456,954,4.0
456,8840,4.0
456,10543,5.0
456,20762,4.0
456,9100,4.0
456,9802,5.0
456,602,5.0
456,10545,4.0
456,9268,4.0
456,9327,4.0
456,9294,4.0
456,3595,5.0
456,10218,4.0
456,38554,4.0
456,11674,5.0
456,9390,5.0
456,3179,4.0
456,4232,5.0
457,197,5.0
457,2292,5.0
457,11,5.0
457,193,4.0
457,9802,5.0
457,630,4.0
457,762,5.0
457,2493,5.0
457,105,4.0
457,154,5.0
457,157,4.0
457,168,4.0
457,10249,4.0
457,9837,4.0
457,2112,4.0
457,4951,4.0
457,104,4.0
457,2105,4.0
457,745,5.0
457,813,5.0
457,550,5.0
457,2039,4.0
457,98,5.0
457,9679,5.0
457,786,4.0
458,8844,4.0
458,710,4.0
458,8012,5.0
458,9263,5.0
458,9603,4.0
458,2054,5.0
458,9208,5.0
458,197,5.0
458,568,5.0
458,414,5.0
458,8963,5.0
458,1572,4.0
458,1642,5.0
458,18402,4.0
458,9560,5.0
458,22625,5.0
458,8984,5.0
458,397,4.0
458,11777,4.0
458,4476,4.0
458,8438,5.0
458,6950,5.0
458,680,4.0
458,2164,4.0
458,193,4.0
458,2064,5.0
458,9331,5.0
458,10731,4.0
458,13,5.0
458,8587,5.0
458,1637,5.0
458,11566,4.0
458,37233,5.0
458,5503,5.0
458,9386,5.0
458,329,5.0
458,858,5.0
458,10057,4.0
458,251,5.0
458,812,4.0
458,10020,5.0
458,114,4.0
458,664,4.0
458,6346,4.0
459,11,4.0
459,603,4.0
459,146,5.0
459,8358,4.0
459,585,4.5
459,557,4.0
459,129,5.0
459,672,4.0
459,12,5.0
459,673,4.5
459,9806,5.0
459,1124,5.0
459,2062,4.0
459,16869,4.5
459,14160,5.0
459,19995,5.0
459,11324,4.5
459,27205,4.5
459,82690,4.5
459,68718,5.0
459,284052,5.0
459,354912,5.0
460,862,4.5
460,568,4.5
460,278,5.0
460,13,4.5
460,686,5.0
460,489,4.0
460,1878,4.0
460,2108,4.0
460,13697,4.0
460,10162,4.0
460,603,4.5
460,745,4.5
460,550,4.5
460,863,4.0
460,98,5.0
460,2360,4.5
460,8358,4.5
460,808,4.0
460,10865,4.0
460,41951,4.0
460,141,4.5
460,585,4.0
460,161,4.0
460,120,5.0
460,453,5.0
460,2501,5.0
460,180,4.0
460,121,5.0
460,640,4.0
460,12,5.0
460,1088,4.5
460,170,5.0
460,22,4.0
460,616,5.0
460,587,4.0
460,122,5.0
460,16219,5.0
460,673,4.5
460,2502,4.0
460,9806,4.5
460,866,4.0
460,205,4.5
460,16320,5.0
460,674,4.0
460,752,4.0
460,388,4.5
460,1491,5.0
460,1422,4.0
460,1523,4.5
460,9693,5.0
460,1124,4.5
460,36557,4.0
460,4638,4.5
460,2270,4.0
460,7326,4.5
460,10681,5.0
460,12405,4.5
460,14301,4.5
460,14160,4.5
460,10528,4.5
460,10191,4.5
460,27205,4.5
460,23168,4.0
460,37735,4.5
460,55420,4.5
461,11472,4.0
461,278,4.5
461,13,5.0
461,858,4.0
461,251,4.0
461,274,4.0
461,769,4.0
461,207,4.5
461,235,4.0
461,489,4.0
461,2898,4.5
461,745,4.0
461,497,4.0
461,11324,4.0
461,68718,4.5
461,106646,5.0
462,8012,4.0
462,807,4.0
462,103,5.0
462,2074,4.0
462,26564,4.0
462,2292,4.0
462,1024,5.0
462,11,4.0
462,278,4.0
462,695,4.5
462,11446,4.0
462,935,4.5
462,238,5.0
462,567,4.0
462,213,4.0
462,289,4.0
462,630,4.0
462,15,4.5
462,1585,4.0
462,623,4.0
462,583,5.0
462,792,4.0
462,762,4.5
462,14285,4.5
462,769,4.5
462,539,4.5
462,240,4.5
462,1578,5.0
462,703,4.5
462,387,4.0
462,218,4.0
462,763,5.0
462,379,4.0
462,37247,5.0
462,1480,4.0
462,829,5.0
462,235,4.0
462,765,4.0
462,11778,4.5
462,982,4.5
462,903,5.0
462,3034,4.5
462,288,4.5
462,665,4.0
462,10322,4.5
462,17204,4.5
462,621,4.0
462,378,4.0
462,607,4.0
462,2118,4.0
462,33344,4.0
462,563,5.0
462,37165,4.0
462,3116,5.0
462,1366,5.0
462,2108,4.0
462,1779,4.5
462,793,4.5
462,10692,4.0
462,845,4.0
462,12626,4.0
462,10403,4.0
462,10683,5.0
462,19426,4.0
462,692,4.0
462,2362,4.0
462,9451,4.5
462,11779,4.5
462,15800,4.5
462,3175,4.5
462,32060,4.0
462,9267,4.5
462,813,4.0
462,10669,4.0
462,11562,4.5
462,5548,4.5
462,9008,4.0
462,1694,4.5
462,11040,5.0
462,21849,4.5
462,5156,4.5
462,624,4.5
462,28216,4.5
462,14886,4.0
462,1883,4.0
462,968,4.5
462,27995,4.0
462,925,4.0
462,990,5.0
462,10774,4.0
462,11368,5.0
462,865,4.5
462,36657,4.0
462,13783,4.0
462,34045,4.5
462,764,4.5
462,32686,4.0
462,38718,4.5
462,976,4.0
462,27813,4.0
462,742,4.5
462,14267,4.5
462,8342,4.0
462,120,4.5
462,38880,4.5
462,27930,4.0
462,26851,4.0
462,1430,4.5
462,11646,4.5
462,42124,4.0
462,121,4.0
462,16993,4.0
462,28528,4.0
462,8996,4.5
462,2260,5.0
462,290,4.0
462,22,4.0
462,833,5.0
462,26755,4.5
462,2771,4.5
462,20303,4.0
462,891,4.0
462,8439,4.5
462,33222,4.0
462,50314,5.0
462,9556,4.0
462,122,4.5
462,12698,4.0
462,923,4.0
462,10843,4.0
462,34328,4.0
462,11659,4.5
462,203,5.0
462,36947,4.0
462,3989,4.5
462,9675,4.0
462,18889,4.0
462,17295,5.0
462,3870,4.5
462,33138,4.5
462,16184,4.5
462,11420,4.0
462,13372,4.0
462,9470,4.0
462,30856,4.0
462,17592,5.0
462,1444,4.0
462,10700,4.0
462,10707,4.0
462,142,4.5
462,582,4.5
462,7870,4.0
462,15383,4.5
462,496,4.0
462,9693,4.0
462,13377,4.0
462,36676,4.0
462,2359,4.0
462,30365,4.0
462,2011,4.0
462,13362,4.0
462,12172,4.0
462,14048,4.5
462,8885,4.0
462,4944,4.5
462,8882,4.5
462,12163,4.0
462,18094,4.0
462,22947,4.5
462,25196,4.0
462,21575,5.0
462,11439,4.5
462,23048,4.0
462,39452,4.0
462,39013,4.5
462,42296,4.5
462,44639,4.0
462,45317,4.5
462,50071,4.5
462,52013,5.0
462,61791,4.0
462,55244,4.5
462,60243,5.0
462,65057,4.5
462,84334,4.0
462,123678,5.0
462,159014,4.5
462,157354,4.0
462,138832,4.0
462,157360,4.5
462,109424,4.0
462,146015,4.0
462,197082,4.5
462,119450,4.0
462,245706,4.0
462,310593,4.0
462,314365,4.5
462,312221,4.5
462,26702,4.0
462,148184,5.0
462,334533,4.5
462,340611,5.0
462,376867,5.0
462,329865,4.0
462,407806,4.5
462,411019,5.0
462,419430,5.0
462,339403,4.5
462,353575,4.0
462,432987,4.0
462,121870,4.5
462,458737,4.0
462,490003,5.0
462,424781,4.5
463,197,4.5
463,680,4.0
463,13,4.0
463,8005,4.0
463,424,4.0
463,240,4.5
463,8077,4.0
463,1701,4.5
463,8078,4.0
463,346,4.0
463,857,4.5
463,2024,4.0
463,853,4.0
463,855,4.0
463,1894,4.0
463,121,5.0
463,122,5.0
463,10677,4.0
463,1830,4.5
464,524,4.5
464,11517,4.0
464,451,4.0
464,9909,4.0
464,807,5.0
464,197,5.0
464,1572,5.0
464,4954,4.0
464,11,5.0
464,4476,4.0
464,101,5.0
464,680,4.5
464,278,5.0
464,13,5.0
464,9359,4.5
464,1637,4.0
464,329,4.0
464,424,4.5
464,280,5.0
464,581,5.0
464,274,5.0
464,114,4.5
464,238,5.0
464,562,5.0
464,601,4.0
464,744,4.5
464,1891,5.0
464,1892,5.0
464,769,4.5
464,240,5.0
464,600,5.0
464,218,4.0
464,9390,4.5
464,1701,4.0
464,1669,5.0
464,2118,5.0
464,2649,5.0
464,782,4.0
464,4824,4.0
464,489,4.0
464,795,4.0
464,841,4.5
464,857,4.5
464,73,5.0
464,603,5.0
464,745,5.0
464,14,4.0
464,550,5.0
464,293,5.0
464,820,5.0
464,98,5.0
464,9741,4.0
464,107,4.5
464,8358,5.0
464,77,4.0
464,676,4.0
464,161,4.0
464,120,5.0
464,6312,5.0
464,557,4.0
464,121,5.0
464,640,5.0
464,423,4.0
464,605,4.0
464,9319,4.0
464,122,5.0
464,652,5.0
464,11864,4.5
464,163,4.5
464,613,4.0
464,1895,5.0
464,582,4.0
464,1422,4.0
464,3563,4.0
464,13483,4.0
464,12192,4.0
464,12113,4.5
464,6972,4.0
464,10202,4.0
464,19995,5.0
464,20871,5.0
464,27205,5.0
465,103,5.0
465,8512,4.0
465,9331,4.0
465,13,5.0
465,37233,4.0
465,5503,4.0
465,9386,4.0
465,424,5.0
465,78,5.0
465,274,5.0
465,275,5.0
465,935,5.0
465,567,5.0
465,213,5.0
465,289,5.0
465,62,5.0
465,303,5.0
465,381,5.0
465,488,5.0
465,562,4.0
465,500,5.0
465,792,4.0
465,402,4.0
465,18129,4.0
465,409,5.0
465,679,5.0
465,28,5.0
465,1892,4.0
465,348,5.0
465,10835,5.0
465,539,5.0
465,218,4.0
465,829,5.0
465,3063,4.0
465,982,5.0
465,212,5.0
465,11202,5.0
465,625,5.0
465,1598,4.0
465,11349,5.0
465,1573,4.0
465,2163,4.0
465,9772,4.0
465,1669,4.0
465,2118,5.0
465,2649,4.0
465,782,4.0
465,45609,4.0
465,2666,4.0
465,9411,4.0
465,11702,4.0
465,30949,4.0
465,29193,5.0
465,11426,4.0
465,12101,4.0
465,857,5.0
465,907,5.0
465,6471,4.0
465,9442,4.0
465,1580,4.0
465,8195,4.0
465,9798,4.0
465,8741,4.0
465,2362,4.0
465,603,4.0
465,1073,4.0
465,745,5.0
465,913,4.0
465,11963,4.0
465,10669,4.0
465,861,4.0
465,17352,4.0
465,1654,4.0
465,391,4.0
465,856,4.0
465,10998,4.0
465,9869,4.0
465,11016,5.0
465,801,5.0
465,10083,4.0
465,10518,5.0
465,2768,4.0
465,10911,4.0
465,11072,5.0
465,938,4.0
465,10648,4.0
465,2075,4.0
465,865,4.0
465,9663,4.0
465,9659,4.0
465,8810,4.0
465,635,4.0
465,10264,5.0
465,31657,4.0
465,12611,4.0
465,9040,4.0
465,6978,4.0
465,651,5.0
466,13,5.0
466,603,4.0
466,550,4.0
466,9532,4.0
466,98,4.0
466,36657,4.0
466,6282,4.5
466,8358,4.5
466,1734,4.0
466,1995,4.0
466,2770,4.0
466,671,5.0
466,161,5.0
466,120,4.0
466,2501,4.0
466,608,4.0
466,672,5.0
466,121,4.0
466,455,4.0
466,1817,4.0
466,310,4.0
466,22,4.0
466,605,4.0
466,122,4.0
466,1954,4.5
466,1824,4.0
466,435,4.5
466,673,4.5
466,594,4.5
466,2048,4.0
466,2502,4.0
466,176,4.0
466,787,4.0
466,9738,4.0
466,674,4.5
466,411,4.0
466,591,4.0
466,350,4.5
466,58,4.5
466,773,4.5
466,1402,5.0
466,1372,4.0
466,2062,4.5
466,285,4.0
466,298,4.5
466,675,4.5
466,2503,4.0
466,5915,4.5
466,6479,4.5
466,7191,4.0
466,1726,4.0
466,9502,4.5
466,10681,4.5
466,13053,4.0
466,11321,5.0
466,13475,4.0
466,14160,5.0
466,18785,4.0
466,767,4.5
466,10528,4.5
466,11324,4.5
466,10191,4.5
466,10138,4.0
466,20352,4.5
466,27205,4.0
466,12444,4.5
466,45269,4.0
466,49444,4.0
466,12445,4.5
466,77338,4.5
466,49051,4.0
466,157336,4.0
466,137113,5.0
466,82702,4.0
466,205596,4.5
467,31174,4.0
467,11010,5.0
467,41580,4.0
467,424,5.0
467,409,5.0
467,387,5.0
467,7863,4.0
467,12709,4.0
467,597,4.0
467,857,4.0
467,637,5.0
467,8545,5.0
467,9524,4.0
468,862,4.0
468,63,4.0
468,9603,5.0
468,807,5.0
468,197,4.0
468,568,5.0
468,8984,4.0
468,628,4.0
468,4476,4.0
468,6950,4.0
468,11450,4.0
468,36955,4.0
468,581,5.0
468,10020,5.0
469,862,4.0
469,902,4.0
469,63,5.0
469,577,4.0
469,807,4.0
469,629,4.0
469,2086,4.0
469,197,5.0
469,103,5.0
469,11,4.0
469,101,4.0
469,680,5.0
469,278,5.0
469,36955,4.0
469,9571,5.0
469,18551,4.0
469,11934,5.0
469,424,4.0
469,14291,5.0
469,78,5.0
469,10442,4.0
469,9479,4.0
469,319,5.0
469,280,4.0
469,581,4.0
469,274,4.0
469,275,5.0
469,10547,4.0
469,935,5.0
469,238,5.0
469,981,4.0
469,426,5.0
469,567,5.0
469,213,5.0
469,284,5.0
469,289,5.0
469,630,4.0
469,15,5.0
469,62,5.0
469,705,4.0
469,303,4.0
469,381,4.0
469,3598,4.0
469,433,4.0
469,562,4.0
469,252,5.0
469,11302,4.0
469,623,5.0
469,583,5.0
469,21711,4.0
469,521,4.0
469,500,5.0
469,792,4.0
469,601,4.0
469,702,5.0
469,2756,5.0
469,1103,4.0
469,762,5.0
469,975,5.0
469,18129,4.0
469,510,5.0
469,1891,5.0
469,2493,5.0
469,85,4.0
469,68,5.0
469,679,4.0
469,429,5.0
469,947,4.0
469,185,5.0
469,595,4.0
469,28,5.0
469,1092,5.0
469,769,4.0
469,348,5.0
469,539,4.0
469,525,4.0
469,240,5.0
469,600,5.0
469,279,5.0
469,311,5.0
469,1578,5.0
469,703,5.0
469,9549,4.0
469,387,4.0
469,9277,4.0
469,343,5.0
469,490,4.0
469,11235,5.0
469,218,4.0
469,18971,5.0
469,696,5.0
469,1480,5.0
469,826,4.0
469,829,5.0
469,13667,4.0
469,694,5.0
469,235,5.0
469,832,4.0
469,765,4.0
469,5925,5.0
469,11778,4.0
469,137,5.0
469,982,5.0
469,212,4.0
469,149,4.0
469,8009,5.0
469,903,4.0
469,3034,4.0
469,665,5.0
469,11031,4.0
469,10322,5.0
469,625,4.0
469,983,4.0
469,642,4.0
469,639,4.0
469,571,5.0
469,653,4.0
469,12498,4.0
469,154,4.0
469,157,4.0
469,364,4.0
469,578,5.0
469,378,5.0
469,638,4.0
469,9434,4.0
469,18,5.0
469,686,5.0
469,9387,4.0
469,2118,5.0
469,2649,4.0
469,782,5.0
469,9281,4.0
469,10217,5.0
469,115,5.0
469,9411,4.0
469,2898,4.0
469,8656,4.0
469,1878,5.0
469,473,4.0
469,10513,4.0
469,34106,5.0
469,654,5.0
469,10633,4.0
469,3116,5.0
469,1051,5.0
469,1366,4.0
469,16619,5.0
469,13820,4.0
469,2108,5.0
469,9552,5.0
469,941,4.0
469,841,4.0
469,857,4.0
469,9570,4.0
469,10849,4.0
469,9325,5.0
469,10144,4.0
469,97,4.0
469,9442,4.0
469,9314,4.0
469,396,4.0
469,11976,4.0
469,15144,4.0
469,8393,4.0
469,805,4.0
469,845,5.0
469,117,5.0
469,13321,5.0
469,21734,5.0
469,31997,4.0
469,12626,4.0
469,11597,4.0
469,2109,4.0
469,8195,5.0
469,1091,5.0
469,10403,4.0
469,30197,4.0
469,10377,4.0
469,4437,4.0
469,1955,4.0
469,12223,4.0
469,9798,4.0
469,10223,5.0
469,200,4.0
469,11545,4.0
469,1934,4.0
469,1368,4.0
469,10328,4.0
469,10015,5.0
469,1542,5.0
469,5919,4.0
469,871,4.0
469,11772,5.0
469,603,4.0
469,9451,4.0
469,8536,4.0
469,620,4.0
469,247,4.0
469,802,4.0
469,147,4.0
469,745,5.0
469,12185,4.0
469,9267,5.0
469,11153,4.0
469,850,5.0
469,14,5.0
469,10669,5.0
469,11527,5.0
469,9638,5.0
469,861,4.0
469,9377,4.0
469,11901,4.0
469,658,4.0
469,391,4.0
469,404,4.0
469,36819,5.0
469,11562,4.0
469,253,4.0
469,492,5.0
469,37094,5.0
469,961,5.0
469,11040,5.0
469,24226,5.0
469,11379,4.0
469,2039,4.0
469,596,4.0
469,9013,4.0
469,177,5.0
469,497,5.0
469,25188,5.0
469,334,4.0
469,14886,4.0
469,26617,5.0
469,14741,5.0
469,8872,4.0
469,12186,5.0
469,968,4.0
469,838,4.0
469,8333,4.0
469,11176,4.0
469,1541,4.0
469,29143,4.0
469,3082,4.0
469,1908,4.0
469,840,4.0
469,243,4.0
469,1700,4.0
469,593,4.0
469,10774,4.0
469,11356,5.0
469,10747,4.0
469,11977,5.0
469,668,4.0
469,11072,4.0
469,938,5.0
469,11368,5.0
469,2075,4.0
469,9663,4.0
469,592,5.0
469,1052,4.0
469,93,4.0
469,10276,4.0
469,15867,5.0
469,28043,4.0
469,651,4.0
469,3009,5.0
470,862,4.0
470,10858,4.0
470,9598,4.0
470,687,4.0
470,197,5.0
470,414,4.0
470,4476,4.0
470,6950,5.0
470,11450,4.0
470,278,4.0
470,193,4.0
470,2064,4.0
470,9331,4.0
470,13,5.0
470,712,4.0
470,8587,4.0
470,854,4.0
470,1637,4.0
470,36955,5.0
470,2758,4.0
470,5503,4.0
470,329,5.0
470,2320,4.0
470,788,4.0
470,1245,4.0
470,424,5.0
470,858,4.0
470,251,5.0
470,280,5.0
470,581,4.0
470,114,4.0
470,664,4.0
470,252,4.0
471,862,5.0
471,680,4.0
471,424,4.5
471,637,5.0
471,550,4.0
471,585,4.0
471,194,4.0
471,598,4.0
471,12,4.0
471,587,4.0
471,10681,4.5
471,16869,4.0
471,10193,4.5
471,27205,4.0
471,22538,5.0
471,77338,4.5
471,334533,4.5
471,263115,4.5
472,629,5.0
472,278,5.0
472,7095,4.0
472,238,5.0
472,510,4.5
472,240,5.0
472,11831,4.0
472,1965,4.0
472,5825,4.5
472,10312,4.0
472,10307,4.0
472,293,4.5
472,10400,4.0
472,14181,4.0
472,287,4.0
472,11520,4.5
472,120,4.0
472,121,4.0
472,122,4.0
472,1422,5.0
472,155,5.0
472,49026,5.0
472,1930,5.0
473,101,4.0
473,278,5.0
473,73,4.5
473,6396,4.0
473,550,4.0
473,786,5.0
473,9081,4.0
473,141,4.0
473,1903,4.0
473,9428,4.5
473,587,4.0
473,38,5.0
473,176,4.0
473,3509,4.0
473,421,4.5
473,340,4.0
473,773,4.5
473,300,4.0
474,862,4.0
474,524,4.0
474,4584,5.0
474,8012,4.0
474,17015,4.5
474,63,4.0
474,9598,4.5
474,687,5.0
474,577,4.0
474,807,4.0
474,629,4.0
474,11448,4.0
474,103,4.0
474,568,4.5
474,5967,4.5
474,22625,4.0
474,10451,4.0
474,522,4.0
474,14275,4.0
474,1024,4.0
474,13701,4.0
474,11,4.0
474,9587,4.0
474,19101,4.0
474,680,4.0
474,11450,4.0
474,108,4.5
474,109,4.0
474,278,5.0
474,193,4.0
474,1587,4.0
474,8587,4.5
474,1637,4.0
474,36955,4.0
474,10436,4.0
474,11566,4.5
474,37233,4.0
474,5503,5.0
474,7984,4.0
474,329,4.5
474,11971,5.0
474,1245,5.0
474,424,5.0
474,14291,4.0
474,10445,5.0
474,695,4.0
474,858,4.5
474,10442,4.5
474,11446,4.0
474,812,4.0
474,280,4.0
474,268,4.0
474,274,4.5
474,10020,5.0
474,114,4.0
474,275,4.0
474,896,4.5
474,8866,4.5
474,503475,4.0
474,9802,4.0
474,532,4.0
474,935,4.5
474,627,4.0
474,602,4.0
474,238,5.0
474,981,4.0
474,872,4.0
474,426,4.5
474,567,4.0
474,3078,5.0
474,13528,5.0
474,284,4.0
474,239,4.0
474,289,5.0
474,963,4.0
474,11113,4.5
474,6620,4.0
474,804,4.0
474,630,4.5
474,599,4.0
474,15,4.5
474,62,4.0
474,705,4.5
474,22490,4.0
474,223,5.0
474,303,4.0
474,1859,4.0
474,3598,4.0
474,3080,4.5
474,1712,4.0
474,3529,4.0
474,3085,4.5
474,3083,4.5
474,900,4.0
474,43795,4.0
474,260,4.0
474,10331,4.0
474,488,5.0
474,11076,4.0
474,11224,4.0
474,10948,4.5
474,15121,5.0
474,11159,4.5
474,9591,4.5
474,454,4.5
474,31530,4.0
474,623,4.5
474,521,4.0
474,500,4.0
474,601,4.0
474,221,4.0
474,702,4.0
474,11816,4.0
474,762,4.5
474,531,4.0
474,10608,4.0
474,26561,5.0
474,10161,4.0
474,41768,4.0
474,10409,5.0
474,14285,4.0
474,1891,5.0
474,2493,4.5
474,85,4.0
474,389,4.0
474,947,4.0
474,595,4.0
474,1892,4.0
474,1092,4.0
474,348,4.0
474,11645,4.0
474,539,4.5
474,240,5.0
474,600,4.0
474,530,4.5
474,10705,4.0
474,279,4.5
474,703,4.0
474,9549,4.0
474,9277,4.0
474,343,4.0
474,218,4.0
474,9665,4.5
474,18971,4.0
474,207,4.5
474,37247,5.0
474,826,4.0
474,829,4.0
474,828,4.0
474,3090,4.5
474,694,4.0
474,235,4.0
474,832,4.0
474,5925,4.0
474,33,4.0
474,982,4.0
474,105,4.5
474,11202,4.0
474,3034,4.0
474,914,4.0
474,2640,4.0
474,11031,4.0
474,89,4.0
474,10322,4.0
474,783,4.0
474,11257,4.0
474,983,4.0
474,639,5.0
474,571,4.5
474,1598,4.5
474,11349,4.5
474,794,4.0
474,25189,4.5
474,145,4.5
474,199,5.0
474,12498,4.5
474,20539,4.0
474,174,4.5
474,154,4.0
474,168,4.0
474,621,4.0
474,578,4.5
474,9390,4.5
474,378,4.5
474,2322,4.0
474,4232,4.0
474,9361,4.0
474,10549,4.0
474,18451,4.5
474,55146,4.0
474,16448,4.0
474,9366,4.0
474,50512,4.0
474,9434,4.0
474,11239,4.0
474,38523,4.0
474,8874,4.0
474,754,4.5
474,607,4.5
474,1669,4.0
474,2118,5.0
474,2649,4.0
474,68924,4.0
474,45019,4.0
474,782,4.5
474,9281,4.0
474,10215,4.0
474,37165,4.5
474,45609,4.5
474,4233,4.0
474,10217,4.0
474,597,4.0
474,2666,4.0
474,11003,4.5
474,21736,4.0
474,29193,4.0
474,312,4.5
474,32284,4.0
474,846,4.5
474,1389,4.0
474,11020,4.0
474,473,4.0
474,12311,4.0
474,28580,4.0
474,33667,4.0
474,654,4.0
474,1725,5.0
474,17917,4.0
474,3116,4.0
474,1051,4.0
474,1366,4.0
474,12102,4.5
474,9443,5.0
474,606,4.0
474,746,4.0
474,380,4.0
474,403,4.0
474,609,4.0
474,9552,4.0
474,9342,4.0
474,346,4.0
474,859,4.0
474,11051,4.0
474,9354,4.0
474,9631,4.0
474,1779,4.0
474,678,4.0
474,42121,4.0
474,793,4.0
474,9325,4.0
474,10340,4.0
474,12230,4.0
474,2619,4.0
474,2107,4.0
474,227,4.0
474,11336,4.0
474,11704,4.0
474,11522,4.0
474,805,4.0
474,41469,5.0
474,22527,4.0
474,30159,4.0
474,845,4.5
474,117,4.0
474,13321,4.5
474,21734,4.0
474,11462,4.5
474,940,4.0
474,12626,4.5
474,2028,5.0
474,881,4.0
474,162,4.5
474,28134,5.0
474,30197,4.5
474,9821,4.0
474,1955,4.5
474,637,5.0
474,73,4.0
474,9882,4.0
474,4518,4.0
474,9487,4.0
474,666,4.5
474,10223,4.0
474,9837,5.0
474,1934,4.0
474,1885,4.0
474,9489,5.0
474,46992,4.0
474,20595,4.0
474,1542,4.0
474,871,4.0
474,11772,4.0
474,16520,5.0
474,603,4.5
474,11660,4.0
474,11355,4.0
474,9465,4.0
474,1946,4.0
474,3309,4.0
474,1893,4.0
474,1924,4.0
474,8536,4.0
474,11549,4.0
474,104,4.0
474,15800,4.0
474,2667,4.0
474,345,4.0
474,620,4.5
474,9824,4.5
474,247,4.5
474,967,4.0
474,11416,5.0
474,10386,4.0
474,745,5.0
474,813,4.0
474,2280,4.0
474,39780,4.5
474,850,4.0
474,704,4.0
474,10669,4.0
474,11527,4.0
474,9377,4.0
474,11541,4.0
474,851,4.0
474,3086,4.0
474,32255,4.5
474,3767,4.0
474,17352,4.0
474,8052,4.0
474,550,4.0
474,404,4.0
474,42196,4.0
474,36819,4.0
474,856,4.0
474,128,4.0
474,9008,4.0
474,28145,4.0
474,11878,4.0
474,11040,4.0
474,21849,4.0
474,1621,4.0
474,11498,5.0
474,1832,4.0
474,2039,5.0
474,596,4.5
474,20334,4.0
474,10998,4.0
474,13681,4.0
474,863,4.0
474,31582,4.0
474,20024,4.0
474,21887,4.0
474,497,4.0
474,25188,4.0
474,334,5.0
474,1850,4.0
474,926,4.0
474,1213,5.0
474,12524,4.5
474,28216,4.0
474,35119,4.0
474,1883,4.0
474,8293,4.5
474,4234,4.0
474,28978,4.5
474,901,4.5
474,10098,4.0
474,11004,4.0
474,28569,4.0
474,24481,4.0
474,29478,4.0
474,8333,4.0
474,820,4.0
474,462,4.0
474,925,4.0
474,996,4.0
474,36652,4.0
474,1879,4.5
474,9960,4.0
474,3082,4.5
474,25673,4.0
474,243,5.0
474,879,4.0
474,11327,4.0
474,10774,4.0
474,2621,4.5
474,49721,4.0
474,1552,4.0
474,4967,4.5
474,10242,4.0
474,16347,4.5
474,4825,5.0
474,1443,4.0
474,15723,4.5
474,5683,4.0
474,962,4.0
474,30588,4.0
474,13368,4.5
474,10264,4.0
474,592,4.0
474,9040,4.0
474,36657,4.5
474,93,4.0
474,13783,4.0
474,29263,4.0
474,27452,4.0
474,15665,4.0
474,786,4.5
474,16,4.0
474,13785,4.5
474,10787,4.0
474,641,4.0
474,71,4.0
474,14295,4.5
474,9741,4.5
474,146,4.0
474,10673,4.0
474,711,4.0
474,134,4.0
474,21991,4.5
474,1900,4.5
474,43258,4.0
474,47943,4.0
474,52780,4.0
474,48217,4.5
474,25208,4.0
474,95682,4.0
474,19490,4.0
474,22013,4.0
474,15598,4.0
474,38718,4.0
474,26580,4.0
474,77,5.0
474,10054,4.0
474,634,4.5
474,52654,4.0
474,32488,4.0
474,40842,4.0
474,808,4.5
474,11896,4.0
474,29937,4.0
474,10653,4.0
474,9576,4.0
474,644,4.5
474,9301,4.0
474,8835,4.0
474,11371,4.0
474,10868,4.0
474,27397,5.0
474,18197,4.5
474,8740,4.0
474,1648,4.5
474,1548,4.0
474,11959,4.0
474,16307,4.0
474,11521,4.0
474,43802,4.0
474,12502,4.0
474,9778,4.0
474,16769,4.0
474,14811,4.0
474,141,4.5
474,10778,4.0
474,671,4.5
474,1433,4.0
474,32847,4.0
474,161,4.0
474,228,4.0
474,194,5.0
474,9428,4.0
474,1649,4.0
474,120,5.0
474,37257,4.0
474,10269,4.0
474,1365,4.0
474,18317,5.0
474,11362,4.0
474,32499,4.0
474,480,4.0
474,38880,4.0
474,4547,4.0
474,548,4.0
474,12149,4.0
474,557,4.5
474,245,5.0
474,4012,4.5
474,53229,4.0
474,15677,4.0
474,180,4.5
474,9555,4.5
474,50035,4.0
474,20324,4.5
474,29047,4.5
474,2675,4.5
474,9962,4.5
474,30072,4.0
474,9357,4.0
474,9685,4.0
474,19049,4.0
474,32961,4.0
474,129,4.5
474,54714,4.0
474,4107,4.0
474,10575,4.0
474,19140,4.0
474,1430,4.0
474,8051,4.5
474,15192,4.0
474,30309,4.5
474,12477,4.5
474,11646,4.5
474,1360,4.0
474,19662,4.0
474,10712,4.5
474,672,4.5
474,30192,4.0
474,8198,4.0
474,64,4.0
474,121,5.0
474,1429,4.0
474,8392,4.0
474,640,4.0
474,1574,4.0
474,29339,4.0
474,423,4.5
474,598,4.0
474,34148,4.0
474,9045,4.0
474,15600,4.0
474,11949,4.0
474,12112,4.5
474,33364,4.0
474,59401,4.0
474,4952,4.0
474,105024,4.0
474,21867,5.0
474,455,4.0
474,23159,4.0
474,15347,4.0
474,14675,4.5
474,51927,4.5
474,7294,4.0
474,12093,4.0
474,13370,4.0
474,1714,4.5
474,16636,4.0
474,36658,5.0
474,46989,4.0
474,10515,4.0
474,10720,4.0
474,12,4.0
474,2260,4.5
474,1088,5.0
474,21027,4.0
474,41791,4.5
474,170,4.5
474,52758,4.5
474,17920,4.5
474,3472,4.0
474,8094,4.0
474,26195,4.0
474,2771,4.5
474,11898,4.0
474,3782,4.0
474,5653,4.0
474,19666,4.5
474,16563,4.5
474,891,4.0
474,11832,5.0
474,9871,4.0
474,3087,4.0
474,2056,4.0
474,24,4.0
474,1550,4.5
474,1807,4.0
474,10389,4.0
474,897,4.0
474,13537,4.5
474,10719,4.0
474,21525,4.0
474,30068,4.5
474,860,4.0
474,48035,4.0
474,17831,4.0
474,780,4.5
474,5143,4.0
474,3112,4.5
474,31798,4.0
474,20325,4.0
474,17641,4.0
474,27972,4.0
474,898,4.0
474,648,4.0
474,3089,4.0
474,15927,4.0
474,79,4.0
474,25431,5.0
474,10511,4.0
474,22289,4.0
474,122,5.0
474,12698,4.0
474,11093,4.5
474,504,4.0
474,2289,4.0
474,23567,4.0
474,16227,4.0
474,16933,4.0
474,405,4.5
474,11194,4.0
474,11023,4.0
474,615,4.0
474,338,4.0
474,38,4.5
474,553,4.5
474,25300,4.0
474,393,4.5
474,33823,4.0
474,10625,4.5
474,68440,4.0
474,28285,4.0
474,502,4.0
474,20561,4.0
474,26976,4.5
474,20640,4.0
474,13936,4.0
474,1162,4.0
474,10940,4.0
474,204,4.0
474,33575,4.0
474,25508,4.0
474,18978,4.0
474,25736,4.0
474,3777,4.0
474,1926,4.0
474,14588,4.0
474,14273,4.0
474,11030,4.0
474,10775,4.0
474,12762,4.0
474,14108,4.0
474,12205,4.0
474,631,4.0
474,16905,4.0
474,22522,4.0
474,4909,4.0
474,28257,4.0
474,22596,5.0
474,26319,4.0
474,10178,4.0
474,16391,4.0
474,809,4.0
474,13193,4.0
474,673,5.0
474,8193,4.0
474,80708,4.0
474,62000,4.0
474,9372,4.0
474,136,4.0
474,8981,4.0
474,13398,4.0
474,1777,4.0
474,558,5.0
474,80,4.0
474,436,4.0
474,5179,4.0
474,401,4.0
474,14389,4.0
474,20120,4.0
474,747,4.0
474,84214,4.0
474,11177,4.0
474,14337,4.0
474,1435,4.0
474,9675,4.0
474,4553,4.0
474,11109,4.0
474,1677,4.0
474,9806,4.0
474,866,4.0
474,174787,4.0
474,9550,4.0
474,18889,4.0
474,992,4.0
474,42359,4.0
474,1405,4.0
474,939,4.0
474,25768,4.5
474,14615,4.5
474,43864,4.0
474,16274,4.0
474,17801,4.0
474,22387,4.5
474,41391,4.0
474,45578,4.0
474,10299,4.0
474,13187,4.5
474,16859,4.0
474,20562,4.0
474,15370,4.0
474,13373,4.0
474,1114,4.0
474,11190,4.0
474,12281,4.5
474,1392,4.0
474,291,4.0
474,70,4.0
474,205,4.5
474,118,4.0
474,2567,4.0
474,9692,4.5
474,1901,4.5
474,11162,4.5
474,43442,4.0
474,16442,4.0
474,2517,4.0
474,4935,4.0
474,19765,4.0
474,17592,4.5
474,17113,4.0
474,1640,4.0
474,1895,4.5
474,921,4.0
474,42719,4.0
474,16320,4.5
474,308,4.0
474,1444,4.0
474,501,4.0
474,1985,4.0
474,3933,4.0
474,59,4.0
474,398,4.5
474,533,4.5
474,10707,4.0
474,142,4.0
474,9701,4.0
474,3291,4.0
474,1951,4.0
474,9392,4.0
474,674,5.0
474,69,4.0
474,67,4.0
474,411,4.5
474,612,4.0
474,9899,4.0
474,546,4.0
474,11400,4.0
474,2117,5.0
474,752,4.0
474,9388,4.0
474,13751,4.5
474,8998,4.0
474,9526,4.0
474,9829,4.5
474,36668,4.5
474,1887,4.0
474,13508,4.0
474,1781,4.0
474,35199,4.0
474,1262,4.0
474,1402,4.0
474,1165,4.0
474,1422,4.0
474,9672,4.0
474,13364,4.0
474,14201,4.0
474,9693,4.0
474,1124,4.0
474,1123,4.0
474,9986,4.0
474,14202,4.5
474,1259,4.0
474,10758,4.0
474,51863,4.0
474,1949,4.0
474,16727,4.0
474,20553,4.0
474,11798,4.0
474,1919,4.0
474,36676,4.0
474,675,4.5
474,13958,4.0
474,12901,4.0
474,2252,4.0
474,14279,4.5
474,2013,4.0
474,13905,4.0
474,14301,4.5
475,8844,4.5
475,9273,4.0
475,1572,4.5
475,11,5.0
475,193,5.0
475,8587,4.5
475,854,5.0
475,771,4.5
475,812,5.0
475,280,5.0
475,268,5.0
475,9894,4.0
475,9327,4.5
475,1891,5.0
475,85,5.0
475,1892,5.0
475,218,4.5
475,105,5.0
475,89,5.0
475,199,5.0
475,154,4.5
475,18,5.0
475,607,5.0
475,563,4.5
475,37165,5.0
475,9342,4.5
475,165,5.0
475,196,5.0
475,87,5.0
475,9798,4.5
475,603,4.5
475,564,5.0
475,620,5.0
475,98,5.0
475,9679,4.0
475,2123,4.0
475,2024,4.5
475,36657,5.0
475,12107,4.5
475,10054,4.5
475,808,4.5
475,9397,4.5
475,10865,4.5
475,1995,4.0
475,9799,4.5
475,644,5.0
475,2114,5.0
475,5175,4.0
475,585,4.5
475,671,5.0
475,120,5.0
475,425,4.5
475,557,5.0
475,1894,5.0
475,2501,4.5
475,608,4.5
475,129,5.0
475,672,4.5
475,121,5.0
475,36658,4.0
475,604,4.5
475,1927,4.5
475,22,4.5
475,1996,4.0
475,605,4.5
475,122,5.0
475,1954,4.0
475,809,4.5
475,673,4.5
475,2789,4.5
475,558,4.5
475,2048,4.5
475,2502,4.0
475,9806,4.5
475,5255,4.5
475,4935,5.0
475,8488,4.5
475,561,4.0
475,1895,4.5
475,272,4.5
475,9738,4.0
475,4348,4.5
475,674,5.0
475,411,5.0
475,950,4.0
475,36668,4.0
475,58,4.5
475,1417,4.5
475,559,4.5
475,675,4.5
475,2503,4.5
475,2268,5.0
475,6479,4.5
475,8247,4.5
475,1726,4.0
475,2454,4.0
475,217,4.0
475,9502,4.0
475,1724,4.5
475,8960,4.5
475,13475,4.0
475,8373,4.0
475,767,5.0
475,17654,5.0
475,19959,5.0
475,19995,4.5
475,10138,4.0
475,12444,5.0
475,20526,4.0
475,10195,5.0
475,12445,5.0
475,1771,4.5
475,24428,4.0
475,70160,4.0
475,49026,4.0
475,77338,5.0
475,75612,4.5
475,49521,4.0
475,68724,4.5
475,101299,4.5
475,157336,4.0
475,127585,4.5
475,137113,4.0
475,118340,4.5
475,264660,4.5
475,205596,4.5
475,131631,4.0
475,122917,4.5
475,76341,4.5
475,140607,4.5
475,99861,4.0
475,293660,5.0
475,284052,4.5
475,131634,4.0
475,281957,4.0
475,269149,4.5
475,330459,4.0
476,862,4.0
476,8844,4.0
476,63,4.0
476,9598,4.0
476,10530,4.0
476,48750,4.0
476,568,4.0
476,8963,4.0
476,76,4.0
476,1909,4.0
476,11777,4.0
476,9587,5.0
476,11450,4.0
476,22586,4.0
476,14334,4.0
476,278,5.0
476,1587,4.0
476,2064,4.0
476,13,5.0
476,712,4.0
476,10714,5.0
476,8587,4.0
476,8987,4.0
476,14522,4.0
476,37233,4.0
476,5503,5.0
476,9386,4.0
476,329,4.0
476,11236,4.0
476,858,4.0
476,251,4.0
476,812,5.0
476,280,5.0
476,581,5.0
476,268,4.0
476,408,4.0
476,10020,5.0
476,10895,5.0
477,862,4.0
477,8844,4.0
477,12665,4.0
477,63,4.5
477,9598,4.0
477,807,4.0
477,9102,4.0
477,9614,4.0
477,568,4.0
477,9071,4.0
477,9804,4.0
477,11017,4.0
477,2292,4.0
477,11777,4.0
477,11,4.5
477,680,4.5
477,278,5.0
477,193,4.0
477,1587,4.0
477,11382,4.0
477,13,5.0
477,8587,4.0
477,9359,4.0
477,13595,4.0
477,9571,4.0
477,5503,5.0
477,329,4.0
477,424,4.5
477,78,5.0
477,280,5.0
477,274,5.0
477,275,4.5
477,9099,4.5
477,10539,4.0
477,3065,4.0
477,12233,4.0
477,9304,4.0
477,9802,4.0
477,9323,4.5
477,532,5.0
477,935,5.0
477,602,4.0
477,3078,4.0
477,213,4.0
477,599,4.5
477,15,4.0
477,62,4.5
477,562,4.5
477,11302,5.0
477,583,4.0
477,500,4.0
477,601,4.5
477,11816,4.0
477,762,4.5
477,531,4.5
477,510,4.5
477,1891,5.0
477,85,4.0
477,68,4.5
477,389,4.0
477,947,4.0
477,595,4.0
477,28,5.0
477,1892,4.5
477,348,4.5
477,539,4.0
477,600,5.0
477,530,5.0
477,279,4.0
477,1578,4.0
477,218,4.0
477,207,4.5
477,829,4.5
477,828,4.0
477,694,4.5
477,235,4.0
477,137,4.0
477,105,4.5
477,1633,4.5
477,149,5.0
477,903,4.0
477,3034,4.0
477,89,4.0
477,783,4.5
477,2323,4.0
477,571,4.0
477,199,4.0
477,7863,4.0
477,12498,4.0
477,578,4.0
477,13891,4.5
477,378,4.0
477,16448,4.0
477,18,4.0
477,607,4.0
477,686,4.0
477,1281,4.0
477,37165,4.5
477,2639,4.0
477,2666,4.5
477,11808,4.0
477,2157,4.0
477,8838,4.0
477,795,4.5
477,26610,4.0
477,846,4.5
477,11020,4.0
477,473,4.0
477,143,4.0
477,654,4.0
477,3116,4.0
477,1051,4.5
477,2108,4.0
477,9340,4.0
477,12101,4.0
477,165,4.0
477,196,4.0
477,346,4.5
477,857,4.0
477,10122,4.0
477,9354,4.0
477,1779,4.0
477,10849,4.0
477,12230,4.0
477,13155,4.0
477,87,4.0
477,123,4.0
477,11837,4.0
477,847,4.0
477,940,4.0
477,1091,5.0
477,8916,4.0
477,12159,4.0
477,30197,4.0
477,4437,4.0
477,2657,4.5
477,637,4.5
477,9798,4.5
477,10466,4.0
477,11545,4.5
477,15196,4.0
477,1885,4.0
477,9489,4.0
477,9426,4.0
477,9671,4.0
477,1542,4.5
477,603,4.0
477,9451,4.0
477,1893,4.0
477,11549,4.0
477,104,4.5
477,9032,4.0
477,620,4.0
477,10386,4.0
477,745,4.0
477,813,4.0
477,2280,4.5
477,850,4.0
477,47951,4.5
477,14,4.5
477,9377,4.0
477,856,4.0
477,492,4.0
477,128,5.0
477,62204,4.0
477,11005,4.0
477,777,4.0
477,334,4.0
477,14919,4.5
477,8872,4.5
477,8873,4.0
477,8374,4.5
477,2787,4.0
477,14280,5.0
477,838,4.0
477,8469,5.0
477,54825,4.0
477,1498,4.0
477,11520,4.0
477,3082,4.0
477,840,4.0
477,2291,4.5
477,106,4.0
477,11977,5.0
477,5683,4.0
477,11072,4.5
477,17771,4.0
477,7443,4.0
477,36657,4.0
477,2655,4.0
477,10276,4.0
477,13783,4.0
477,37136,4.0
477,786,4.0
477,9741,5.0
477,392,4.0
477,14052,4.0
477,77,4.0
477,808,4.0
477,36107,5.0
477,9602,4.0
477,10141,4.0
477,12144,4.0
477,1648,4.0
477,1548,4.0
477,11959,4.0
477,10972,4.0
477,2294,4.0
477,16307,4.0
477,16121,4.0
477,9081,4.0
477,167,4.0
477,141,5.0
477,194,4.5
477,9428,4.5
477,120,4.5
477,651,5.0
477,68149,4.0
477,548,4.5
477,9689,4.0
477,557,4.0
477,1894,4.0
477,320,4.0
477,11544,4.0
477,180,4.0
477,2022,4.0
477,4147,4.0
477,129,4.0
477,1430,4.0
477,8051,4.5
477,2103,4.5
477,2757,4.0
477,7299,4.0
477,201,4.0
477,2755,4.0
477,121,4.0
477,3131,4.0
477,8392,4.0
477,11299,4.5
477,11516,4.5
477,2832,4.0
477,36658,4.0
477,10515,4.5
477,310,4.0
477,30055,4.5
477,170,4.0
477,1927,4.0
477,21449,4.0
477,2771,5.0
477,636,4.5
477,153,4.0
477,4543,4.0
477,14282,4.0
477,3681,4.0
477,81,4.5
477,587,4.0
477,122,4.0
477,25955,4.0
477,38,4.0
477,1487,4.5
477,7131,4.0
477,11030,4.0
477,823,4.0
477,11548,4.0
477,15371,4.5
477,435,4.0
477,13193,4.0
477,8193,4.5
477,594,4.0
477,1777,4.0
477,558,4.0
477,6947,4.5
477,401,4.0
477,747,5.0
477,14337,5.0
477,9675,4.0
477,9806,4.0
477,16859,4.5
477,11621,4.5
477,18491,4.5
477,206216,5.0
477,55931,4.5
477,2539,4.0
477,3509,4.0
477,205,4.0
477,4935,5.0
477,561,4.0
477,187,5.0
477,49565,4.5
477,7453,5.0
477,1895,4.0
477,272,4.0
477,1635,4.0
477,16320,4.0
477,6957,4.0
477,340,4.5
477,398,4.0
477,14517,4.0
477,533,4.0
477,3291,4.5
477,254,4.0
477,37910,4.5
477,752,4.5
477,591,4.0
477,1452,4.5
477,1262,4.5
477,1491,4.0
477,1381,4.5
477,1417,4.0
477,1422,5.0
477,9693,4.5
477,1124,4.5
477,3594,4.0
477,4638,4.5
477,1949,4.0
477,1271,4.5
477,1255,5.0
477,1273,4.0
477,4977,4.5
477,10288,4.0
477,17320,4.0
477,3021,4.0
477,1858,4.0
477,3563,4.0
477,10074,4.0
477,35,4.0
477,8363,5.0
477,4858,4.0
477,13754,4.5
477,4538,4.5
477,2011,4.5
477,5876,4.0
477,6479,4.0
477,7249,4.5
477,7326,4.0
477,69315,4.5
477,5259,4.0
477,7191,4.5
477,11253,4.5
477,8321,5.0
477,155,4.5
477,7459,4.0
477,13258,4.5
477,1726,4.5
477,217,4.0
477,9502,4.0
477,1724,4.0
477,10681,5.0
477,13183,4.5
477,12133,4.0
477,13851,4.0
477,7446,4.5
477,4944,4.5
477,12182,4.0
477,225130,5.0
477,15373,4.0
477,12163,4.5
477,14301,5.0
477,16614,4.5
477,17431,4.5
477,13475,4.5
477,534,4.0
477,18785,4.5
477,19913,5.0
477,8054,4.0
477,17654,4.5
477,25183,4.5
477,12244,4.0
477,19908,4.5
477,10315,4.5
477,105077,4.5
477,19995,4.0
477,11324,5.0
477,26963,4.5
477,23483,4.5
477,39452,4.5
477,10138,4.0
477,40819,4.0
477,27205,4.5
477,22538,5.0
477,48395,5.0
478,10731,4.5
478,252,4.0
478,1895,4.0
478,787,4.0
478,272,4.5
479,880,5.0
479,10954,4.0
479,11,4.0
479,60855,4.0
479,12635,4.0
479,10436,4.0
479,37233,4.0
479,1245,4.0
479,14534,5.0
479,274,4.0
479,10112,4.0
479,12606,4.0
479,3573,5.0
479,238,4.0
479,872,4.0
479,567,5.0
479,239,5.0
479,6620,5.0
479,630,5.0
479,32574,4.0
479,11360,4.0
479,88,4.0
479,85,4.0
479,525,5.0
479,9549,5.0
479,137,5.0
479,3034,5.0
479,2323,4.0
479,378,5.0
479,1624,4.0
479,473,4.0
479,27367,5.0
479,11050,4.0
479,2108,5.0
479,841,4.0
479,10340,4.0
479,12230,4.0
479,2107,5.0
479,9454,4.0
479,12626,5.0
479,24018,4.0
479,13698,4.0
479,9447,4.0
479,1934,4.0
479,100,4.0
479,9465,5.0
479,9451,4.0
479,817,5.0
479,9473,5.0
479,24066,5.0
479,226,4.0
479,11379,5.0
479,11393,4.0
479,293,4.0
479,12235,4.0
479,13681,5.0
479,14741,5.0
479,8872,4.0
479,16562,4.0
479,25010,5.0
479,5693,4.0
479,287,4.0
479,838,4.0
479,8469,4.0
479,13531,5.0
479,10774,4.0
479,1552,4.0
479,11977,4.0
479,11072,5.0
479,37137,4.0
479,10480,4.0
479,634,4.0
479,824,5.0
479,11300,4.0
479,10141,5.0
479,12144,4.0
479,9880,4.0
479,585,5.0
479,9428,5.0
479,453,5.0
479,480,5.0
479,2894,4.0
479,15677,5.0
479,59387,4.0
479,17590,4.0
480,949,4.0
480,710,4.0
480,524,4.0
480,63,4.0
480,9598,4.0
480,807,4.5
480,13685,5.0
480,197,5.0
480,103,4.5
480,10474,4.0
480,13701,4.0
480,11,4.5
480,9587,4.0
480,101,4.5
480,680,4.0
480,11450,4.5
480,2164,4.0
480,278,5.0
480,1587,4.0
480,11382,5.0
480,13,5.0
480,854,4.0
480,9571,5.0
480,329,5.0
480,788,4.0
480,9800,4.0
480,424,5.0
480,78,4.0
480,11969,4.0
480,771,4.0
480,812,4.0
480,280,4.5
480,581,5.0
480,268,4.5
480,274,4.5
480,275,4.0
480,627,4.0
480,9894,4.5
480,238,5.0
480,630,5.0
480,15,5.0
480,1585,4.0
480,3083,4.5
480,1770,4.0
480,433,4.5
480,10218,4.0
480,583,4.5
480,500,4.0
480,792,4.0
480,601,5.0
480,744,4.0
480,221,4.0
480,762,5.0
480,409,4.5
480,1891,5.0
480,2493,4.5
480,85,5.0
480,679,4.0
480,389,5.0
480,185,4.0
480,595,4.0
480,28,4.0
480,769,4.0
480,348,5.0
480,240,5.0
480,279,5.0
480,703,5.0
480,343,4.0
480,218,4.0
480,9665,4.0
480,207,5.0
480,37247,4.0
480,3063,4.0
480,13667,4.0
480,694,5.0
480,11778,4.5
480,33,5.0
480,105,5.0
480,149,4.0
480,11031,4.0
480,89,5.0
480,2323,4.0
480,642,4.5
480,639,5.0
480,9390,4.0
480,378,4.5
480,9361,5.0
480,16448,4.0
480,9366,4.5
480,1669,4.5
480,782,5.0
480,4995,4.5
480,37165,4.5
480,11831,4.5
480,489,5.0
480,597,4.0
480,11003,4.0
480,473,4.5
480,544,4.0
480,1366,4.5
480,9443,4.5
480,380,4.5
480,403,5.0
480,927,4.0
480,9340,4.5
480,165,4.0
480,857,4.5
480,87,5.0
480,4011,4.5
480,2028,4.5
480,162,4.0
480,2657,4.0
480,73,5.0
480,11545,5.0
480,1934,4.5
480,9326,4.5
480,9671,4.5
480,1542,5.0
480,100,4.0
480,603,5.0
480,817,4.5
480,104,4.0
480,620,4.0
480,967,4.0
480,745,4.0
480,9267,4.0
480,2280,5.0
480,850,5.0
480,14,4.0
480,226,4.0
480,9377,4.0
480,550,4.5
480,11562,4.5
480,856,4.0
480,492,4.0
480,37094,4.5
480,11040,4.0
480,10998,4.0
480,497,4.5
480,1715,5.0
480,334,4.0
480,9475,4.5
480,8872,4.5
480,11287,4.0
480,8374,4.5
480,1907,4.5
480,11004,4.0
480,622,4.0
480,5693,4.0
480,968,4.0
480,801,4.0
480,243,5.0
480,11977,4.0
480,98,4.5
480,10569,5.0
480,14002,5.0
480,36657,4.0
480,11624,4.0
480,11686,5.0
480,20438,4.0
480,14195,4.0
480,786,5.0
480,24664,4.0
480,10647,4.0
480,9741,4.5
480,146,4.0
480,8358,4.5
480,134,4.5
480,11973,4.0
480,77,4.0
480,10956,4.0
480,824,4.0
480,1648,4.0
480,2171,5.0
480,2779,4.0
480,2034,4.0
480,9398,4.5
480,768,4.5
480,141,5.0
480,194,4.5
480,1903,4.0
480,9428,5.0
480,453,4.0
480,855,4.0
480,651,4.0
480,11362,4.0
480,20009,4.0
480,1391,4.0
480,9275,4.5
480,11452,4.0
480,557,4.0
480,245,4.0
480,4012,4.0
480,818,4.0
480,2675,4.0
480,2750,4.0
480,9685,4.5
480,565,4.0
480,1672,4.0
480,2757,4.5
480,121,4.5
480,3131,5.0
480,640,5.0
480,423,5.0
480,11635,4.0
480,36658,4.0
480,8092,4.5
480,170,4.0
480,4464,4.0
480,2771,4.0
480,891,4.5
480,650,4.0
480,4543,4.5
480,1584,4.0
480,2056,4.0
480,322,4.5
480,24,4.0
480,11329,4.0
480,5143,5.0
480,587,4.5
480,122,4.0
480,2289,4.5
480,1278,4.0
480,38,4.5
480,1487,4.0
480,10843,4.0
480,393,4.0
480,652,4.0
480,12762,4.0
480,13193,4.0
480,673,4.5
480,8193,4.0
480,1777,4.0
480,558,5.0
480,8699,4.5
480,6947,4.5
480,5137,4.0
480,747,4.0
480,1599,4.5
480,1677,4.0
480,866,4.0
480,16992,4.0
480,1843,4.0
480,70,4.0
480,118,4.0
480,421,4.5
480,2567,4.0
480,9688,4.0
480,187,4.0
480,1495,5.0
480,1640,4.0
480,10913,4.0
480,1895,4.0
480,921,4.5
480,272,4.0
480,1382,4.0
480,74,4.0
480,10476,4.0
480,1696,4.0
480,16320,4.0
480,6957,4.0
480,13169,4.0
480,9777,4.0
480,1830,4.0
480,340,4.0
480,1546,4.0
480,398,4.5
480,5236,4.0
480,142,4.0
480,9621,4.0
480,16608,4.0
480,6963,4.0
480,674,4.0
480,116,4.0
480,411,4.0
480,254,4.0
480,9515,4.0
480,11400,4.0
480,9912,4.0
480,8435,4.0
480,14256,4.0
480,752,4.0
480,9388,4.0
480,388,4.0
480,186,4.5
480,9270,5.0
480,773,5.0
480,1164,4.0
480,512,4.5
480,9718,5.0
480,1262,4.0
480,82,4.0
480,7859,4.0
480,1491,4.5
480,13816,4.0
480,9676,4.0
480,496,4.5
480,1417,4.5
480,1422,4.5
480,9693,4.5
480,1124,4.5
480,3683,4.0
480,36557,4.5
480,10741,4.5
480,1372,4.5
480,1246,4.0
480,4638,4.0
480,1271,4.0
480,4964,4.5
481,409,4.0
481,25624,4.0
481,9772,4.0
481,2118,5.0
481,20457,4.0
481,597,5.0
481,184,4.0
482,8844,4.5
482,629,4.0
482,2054,5.0
482,1642,4.0
482,2164,5.0
482,193,4.5
482,2064,4.0
482,9739,4.0
482,2320,4.0
482,268,4.0
482,954,4.0
482,8840,4.0
482,602,4.5
482,9268,4.0
482,562,5.0
482,9591,4.0
482,744,4.5
482,85,4.0
482,679,4.5
482,105,5.0
482,639,4.0
482,154,5.0
482,816,4.0
482,18,5.0
482,754,4.0
482,1669,4.0
482,544,4.0
482,2108,4.0
482,9342,4.0
482,2907,4.0
482,4011,4.0
482,9798,4.0
482,200,4.0
482,1924,5.0
482,817,4.0
482,2665,4.0
482,2280,4.0
482,9481,4.0
482,11287,4.0
482,106,4.0
482,1597,4.0
482,1734,4.0
482,1995,4.0
482,17612,4.0
482,1894,4.5
482,320,4.0
482,201,4.5
482,22,4.0
482,153,4.0
482,277,4.0
482,605,4.0
482,10498,4.0
482,809,5.0
482,435,4.5
482,673,5.0
482,9472,4.0
482,558,5.0
482,2048,4.5
482,2502,4.0
482,1677,4.0
482,9806,5.0
482,2059,4.0
482,2288,4.0
482,163,4.0
482,36648,4.5
482,70,4.5
482,9833,4.0
482,693,4.0
483,862,4.0
483,8844,4.0
483,524,4.0
483,5,4.0
483,16420,4.0
483,902,5.0
483,63,5.0
483,629,4.5
483,197,4.0
483,1572,4.5
483,10428,4.0
483,2293,4.0
483,281,4.0
483,397,4.0
483,11,4.5
483,101,4.0
483,680,5.0
483,11395,4.5
483,278,5.0
483,3049,4.0
483,13,5.0
483,8587,4.0
483,9359,4.0
483,36593,4.0
483,36955,4.0
483,6075,4.0
483,9255,4.5
483,7984,4.0
483,329,4.0
483,9593,4.5
483,8005,4.0
483,424,5.0
483,9479,4.0
483,812,4.0
483,280,4.0
483,275,4.0
483,8840,4.0
483,10539,4.0
483,9323,4.0
483,627,4.5
483,10779,4.0
483,238,4.0
483,872,4.0
483,164,4.0
483,284,5.0
483,239,4.5
483,289,4.0
483,11113,4.0
483,1585,4.0
483,433,4.5
483,12092,4.0
483,454,4.0
483,583,5.0
483,762,4.5
483,11216,5.0
483,892,4.0
483,1891,4.5
483,2493,5.0
483,85,4.0
483,68,5.0
483,679,4.5
483,429,5.0
483,389,5.0
483,1892,4.5
483,348,4.0
483,766,4.0
483,703,4.5
483,9277,4.5
483,3063,4.0
483,5925,5.0
483,137,5.0
483,33,4.5
483,105,4.5
483,3034,4.0
483,665,4.0
483,89,5.0
483,11674,4.0
483,1573,4.0
483,10003,4.5
483,11970,4.0
483,10603,4.0
483,2649,4.0
483,782,5.0
483,4995,4.0
483,489,4.5
483,115,5.0
483,2666,5.0
483,544,4.5
483,13597,5.0
483,942,4.0
483,9340,4.0
483,165,4.0
483,196,4.0
483,346,4.5
483,857,4.0
483,87,4.0
483,9454,4.0
483,4011,4.0
483,847,4.5
483,117,4.0
483,10220,4.0
483,431,4.0
483,162,4.0
483,12159,4.0
483,637,5.0
483,297,4.0
483,9837,4.5
483,1885,4.0
483,825,4.0
483,192,4.5
483,2112,4.0
483,100,5.0
483,603,4.5
483,1902,4.0
483,12596,4.0
483,9473,4.0
483,9824,5.0
483,967,4.0
483,9267,4.5
483,813,4.0
483,2280,4.0
483,10494,4.5
483,1075,4.5
483,14,4.0
483,861,4.5
483,391,4.5
483,550,4.5
483,856,4.0
483,492,5.0
483,128,5.0
483,957,4.0
483,1832,4.0
483,2690,4.5
483,2668,4.0
483,177,4.5
483,1715,4.0
483,2277,4.0
483,49948,4.5
483,1850,5.0
483,8374,4.0
483,2069,4.5
483,10098,4.0
483,11004,5.0
483,526,4.0
483,879,4.5
483,10559,4.0
483,10569,4.0
483,7450,4.5
483,37136,4.0
483,37137,4.5
483,71,4.0
483,9741,4.5
483,146,4.5
483,107,4.0
483,8859,4.0
483,11688,4.0
483,3981,4.0
483,9989,5.0
483,90,4.0
483,853,4.0
483,77,4.0
483,634,4.0
483,808,4.0
483,824,4.5
483,9576,4.5
483,644,4.0
483,2114,4.0
483,14506,5.0
483,1933,5.0
483,9398,5.0
483,585,4.5
483,671,4.5
483,161,4.0
483,194,5.0
483,120,4.5
483,453,4.5
483,10794,4.0
483,441,4.0
483,18079,4.5
483,557,4.5
483,2501,4.5
483,180,4.5
483,1364,4.5
483,8764,5.0
483,129,5.0
483,2110,4.5
483,2757,5.0
483,121,4.5
483,19067,4.5
483,8392,5.0
483,640,4.5
483,598,4.0
483,11299,4.5
483,10743,4.0
483,10515,4.0
483,12,4.5
483,2470,5.0
483,22,4.0
483,153,4.5
483,33320,5.0
483,4543,4.5
483,14282,4.5
483,1584,4.0
483,322,4.0
483,24,5.0
483,10719,4.0
483,8619,4.5
483,9319,4.0
483,79,5.0
483,37719,4.5
483,587,5.0
483,122,4.0
483,10601,4.0
483,1824,4.0
483,38,5.0
483,393,4.0
483,11533,4.0
483,5916,4.5
483,15371,4.0
483,809,4.0
483,673,5.0
483,594,4.0
483,11036,4.0
483,3293,4.0
483,13398,5.0
483,8699,4.0
483,2048,4.0
483,401,5.0
483,1538,4.0
483,1653,4.0
483,747,4.5
483,3989,4.0
483,9675,4.5
483,9806,4.0
483,866,4.0
483,9550,4.0
483,14537,4.5
483,64353,4.5
483,30421,4.0
483,16859,4.0
483,11621,4.5
483,37797,4.5
483,18088,4.5
483,55931,4.0
483,2841,4.0
483,5528,5.0
483,3509,4.5
483,70,4.0
483,205,4.0
483,118,4.0
483,11423,4.5
483,4935,4.5
483,42994,4.5
483,187,4.0
483,7453,4.5
483,272,4.0
483,16320,4.5
483,65215,4.0
483,3933,4.0
483,14517,4.5
483,5236,5.0
483,10982,4.0
483,752,5.0
483,186,4.5
483,9297,4.0
483,1491,4.0
483,300,4.5
483,496,4.0
483,1417,5.0
483,1422,4.5
483,1124,5.0
483,2062,5.0
483,4638,5.0
483,1271,4.0
483,4977,5.0
483,810,4.0
483,5723,5.0
483,2196,4.0
483,675,4.5
483,2270,5.0
483,35,4.0
483,8363,4.0
483,4538,4.0
483,5123,4.5
483,7249,5.0
483,6537,4.5
483,7326,4.5
483,13885,4.0
483,14069,4.0
483,11253,4.5
483,8321,4.5
483,155,4.0
483,9870,4.5
483,1726,4.0
483,14784,5.0
483,9502,4.0
483,10681,5.0
483,7446,4.5
483,4944,4.5
483,13809,4.5
483,13253,4.0
483,12405,4.5
483,13223,5.0
483,4922,4.0
483,12429,5.0
483,14139,5.0
483,14836,4.5
483,15067,4.0
483,14301,4.0
483,18947,4.5
483,16869,4.0
483,14160,5.0
483,18785,4.5
483,19913,4.5
483,767,4.0
483,8054,5.0
483,25376,5.0
483,22947,4.5
483,33273,4.5
483,19995,4.5
483,10528,4.5
483,11439,4.5
483,23048,4.0
483,27936,4.5
483,23483,4.0
483,10193,5.0
483,27205,5.0
483,38575,4.0
483,39781,4.0
483,31011,4.5
483,37799,4.0
483,12444,4.5
483,45269,5.0
483,51739,4.0
483,59436,5.0
483,37686,4.5
483,58224,4.5
483,12445,4.5
483,64690,4.0
483,50646,4.0
483,50004,5.0
483,24428,4.0
483,74643,4.5
483,75964,4.0
483,23514,4.0
483,77338,4.5
483,78480,4.0
483,73937,4.5
483,74534,4.0
483,77561,5.0
483,62177,4.0
483,103747,4.0
483,49526,4.0
483,114150,4.0
483,68734,4.5
483,83542,4.5
483,82693,4.5
483,87827,5.0
483,49051,4.5
483,68718,5.0
483,144340,4.0
483,68721,4.5
483,116741,4.0
483,152742,4.5
483,107985,4.5
483,138832,4.0
483,59859,4.0
483,115782,4.0
483,49047,5.0
483,80274,4.5
483,109445,4.0
483,116745,4.5
483,137106,4.0
483,157336,5.0
483,236737,4.5
483,127585,4.0
484,862,4.5
484,9603,4.5
484,807,4.0
484,10530,4.5
484,10607,4.0
484,10634,4.5
484,28387,4.0
484,9614,4.0
484,10329,4.5
484,9344,4.5
484,2293,4.0
484,9090,4.0
484,11017,4.5
484,9587,4.0
484,19101,4.0
484,278,5.0
484,11381,4.0
484,13,5.0
484,8587,5.0
484,9571,5.0
484,1634,4.0
484,329,4.0
484,9479,4.0
484,10897,4.0
484,9066,4.0
484,771,4.0
484,812,4.5
484,408,5.0
484,10020,5.0
484,10895,5.0
484,10112,4.0
484,2300,4.0
484,9802,4.5
484,2925,4.5
484,10830,4.0
484,630,5.0
484,15,4.5
484,9400,5.0
484,6878,4.0
484,11224,4.5
484,9078,5.0
484,11360,5.0
484,12092,5.0
484,10948,4.5
484,454,4.5
484,252,4.0
484,475,4.0
484,500,4.0
484,769,4.5
484,9665,4.0
484,621,4.0
484,9622,4.0
484,9611,4.0
484,8874,4.5
484,9413,4.0
484,37165,4.0
484,9490,5.0
484,15037,4.0
484,95,4.0
484,544,4.0
484,2108,4.0
484,3170,4.5
484,9325,5.0
484,10340,4.5
484,10144,5.0
484,12230,4.5
484,10693,5.0
484,11497,4.5
484,14367,4.0
484,15171,5.0
484,4011,4.0
484,10403,4.0
484,162,4.5
484,9429,4.0
484,73,5.0
484,10663,4.0
484,1542,4.5
484,4951,4.0
484,9032,4.0
484,2105,4.0
484,1073,4.0
484,10490,4.0
484,745,4.5
484,14,4.5
484,550,5.0
484,11886,4.5
484,10471,4.0
484,13342,4.5
484,8872,4.0
484,8873,4.0
484,1498,4.0
484,879,4.0
484,9285,4.0
484,9600,4.0
484,10276,4.0
484,1588,4.0
484,13785,4.0
484,1597,4.0
484,641,5.0
484,4327,4.0
484,8871,4.0
484,8859,4.5
484,1900,4.5
484,1547,4.0
484,4133,4.5
484,8835,4.0
484,331,4.0
484,2770,4.0
484,2294,4.0
484,25462,4.0
484,9398,4.5
484,9778,4.5
484,1903,5.0
484,8386,4.0
484,11528,4.0
484,39939,4.0
484,13225,4.0
484,9637,4.0
484,13098,4.5
484,11852,4.0
484,1429,4.0
484,4032,4.0
484,11635,4.0
484,20210,4.0
484,650,5.0
484,4997,4.0
484,322,4.0
484,24,4.5
484,10719,4.0
484,11846,4.0
484,587,4.5
484,5966,4.0
484,11023,4.5
484,9384,4.0
484,12657,4.5
484,8193,4.5
484,9472,4.0
484,16136,4.0
484,8699,4.0
484,11282,4.0
484,3989,4.0
484,176,4.0
484,693,4.0
484,16186,4.0
484,187,4.5
484,1640,5.0
484,272,4.0
484,9522,4.0
484,10476,4.0
484,11453,4.5
484,6957,4.0
484,7553,4.0
484,9900,4.0
484,9957,4.0
484,9988,4.0
484,1422,5.0
484,1372,4.5
484,7457,4.0
484,2062,5.0
484,4638,4.0
484,9955,4.0
484,4964,4.0
484,1858,4.5
484,8363,5.0
484,14236,4.5
484,12133,4.5
484,10189,4.5
484,15373,4.0
484,14560,4.0
484,18785,4.0
484,20943,4.0
484,26367,5.0
484,12155,4.0
484,23483,4.0
484,35056,4.0
484,38073,4.0
484,38757,5.0
484,39451,4.0
484,41630,4.0
484,55721,4.0
484,50646,4.0
484,50544,4.0
484,38674,5.0
484,64688,4.5
485,710,4.0
485,568,5.0
485,8963,5.0
485,1572,5.0
485,1642,5.0
485,6950,5.0
485,193,4.0
485,2064,4.0
485,9331,5.0
485,13,5.0
485,36955,5.0
485,9350,4.0
485,5503,4.0
485,812,4.0
485,581,5.0
485,274,5.0
486,949,5.0
486,710,4.0
486,8012,4.0
486,63,5.0
486,9312,4.0
486,10534,5.0
486,197,5.0
486,33542,5.0
486,568,5.0
486,414,5.0
486,8963,5.0
486,8068,4.0
486,9482,4.0
486,9804,4.0
486,628,4.0
486,4476,5.0
486,6950,4.0
486,101,5.0
486,680,5.0
486,278,5.0
486,193,5.0
486,9331,4.0
486,9495,5.0
486,13,5.0
486,1637,4.0
486,5503,5.0
486,9386,5.0
486,329,5.0
486,2320,5.0
486,319,4.0
486,280,5.0
486,268,4.0
486,954,5.0
486,9802,5.0
486,664,5.0
486,602,5.0
487,11,4.0
487,567,4.0
487,2493,4.0
487,550,4.0
487,808,4.0
487,141,4.0
487,120,4.0
487,121,4.0
487,122,4.0
487,38,4.0
487,393,4.0
487,747,4.0
487,9806,4.0
487,206216,5.0
487,7326,4.0
487,13310,4.0
487,45269,4.0
487,157336,4.0
487,205596,4.5
488,862,4.5
488,4584,5.0
488,687,4.5
488,14275,4.0
488,11318,4.5
488,278,5.0
488,5503,4.0
488,424,5.0
488,274,4.5
488,10020,4.5
488,275,4.5
488,27768,4.5
488,503475,5.0
488,532,4.5
488,3573,5.0
488,981,4.5
488,872,5.0
488,567,5.0
488,239,5.0
488,289,4.5
488,11113,4.5
488,1585,4.5
488,900,4.0
488,583,4.5
488,11843,4.0
488,762,5.0
488,531,4.5
488,2493,5.0
488,595,5.0
488,530,4.5
488,489,4.0
488,21736,4.5
488,6471,4.0
488,637,4.5
488,10162,4.0
488,745,5.0
488,9377,4.0
488,13485,4.0
488,11787,5.0
488,863,4.0
488,11176,4.0
488,1879,5.0
488,11072,4.0
488,7443,4.5
488,786,4.5
488,146,4.5
488,392,5.0
488,134,5.0
488,808,5.0
488,41951,5.0
488,14811,4.0
488,585,5.0
488,194,5.0
488,120,5.0
488,480,4.0
488,9026,4.5
488,20324,4.5
488,121,5.0
488,423,4.5
488,12,5.0
488,1088,5.0
488,22,4.0
488,4543,4.5
488,587,4.5
488,122,5.0
488,2576,4.0
488,809,5.0
488,673,5.0
488,9806,4.0
488,70,4.0
489,11860,4.0
489,4584,4.5
489,10530,4.0
489,688,4.5
489,197,4.5
489,1024,4.0
489,628,4.0
489,9587,4.0
489,101,4.5
489,680,4.0
489,108,4.5
489,1587,4.5
489,236,4.5
489,2759,4.0
489,9495,4.0
489,13,4.0
489,712,4.5
489,8587,4.0
489,858,4.5
489,78,4.0
489,9479,4.5
489,251,4.0
489,581,4.0
489,268,4.0
489,274,4.0
489,10020,4.0
489,114,4.0
489,275,4.5
489,935,4.0
489,2925,4.0
489,872,4.5
489,164,5.0
489,567,4.5
489,239,4.5
489,289,4.0
489,11113,5.0
489,6620,5.0
489,909,5.0
489,630,4.5
489,770,4.0
489,62,4.0
489,17281,4.5
489,220,4.0
489,3529,4.0
489,2897,4.5
489,1585,4.0
489,261,5.0
489,433,4.5
489,88,4.5
489,15764,5.0
489,601,4.0
489,11216,5.0
489,1412,4.0
489,85,4.0
489,679,4.0
489,429,4.0
489,348,4.0
489,279,4.0
489,311,4.5
489,207,4.0
489,9322,4.0
489,694,4.0
489,11778,4.5
489,1633,4.5
489,89,4.0
489,639,5.0
489,571,4.0
489,6114,5.0
489,9361,4.0
489,18,4.5
489,9387,4.5
489,2118,4.5
489,9427,4.0
489,184,4.0
489,2898,4.5
489,10513,4.0
489,11426,4.0
489,380,4.0
489,2108,4.0
489,196,4.0
489,841,4.0
489,87,4.0
489,4011,4.5
489,162,4.0
489,637,4.0
489,4518,4.0
489,871,4.0
489,603,4.0
489,4951,4.5
489,1902,4.0
489,36685,4.0
489,104,4.0
489,620,4.0
489,873,4.0
489,2280,4.0
489,9096,4.5
489,14,4.0
489,226,4.5
489,550,4.5
489,128,5.0
489,1832,4.0
489,4203,4.5
489,11005,4.0
489,497,4.0
489,1715,4.5
489,619,4.0
489,9374,4.0
489,1541,4.0
489,879,4.0
489,106,4.0
489,643,4.5
489,786,4.0
489,10647,4.0
489,146,4.0
489,1547,4.0
489,77,4.5
489,55,4.0
489,634,5.0
489,808,4.0
489,824,4.0
489,759,4.0
489,15592,4.5
489,10130,4.5
489,11091,4.0
489,167,4.0
489,194,5.0
489,120,4.0
489,453,4.0
489,480,4.5
489,245,4.0
489,180,4.0
489,129,4.0
489,1430,4.0
489,64,4.5
489,2103,4.0
489,2755,4.0
489,121,4.0
489,8392,4.5
489,1574,4.0
489,12157,4.0
489,12,4.0
489,24,5.0
489,508,4.5
489,6069,4.0
489,122,4.0
489,1824,4.0
489,38,4.5
489,393,5.0
489,673,4.0
489,11036,5.0
489,8699,4.0
489,436,4.0
489,747,4.5
489,1913,5.0
489,953,4.0
489,1667,4.5
489,3933,4.0
489,11931,4.0
489,142,4.5
489,116,4.0
489,752,4.0
489,219,4.5
489,9767,4.0
489,773,4.0
489,1262,4.5
489,1417,5.0
489,9693,4.0
489,1581,4.5
489,1125,4.0
489,4638,4.5
489,1949,4.0
489,1271,4.0
489,11253,4.5
489,155,4.0
489,1726,4.5
489,10681,4.0
489,13183,4.0
489,7446,4.0
489,4944,4.0
489,12163,4.5
489,14836,4.0
489,14160,4.5
489,19913,4.5
489,10528,4.0
489,10138,4.0
489,27205,4.5
489,44214,5.0
489,45269,4.0
489,148432,4.0
489,39356,4.0
489,49538,4.0
489,63311,5.0
489,24428,4.5
489,40807,5.0
489,123723,4.5
489,65754,4.0
489,37724,4.0
489,49051,4.0
490,76,4.0
490,680,4.0
490,110,4.5
490,108,4.5
490,109,4.0
490,274,4.0
490,500,4.0
490,185,4.0
490,422,4.5
490,603,4.0
490,104,4.0
490,243,4.0
490,843,4.5
490,77,4.0
490,194,4.0
490,12477,4.0
490,598,4.0
490,3782,4.5
490,38,4.0
490,80,4.0
490,582,4.0
490,155,4.0
490,12163,4.0
490,19913,4.0
490,10193,4.0
490,27205,4.0
490,37799,4.0
490,44214,4.0
490,62215,4.0
490,45523,4.0
490,30969,4.0
490,60308,4.0
490,60243,4.0
490,10316,4.0
491,11395,4.0
491,13,4.5
491,854,4.5
491,771,5.0
491,114,4.5
491,137,4.0
491,1624,5.0
491,37165,4.5
491,2898,4.5
491,3050,4.0
491,509,4.0
491,620,4.0
491,772,5.0
491,2005,4.5
491,1597,4.0
491,3981,4.0
491,1493,4.0
491,671,5.0
491,425,4.5
491,672,5.0
491,310,4.5
491,508,4.0
491,1824,4.0
491,10625,4.0
491,594,5.0
491,2539,4.0
491,693,4.0
491,8488,4.5
491,9522,4.0
491,674,5.0
491,350,4.5
491,1581,4.5
491,2062,4.0
491,675,5.0
491,35,4.0
491,13053,4.0
491,10201,5.0
491,14306,4.0
491,18240,4.5
491,19913,4.0
491,767,5.0
491,12444,5.0
491,45269,4.5
491,12445,5.0
491,50544,4.0
491,50014,5.0
491,65057,4.0
491,138832,4.0
491,122906,4.5
491,106646,4.5
491,116745,4.5
491,256591,4.0
491,257211,4.0
491,400928,4.0
491,419680,4.0
492,862,4.0
492,15602,4.0
492,9091,5.0
492,687,4.0
492,17182,4.0
492,2054,4.0
492,9536,5.0
492,20927,4.0
492,9102,5.0
492,9623,4.0
492,13997,5.0
492,9614,4.0
492,33542,5.0
492,9101,4.0
492,11,4.0
492,26271,5.0
492,2320,4.0
492,9099,4.0
492,10684,5.0
492,954,4.0
492,8840,4.0
492,11107,4.0
492,10543,4.0
492,2300,5.0
492,29621,4.0
492,9103,4.0
492,9802,5.0
492,664,4.0
492,11867,5.0
492,10535,4.0
492,10547,4.0
492,9826,4.0
492,9879,5.0
492,7095,5.0
492,602,5.0
492,9566,5.0
492,11543,5.0
492,9268,5.0
492,9327,5.0
492,10779,4.0
492,9294,4.0
492,1645,5.0
492,18550,4.0
492,11962,4.0
492,3595,5.0
492,9308,4.0
492,12123,4.0
492,10546,4.0
492,9431,5.0
492,10061,4.0
492,11015,5.0
492,9306,4.0
492,10723,5.0
492,10987,5.0
492,10861,4.0
492,6346,4.0
492,9591,5.0
492,11412,5.0
492,10586,5.0
492,819,4.0
492,25750,4.0
492,1892,4.0
492,199,4.0
492,21539,4.0
492,9390,4.0
492,3179,5.0
492,4232,5.0
492,9404,4.0
492,9622,4.0
492,9619,5.0
492,9446,4.0
492,9403,5.0
492,1624,5.0
492,9360,5.0
493,949,4.0
493,197,5.0
493,8068,4.0
493,11,5.0
493,5503,4.0
493,9516,4.0
493,280,4.0
493,268,4.0
493,9802,4.0
493,238,5.0
493,38955,5.0
493,1891,5.0
493,2493,4.0
493,85,4.0
493,679,4.0
493,10835,4.0
493,240,5.0
493,600,4.0
493,218,4.0
493,8009,5.0
493,754,4.0
493,944,4.0
493,1366,5.0
493,941,4.0
493,346,4.0
493,857,4.0
493,36647,4.0
493,603,5.0
493,1924,4.0
493,11230,4.0
493,5548,4.0
493,9367,4.0
493,106,4.0
493,12207,4.0
493,146,5.0
493,90,4.0
493,11713,5.0
493,13333,5.0
493,9462,5.0
493,5175,5.0
494,197,5.0
494,11,5.0
494,280,5.0
494,238,5.0
494,562,5.0
494,1891,5.0
494,85,5.0
494,679,5.0
494,429,4.0
494,1892,4.0
494,348,5.0
494,240,5.0
494,89,5.0
494,857,5.0
494,603,5.0
494,98,5.0
495,9273,4.5
495,629,4.0
495,9614,4.5
495,9737,4.0
495,568,4.5
495,11017,4.0
495,2292,4.0
495,8467,4.0
495,11395,4.5
495,278,5.0
495,3049,4.5
495,13,4.0
495,424,4.0
495,812,4.0
495,602,4.5
495,9894,4.0
495,238,4.5
495,454,5.0
495,11216,5.0
495,510,5.0
495,28,4.5
495,207,5.0
495,37247,5.0
495,235,4.5
495,11778,4.0
495,137,4.0
495,364,4.0
495,1624,4.5
495,816,5.0
495,9772,4.0
495,2118,4.5
495,1813,5.0
495,37165,4.5
495,489,5.0
495,597,5.0
495,115,5.0
495,11003,4.0
495,95,5.0
495,857,4.5
495,2109,4.5
495,1367,4.5
495,1371,4.0
495,1374,4.0
495,10312,4.0
495,603,5.0
495,817,5.0
495,9473,4.5
495,2105,4.0
495,745,4.5
495,9377,4.5
495,550,5.0
495,1359,4.5
495,98,5.0
495,9679,4.5
495,13785,5.0
495,1597,4.0
495,641,4.0
495,8358,4.5
495,4133,4.5
495,111,4.5
495,9799,5.0
495,2605,4.0
495,869,4.0
495,9896,4.0
495,2034,5.0
495,9398,5.0
495,161,5.0
495,9428,5.0
495,453,5.0
495,39939,5.0
495,2022,4.0
495,65,5.0
495,3131,4.5
495,2642,4.0
495,640,5.0
495,310,4.0
495,322,4.5
495,24,5.0
495,10719,5.0
495,508,4.5
495,10147,5.0
495,9620,4.5
495,1954,5.0
495,924,4.5
495,38,4.5
495,393,5.0
495,9509,4.5
495,652,4.0
495,9472,4.0
495,11036,5.0
495,8699,5.0
495,6947,5.0
495,3989,5.0
495,163,4.5
495,670,5.0
495,421,4.5
495,613,4.5
495,6957,5.0
495,25,4.0
495,388,4.5
495,9339,4.5
495,350,5.0
495,2295,4.0
495,773,4.0
495,7512,4.5
495,1579,4.5
495,1422,5.0
495,1372,4.5
495,2062,4.5
495,22311,4.5
495,4964,4.5
495,298,4.0
495,8363,5.0
495,4982,4.5
495,155,5.0
495,8065,4.0
495,9870,5.0
495,8681,4.0
495,7446,4.5
495,12405,5.0
495,8966,4.0
495,13223,4.5
495,15472,5.0
495,16869,4.5
495,18785,5.0
495,12162,4.5
495,17654,5.0
495,22947,4.5
495,22881,4.0
495,19995,5.0
495,28178,5.0
495,11324,4.5
495,32823,4.5
495,27205,5.0
495,22538,4.0
495,37799,5.0
495,23168,5.0
495,44639,4.5
495,44115,4.0
495,55721,5.0
495,37686,4.5
495,51540,4.0
495,12445,5.0
495,64690,4.0
495,60308,5.0
495,24428,4.0
495,59440,5.0
495,70160,4.5
495,65754,5.0
495,80379,5.0
495,83666,4.5
495,59967,5.0
495,68734,5.0
495,82693,5.0
495,87502,5.0
495,87827,5.0
495,72976,5.0
495,97630,5.0
495,82654,4.5
495,68718,5.0
495,109421,5.0
495,138832,4.5
495,152532,5.0
495,109445,5.0
495,106646,5.0
495,168672,4.5
495,110415,4.0
495,137113,5.0
495,194662,5.0
495,85350,4.5
495,210577,5.0
495,118340,5.0
495,245891,4.5
495,242582,5.0
495,131631,4.5
495,284293,4.5
495,76341,4.5
495,140607,4.5
495,293660,5.0
495,321594,5.0
495,308639,4.0
495,286217,5.0
495,238713,4.0
495,321697,4.5
495,281957,5.0
495,307081,4.0
495,273481,4.0
495,328425,5.0
495,277216,5.0
495,314365,5.0
495,312221,5.0
495,318846,5.0
496,238,5.0
496,567,5.0
496,289,4.5
496,240,4.0
496,120,4.0
496,121,4.0
496,122,4.0
496,11533,4.0
496,1833,4.0
496,155,4.5
496,82695,4.0
496,152601,4.5
496,120467,4.0
497,9273,4.0
497,103,5.0
497,9479,4.0
497,274,4.0
497,275,4.5
497,935,4.0
497,238,4.0
497,510,5.0
497,85,4.0
497,185,4.0
497,37247,5.0
497,694,4.0
497,9464,4.0
497,637,4.5
497,73,5.0
497,745,5.0
497,14,4.0
497,550,4.0
497,38,5.0
497,155,4.0
497,14160,5.0
497,46738,5.0
497,103663,5.0
497,157336,5.0
497,194662,5.0
497,85350,4.0
497,244786,5.0
498,11860,4.0
498,2054,5.0
498,9614,5.0
498,197,5.0
498,568,5.0
498,8963,5.0
498,11017,5.0
498,8467,5.0
498,680,4.0
498,11450,4.0
498,278,5.0
498,11381,5.0
498,2064,5.0
498,9331,5.0
498,13,5.0
498,8587,5.0
498,37233,5.0
498,5503,5.0
498,329,4.0
498,9066,4.0
498,812,5.0
498,954,5.0
499,429,4.5
499,13446,5.0
499,525,5.0
499,279,5.0
499,642,4.0
499,13597,4.0
499,1808,4.0
499,8879,4.0
499,10747,4.0
499,938,5.0
499,11879,5.0
499,1547,5.0
499,966,4.0
499,13403,5.0
499,19082,4.5
499,1833,4.0
499,3902,4.0
500,862,4.0
500,9614,4.0
500,9071,5.0
500,2293,4.0
500,11017,4.0
500,11,4.0
500,20306,4.0
500,13,4.0
500,11566,4.0
500,329,4.0
500,10442,4.0
500,812,4.0
500,10020,4.0
500,8866,4.0
500,503475,4.0
500,531,4.0
500,892,5.0
500,766,4.0
500,149,4.0
500,756,5.0
500,9403,4.0
500,607,4.0
500,9427,4.0
500,586,5.0
500,2898,5.0
500,55561,4.0
500,2108,4.0
500,2107,4.0
500,9487,5.0
500,9535,4.0
500,100,5.0
500,9451,4.0
500,9473,5.0
500,2105,4.0
500,14,5.0
500,856,4.0
500,492,5.0
500,863,5.0
500,926,4.0
500,2069,4.0
500,622,5.0
500,4967,4.0
500,15723,4.0
500,7443,4.0
500,6073,4.0
500,808,5.0
501,15602,5.0
501,11860,4.0
501,710,4.0
501,5,5.0
501,9208,4.0
501,11000,5.0
501,11827,4.0
501,10684,4.0
501,10990,4.0
501,664,5.0
501,9879,4.0
501,602,5.0
501,1645,4.0
502,278,5.0
502,8005,5.0
502,10895,4.5
502,11561,4.5
502,531,4.5
502,185,5.0
502,348,4.5
502,826,5.0
502,8077,4.0
502,30197,5.0
502,1924,5.0
502,10776,5.0
502,1832,4.0
502,497,5.0
502,1908,5.0
502,840,5.0
502,11072,5.0
502,1900,4.5
502,4917,4.5
503,10474,5.0
503,9344,4.5
503,680,5.0
503,278,4.0
503,9067,4.0
503,13,4.0
503,10909,4.0
503,424,4.0
503,275,4.0
503,238,4.5
503,62,4.0
503,562,4.5
503,500,4.5
503,510,4.0
503,389,4.0
503,185,4.0
503,595,4.0
503,769,5.0
503,240,4.0
503,235,5.0
503,468,5.0
503,9552,4.0
503,9769,4.5
503,793,4.0
503,14924,4.0
503,603,4.5
503,14,4.0
503,11326,4.0
503,863,4.0
503,497,4.5
503,9960,4.0
503,77,4.0
503,18197,4.5
503,1548,4.0
503,14667,4.0
503,203,5.0
503,18415,4.0
503,3509,4.0
503,1417,4.0
503,1422,4.0
503,16869,4.5
503,22970,4.0
504,862,4.0
504,680,4.0
504,2759,4.0
504,1637,4.0
504,8866,4.0
504,10478,4.0
504,11031,4.0
504,639,4.5
504,37165,4.0
504,21736,4.0
504,2108,4.0
504,10403,4.5
504,2657,4.0
504,9798,4.0
504,509,4.0
504,24128,4.5
504,1621,4.0
504,10998,4.0
504,12235,4.5
504,243,4.5
504,1443,4.0
504,12706,4.0
504,786,4.0
504,13785,4.0
504,8358,4.0
504,134,4.0
504,11973,4.0
504,1900,4.5
504,634,4.0
504,808,4.5
504,9576,4.0
504,9428,4.0
504,120,4.0
504,453,4.0
504,5279,4.0
504,651,4.5
504,245,4.0
504,10712,4.5
504,2757,4.5
504,121,4.0
504,13435,4.0
504,640,4.0
504,12,4.0
504,3472,4.5
504,4464,4.5
504,7270,4.5
504,153,4.5
504,322,5.0
504,11329,4.0
504,10922,4.0
504,13537,4.5
504,508,4.0
504,12146,4.0
504,470,4.0
504,10511,4.5
504,6964,4.5
504,3635,4.0
504,122,4.0
505,807,5.0
505,274,5.0
505,10331,5.0
505,11224,4.0
505,11360,5.0
505,10948,4.0
505,766,4.0
505,763,5.0
505,765,5.0
505,10437,5.0
505,10693,4.5
505,550,5.0
505,9960,4.0
505,2291,4.0
505,764,4.5
505,77,5.0
505,170,5.0
505,8408,5.0
505,924,5.0
505,923,5.0
505,747,5.0
505,19908,4.0
506,9603,5.0
506,796,5.0
506,398,4.0
506,5236,4.5
506,4348,4.0
506,1165,4.0
506,1562,4.0
506,7326,4.0
506,7345,4.0
506,9870,5.0
506,13310,5.0
506,12783,4.0
506,18320,4.0
506,37735,4.0
506,157336,5.0
507,9598,5.0
507,2064,4.0
507,13,4.0
507,1637,5.0
507,5503,4.0
507,329,4.0
508,600,4.5
508,105,4.5
508,165,4.0
508,196,4.0
509,862,4.0
509,9273,4.0
509,63,4.0
509,9603,4.0
509,11,4.0
509,19101,4.5
509,3049,4.0
509,8587,4.0
509,9479,4.0
509,583,4.5
509,762,4.0
509,1891,4.0
509,2493,4.0
509,85,4.0
509,18971,4.0
509,914,4.5
509,11970,4.0
509,37165,4.0
509,10674,4.0
509,2907,4.0
509,817,4.0
509,10386,4.0
509,745,4.0
509,49948,4.0
509,71,4.0
509,808,4.0
509,141,4.0
509,194,4.0
509,120,5.0
509,9023,4.0
509,129,4.0
509,121,5.0
509,8392,4.0
509,4543,4.0
509,508,4.0
509,122,5.0
509,164721,4.0
509,809,4.0
509,8699,4.0
509,9806,4.0
509,4935,4.0
509,7453,4.0
509,13589,4.0
509,4348,4.0
509,752,4.0
509,1417,4.0
509,2977,4.0
509,14784,4.0
509,12405,4.0
509,14836,4.0
509,14301,4.5
509,19422,4.0
509,12244,4.0
509,10315,4.0
509,18489,4.0
509,10191,4.5
509,9543,4.0
509,10193,4.0
509,37735,4.0
509,43949,4.5
509,38757,4.0
509,183894,4.5
509,50646,4.0
509,18093,4.0
509,24428,4.5
509,45708,4.0
509,49026,4.0
509,22970,4.0
509,147269,4.5
509,62177,4.0
509,114150,4.5
509,140420,4.0
509,68718,4.0
509,253941,4.0
509,109445,4.5
509,110415,4.0
509,233063,4.0
509,137106,4.0
509,82702,4.5
509,118340,4.0
509,177572,4.5
509,266856,4.5
509,99861,4.0
509,159704,4.0
509,150689,4.0
509,254470,5.0
510,629,4.0
510,13685,4.0
510,5503,4.5
510,26408,4.0
510,935,4.5
510,238,4.5
510,705,4.5
510,562,4.0
510,85,4.0
510,28,4.0
510,37247,4.0
510,1480,4.5
510,694,4.0
510,5925,4.0
510,137,4.0
510,9552,4.5
510,11545,4.5
510,9451,4.0
510,813,4.0
510,3086,4.0
510,5924,4.0
510,5683,4.0
510,891,4.5
510,272,4.0
510,6957,4.5
511,278,5.0
511,13,4.5
511,424,5.0
511,85,5.0
511,782,4.0
511,637,4.5
511,603,5.0
511,1893,4.0
511,550,5.0
511,901,4.5
511,194,4.0
511,120,5.0
511,122,5.0
511,3594,4.0
511,2013,4.0
511,13363,4.0
511,6023,4.0
511,14784,4.0
511,14160,4.5
511,27205,5.0
511,24428,4.5
511,44826,4.0
511,49026,5.0
511,77338,5.0
511,76493,4.0
511,83542,4.0
511,68718,4.0
511,76203,4.0
511,157336,4.5
511,119450,4.0
511,245891,4.0
511,264660,4.5
511,207703,4.0
511,76341,4.0
511,284053,4.0
511,308369,4.0
511,286217,4.0
511,281957,5.0
511,329865,4.0
512,63,5.0
512,9603,4.0
512,807,5.0
512,629,5.0
512,197,5.0
512,568,4.0
512,11780,5.0
512,10329,4.0
512,8963,4.0
512,1572,5.0
512,628,5.0
512,241,5.0
512,680,5.0
512,11450,4.0
512,278,5.0
512,13,5.0
512,8587,4.0
512,1637,4.0
512,37233,4.0
512,5503,5.0
512,9386,4.0
512,329,4.0
512,424,5.0
512,251,4.0
512,274,5.0
512,10020,4.0
512,114,4.0
513,63,4.0
513,197,4.0
513,568,4.5
513,522,4.5
513,11,5.0
513,680,4.5
513,278,5.0
513,5503,4.5
513,274,4.0
513,935,5.0
513,770,5.0
513,15,4.0
513,1892,4.0
513,525,4.0
513,279,5.0
513,642,4.5
513,154,4.5
513,14,4.0
513,808,4.0
513,557,4.0
513,891,4.5
514,862,4.0
514,9087,4.0
514,9598,4.0
514,807,4.0
514,2054,4.0
514,568,4.0
514,8963,4.0
514,26564,4.0
514,11,5.0
514,680,4.0
514,13,4.0
514,8587,4.0
514,11566,4.0
514,5503,4.0
514,9386,4.0
514,329,4.5
514,812,4.0
514,280,4.0
514,274,5.0
514,10020,4.0
514,10895,4.0
514,275,4.0
514,954,4.0
514,630,4.5
514,11224,4.0
514,562,4.0
514,623,4.0
514,500,4.0
514,792,4.0
514,601,4.5
514,11816,4.0
514,790,4.0
514,762,4.0
514,18129,4.0
514,510,4.0
514,1891,5.0
514,2493,5.0
514,85,5.0
514,679,5.0
514,595,4.0
514,1892,4.0
514,769,4.5
514,348,4.0
514,9277,4.5
514,218,4.0
514,694,4.0
514,235,4.5
514,137,4.0
514,33,4.0
514,105,5.0
514,3034,4.0
514,11031,4.0
514,89,4.0
514,2323,5.0
514,639,4.5
514,814,4.0
514,7340,4.0
514,578,5.0
514,9390,4.0
514,2322,4.5
514,16448,4.0
514,686,4.0
514,1669,4.5
514,2118,4.0
514,4995,4.5
514,9281,4.0
514,37165,4.0
514,489,4.0
514,597,4.0
514,2898,4.0
514,1366,4.0
514,380,4.0
514,403,4.0
514,2108,4.0
514,948,4.0
514,609,4.0
514,9552,4.0
514,927,4.0
514,857,4.0
514,9325,4.0
514,10144,4.0
514,10693,4.0
514,10882,4.0
514,227,4.0
514,87,4.0
514,4011,4.0
514,117,4.0
514,12626,4.0
514,881,4.5
514,1091,4.0
514,11881,5.0
514,1885,4.5
514,9426,4.0
514,603,4.0
514,8974,4.0
514,620,4.0
514,745,4.0
514,813,4.0
514,11153,4.0
514,2280,4.0
514,850,4.0
514,14,4.0
514,11797,4.0
514,9346,4.0
514,9377,4.0
514,5548,4.0
514,11393,4.0
514,334,4.0
514,632,4.0
514,13342,4.0
514,8872,4.0
514,5693,4.0
514,287,4.0
514,968,4.0
514,838,4.5
514,8469,4.0
514,840,5.0
514,1700,4.0
514,106,4.0
514,11977,4.0
514,11072,4.0
514,8810,4.5
514,6978,4.0
514,37136,4.0
514,13785,4.0
514,10673,4.0
514,1547,4.0
514,634,4.0
514,808,4.0
514,1406,4.0
514,9576,4.5
514,984,4.0
514,453,4.0
514,245,4.5
514,13370,4.0
514,12,4.0
514,11206,4.0
514,891,4.0
514,508,4.5
514,860,5.0
514,673,4.0
514,13187,5.0
514,11558,4.0
514,4539,4.0
514,773,4.0
514,2062,4.0
514,13377,5.0
514,8363,4.0
514,13958,4.5
514,5176,4.0
514,8681,4.0
514,13353,4.0
514,16869,4.0
514,13475,4.0
514,18785,4.0
514,12162,4.0
514,22881,4.0
514,10528,4.0
514,13382,4.5
514,11324,4.0
514,10191,4.0
514,27205,4.0
514,37799,5.0
514,45269,4.0
514,45317,4.0
514,44264,4.5
514,51540,4.0
514,61791,4.0
514,50014,4.0
514,60308,4.5
514,114150,4.0
514,75656,4.0
514,138832,4.0
514,106646,4.0
514,120467,4.0
514,157336,4.0
514,244786,4.5
514,177572,4.0
514,227159,4.0
514,202249,4.0
514,286217,4.0
514,314365,4.0
514,318846,4.0
514,125464,4.0
514,291805,4.0
514,353486,4.0
514,395990,4.0
514,447332,4.0
514,455980,4.0
515,629,4.5
515,11,5.0
515,278,5.0
515,13,5.0
515,424,5.0
515,857,5.0
515,550,5.0
515,497,5.0
515,272,5.0
515,1422,5.0
515,1124,5.0
515,155,5.0
515,1726,5.0
515,10681,5.0
515,27205,5.0
515,49026,5.0
515,244786,5.0
515,205596,5.0
515,284053,5.0
515,283995,5.0
515,419430,4.5
515,263115,5.0
515,374720,4.0
515,395834,4.0
515,335984,5.0
515,181808,4.0
516,11,5.0
516,5503,4.0
516,329,4.0
516,9591,4.0
516,2493,4.0
516,85,4.0
516,1366,5.0
516,840,5.0
516,134,4.0
516,808,5.0
516,13554,4.0
516,11896,4.0
516,10364,4.0
516,10339,5.0
517,862,4.0
517,9598,5.0
517,10510,5.0
517,278,4.0
517,712,5.0
517,8587,4.5
517,788,5.0
517,1245,4.0
517,771,5.0
517,251,4.0
517,10020,4.0
517,10112,5.0
517,872,4.5
517,164,4.5
517,239,4.0
517,289,4.0
517,11113,4.5
517,909,4.0
517,630,4.5
517,770,4.0
517,1585,4.5
517,433,5.0
517,11360,4.0
517,12092,4.0
517,15121,5.0
517,601,5.0
517,409,4.0
517,5925,4.0
517,105,5.0
517,756,5.0
517,783,4.0
517,11674,5.0
517,9427,4.5
517,165,4.0
517,196,4.5
517,3170,4.0
517,9325,5.0
517,10340,4.0
517,10144,4.0
517,12230,4.0
517,10693,4.0
517,10882,4.0
517,9447,4.5
517,11881,4.5
517,16520,4.5
517,772,5.0
517,13485,5.0
517,497,4.0
517,619,4.0
517,13368,4.5
517,71,4.5
517,8358,4.0
517,808,4.0
517,671,4.0
517,5279,5.0
517,651,4.0
517,672,4.0
517,12,4.0
517,508,5.0
517,673,4.5
517,5255,5.0
517,411,5.0
517,1165,4.0
517,13967,4.0
517,4347,4.0
517,2454,4.0
517,12405,4.0
517,14574,4.0
517,2309,4.0
517,14160,5.0
517,24420,4.0
517,42188,4.0
517,10140,4.5
517,44826,5.0
517,13396,4.0
517,74534,4.5
517,230657,4.0
517,205596,4.0
517,278927,5.0
518,766,4.0
518,8009,4.0
518,903,4.5
518,174,4.0
518,586,4.0
518,8656,4.5
518,10403,5.0
518,9798,4.0
518,36685,4.5
518,786,4.5
518,2832,4.5
518,36658,4.5
518,604,4.0
518,12,5.0
519,278,5.0
519,13,5.0
519,489,5.0
519,73,5.0
519,462,5.0
519,1597,4.0
519,1493,5.0
519,161,4.0
519,640,4.0
519,9654,4.0
519,9509,5.0
519,9522,4.0
519,7485,5.0
519,7326,4.0
519,8681,5.0
519,18785,5.0
519,19995,4.0
519,50646,5.0
519,138832,5.0
519,271718,4.0
519,257211,4.0
520,710,4.0
520,628,4.0
520,2164,4.0
520,278,5.0
520,11381,4.0
520,11934,5.0
520,9593,4.0
520,8005,4.0
520,78,5.0
520,9479,4.5
520,771,4.0
520,280,4.5
520,935,5.0
520,4808,4.0
520,583,4.0
520,762,5.0
520,2493,5.0
520,85,5.0
520,679,5.0
520,348,5.0
520,766,5.0
520,9277,5.0
520,218,4.0
520,826,4.0
520,137,5.0
520,105,5.0
520,3034,5.0
520,914,4.5
520,89,4.0
520,830,4.0
520,199,5.0
520,12498,4.5
520,1624,4.0
520,9611,4.0
520,607,5.0
520,1669,4.0
520,2649,4.0
520,37165,4.5
520,2666,4.5
520,10153,4.0
520,9313,4.0
520,19,5.0
520,165,4.0
520,196,4.0
520,11974,4.0
520,34584,4.5
520,117,4.0
520,2657,4.0
520,10466,4.0
520,10303,4.0
520,9326,4.5
520,5825,5.0
520,9671,4.0
520,13466,4.0
520,1542,4.0
520,10803,4.0
520,100,4.0
520,603,5.0
520,564,5.0
520,620,4.0
520,9824,4.5
520,813,4.0
520,861,5.0
520,9377,4.0
520,492,4.0
520,128,4.0
520,1621,5.0
520,2668,4.0
520,497,4.0
520,926,4.0
520,462,4.0
520,3082,4.0
520,1908,4.0
520,10559,4.0
520,11027,4.0
520,7450,5.0
520,7443,4.0
520,36657,4.0
520,1597,4.0
520,107,4.5
520,134,5.0
520,90,5.0
520,808,4.0
520,644,4.0
520,8835,4.0
520,12120,4.0
520,6951,4.0
520,585,4.0
520,194,5.0
520,9428,4.0
520,120,4.0
520,453,4.0
520,37257,5.0
520,9275,4.0
520,557,4.0
520,608,4.0
520,129,4.0
520,860,4.0
520,11824,5.0
520,11821,4.0
520,587,4.0
520,122,4.0
520,18841,4.0
520,5516,4.0
520,1487,4.0
520,2048,4.0
520,9806,4.0
520,2059,4.0
520,5996,4.5
520,7453,4.0
520,74,5.0
520,16320,5.0
520,1726,5.0
520,9502,4.0
520,10681,4.5
520,11260,4.5
520,14301,5.0
520,16869,4.5
520,19995,4.5
520,10528,5.0
520,45269,5.0
521,949,4.0
521,10858,4.0
521,5,4.0
521,451,5.0
521,687,4.0
521,35196,4.0
521,11448,4.0
521,11010,4.0
521,9623,4.0
521,10534,4.0
521,275,5.0
521,1592,4.0
521,954,4.0
521,10539,4.0
521,8866,4.0
521,9802,4.0
521,664,4.0
521,602,4.0
521,9294,4.0
521,1645,4.0
521,10830,4.0
521,252,4.0
522,710,4.5
522,629,4.5
522,197,4.0
522,2293,4.5
522,2292,5.0
522,11,5.0
522,680,5.0
522,278,5.0
522,193,4.5
522,854,4.0
522,812,4.0
522,627,4.0
522,238,4.5
522,562,4.0
522,500,4.0
522,762,4.5
522,510,4.0
522,1891,4.5
522,2493,4.5
522,679,4.5
522,1892,4.0
522,348,5.0
522,525,4.0
522,240,4.0
522,9277,4.5
522,137,4.5
522,105,5.0
522,89,4.5
522,199,4.5
522,152,4.0
522,174,4.0
522,172,4.0
522,154,4.5
522,9390,4.0
522,9434,4.5
522,607,4.0
522,2255,4.5
522,1813,4.5
522,489,4.5
522,115,4.5
522,2898,4.0
522,857,5.0
522,97,4.5
522,73,4.5
522,200,4.0
522,1542,4.5
522,100,4.5
522,603,4.0
522,9473,4.5
522,14,5.0
522,226,4.5
522,9377,4.5
522,550,4.0
522,492,4.5
522,1832,4.5
522,23928,4.0
522,98,4.0
522,107,4.0
522,134,4.0
522,141,4.0
522,161,4.5
522,4147,4.0
522,201,4.0
522,598,4.5
522,11299,4.0
522,9654,4.0
522,22,5.0
522,38,4.0
522,747,4.0
522,8677,4.0
522,44756,4.0
522,206216,5.0
522,272,4.0
522,16320,4.0
522,5236,4.0
522,10851,5.0
522,752,4.5
522,9388,4.0
522,388,4.5
522,186,4.5
522,1422,5.0
522,36557,5.0
522,4638,4.0
522,6977,4.5
522,14069,5.0
522,8848,4.5
522,155,5.0
522,1726,4.0
522,13183,5.0
522,13809,5.0
522,10764,4.5
522,18884,4.0
522,19255,4.0
522,14301,4.5
522,15472,4.0
522,16869,4.5
522,21641,4.5
522,18785,4.0
522,17654,4.5
522,19908,4.0
522,34423,4.5
522,39452,4.0
522,10138,4.0
522,76180,4.5
522,16023,4.5
522,27205,5.0
522,22538,5.0
522,37799,4.5
522,44214,4.5
522,45269,5.0
522,45317,4.0
522,44264,4.5
522,20526,5.0
522,45612,4.0
522,45523,5.0
522,30969,5.0
522,24447,5.0
522,37686,4.5
522,12445,4.0
522,60308,4.0
522,24428,5.0
522,49026,4.0
522,65754,5.0
522,80379,5.0
522,83666,4.5
522,37724,4.5
522,68718,5.0
522,54138,4.5
522,185574,5.0
522,100402,5.0
522,118340,5.0
522,321594,5.0
523,8844,4.5
523,101,5.0
523,11395,4.0
523,278,5.0
523,13,4.5
523,8587,5.0
523,854,4.5
523,424,4.5
523,251,4.5
523,408,4.0
523,1624,4.5
523,489,5.0
523,597,5.0
523,550,4.5
523,497,5.0
523,98,5.0
523,641,4.5
523,392,5.0
523,1734,4.5
523,194,5.0
523,120,5.0
523,453,5.0
523,11544,4.0
523,129,5.0
523,121,5.0
523,8392,5.0
523,640,5.0
523,10515,4.0
523,22,4.5
523,616,5.0
523,587,5.0
523,122,5.0
523,38,5.0
523,1577,5.0
523,866,5.0
523,11621,4.5
523,37797,4.5
523,15370,4.0
523,4935,5.0
523,561,5.0
523,953,4.5
523,3933,5.0
523,58,4.5
523,1491,5.0
523,559,4.5
523,13754,5.0
523,6479,5.0
523,7326,4.0
523,13885,5.0
523,14069,5.0
523,155,5.0
523,225130,5.0
523,12429,5.0
523,11324,5.0
523,10191,5.0
523,10140,4.5
523,49026,5.0
523,77338,4.0
523,62177,4.5
523,110420,5.0
523,64682,5.0
523,62211,4.0
523,76170,5.0
523,149870,5.0
523,106646,5.0
523,205596,5.0
523,92321,5.0
523,293660,5.0
523,20875,4.0
523,370646,5.0
523,269149,4.5
523,263115,5.0
524,862,4.0
524,949,4.0
524,710,4.0
524,807,5.0
524,9208,4.0
524,568,5.0
524,11780,5.0
524,8963,5.0
524,522,4.0
524,11,5.0
524,9331,5.0
524,854,5.0
524,1637,5.0
524,36955,4.0
524,5503,5.0
524,9386,4.0
524,329,4.0
524,9593,4.0
524,2320,5.0
524,78,5.0
524,10057,4.0
524,11969,4.0
524,251,4.0
524,812,4.0
524,280,5.0
524,274,4.0
524,9802,4.0
524,10547,4.0
524,1645,4.0
524,3595,4.0
524,62,4.0
524,11412,4.0
524,10586,4.0
524,762,5.0
524,1891,5.0
524,2493,5.0
524,85,5.0
524,679,5.0
524,429,4.0
524,28,4.0
524,279,5.0
524,9549,4.0
524,387,5.0
524,9277,4.0
524,218,4.0
524,9665,5.0
524,826,4.0
524,33,5.0
524,105,5.0
524,11202,4.0
524,8009,5.0
524,3034,5.0
524,89,5.0
524,983,5.0
524,199,4.0
524,154,5.0
524,168,4.0
524,8845,4.0
524,346,4.0
525,862,4.0
525,9603,4.5
525,629,4.5
525,568,4.0
525,397,4.0
525,11,4.0
525,101,4.0
525,278,4.5
525,13,4.0
525,8587,4.0
525,36955,4.5
525,329,4.0
525,8005,4.5
525,424,4.0
525,9479,4.0
525,114,4.0
525,275,4.5
525,9802,4.0
525,872,4.5
525,164,4.0
525,11113,4.0
525,804,4.0
525,433,4.5
525,15121,4.5
525,562,4.5
525,623,4.5
525,583,4.5
525,88,4.5
525,762,4.5
525,1891,4.5
525,2493,4.5
525,85,4.0
525,1892,4.0
525,525,4.0
525,207,4.5
525,235,4.0
525,137,4.0
525,105,4.0
525,11031,4.0
525,621,4.5
525,378,4.0
525,18,4.5
525,8874,4.0
525,37165,4.5
525,2108,4.5
525,9325,4.0
525,10437,4.5
525,10882,4.0
525,2619,4.0
525,15144,4.0
525,162,4.0
525,637,4.0
525,1934,4.0
525,11881,4.5
525,9326,4.0
525,1542,4.5
525,603,4.0
525,4951,4.0
525,36685,4.5
525,620,4.0
525,9267,4.0
525,14,4.0
525,9377,4.5
525,658,4.0
525,856,4.0
525,492,4.5
525,128,4.0
525,957,4.0
525,11886,4.0
525,1832,4.5
525,863,4.0
525,8469,4.0
525,243,4.0
525,10501,4.0
525,1443,4.5
525,11072,4.0
525,786,4.5
525,13785,4.5
525,10637,4.5
525,641,4.0
525,146,4.5
525,392,4.0
525,11688,4.0
525,1493,4.0
525,77,4.0
525,9476,4.0
525,824,4.0
525,8835,4.5
525,13403,4.0
525,1933,4.0
525,2294,4.0
525,9398,4.0
525,141,4.0
525,161,4.5
525,194,4.5
525,9428,4.5
525,5279,4.5
525,11362,4.0
525,129,4.5
525,1430,4.0
525,7299,4.0
525,8392,4.0
525,1574,4.5
525,13370,4.0
525,16636,4.5
525,12,4.5
525,9654,4.0
525,1088,4.0
525,22,4.5
525,153,4.0
525,9662,4.0
525,4543,4.0
525,24,4.5
525,10719,4.0
525,508,4.5
525,79,4.5
525,10591,4.0
525,393,4.0
525,10625,4.5
525,140207,4.0
525,13193,4.5
525,673,4.5
525,246,4.5
525,8193,4.0
525,401,4.0
525,747,4.5
525,1599,4.5
525,9550,4.5
525,16859,4.0
525,206216,4.0
525,1392,4.0
525,4935,4.0
525,7453,4.0
525,1640,4.0
525,787,4.5
525,16320,4.0
525,398,4.0
525,4348,4.5
525,9899,4.0
525,10982,4.0
525,9388,4.0
525,388,4.5
525,582,4.5
525,350,4.0
525,1887,4.0
525,773,4.5
525,1776,4.0
525,1417,4.0
525,9693,4.0
525,1124,4.0
525,2976,4.0
525,5723,4.0
525,675,4.0
525,4688,4.0
525,7326,4.5
525,13348,4.0
525,155,4.0
525,9870,4.0
525,14048,4.0
525,13310,4.0
525,17431,4.5
525,19913,4.0
525,767,4.0
525,17654,4.0
525,23128,4.0
525,10315,4.5
525,10191,4.0
525,27205,4.0
525,22538,4.5
525,37799,4.0
525,37735,4.5
525,44214,4.0
525,12444,4.0
525,45269,4.0
525,50646,4.0
525,50014,4.0
525,24428,4.5
525,64688,4.0
525,80767,4.5
525,83666,4.5
525,62177,4.0
525,37724,4.0
525,114150,4.0
525,59967,4.0
525,68734,4.0
525,84287,4.5
525,82693,4.0
525,82695,4.0
525,75656,4.0
525,159014,4.0
525,68726,4.0
525,158999,4.0
525,253941,4.0
525,212063,4.0
525,120467,4.0
525,157336,4.0
525,100402,4.0
525,137113,4.5
525,118340,4.5
525,205596,4.0
525,207703,4.5
525,86705,4.0
525,76341,4.5
525,140607,4.0
525,286217,4.0
525,150540,4.0
525,281979,4.5
525,200813,4.5
525,324325,4.0
525,282758,4.0
525,192040,4.5
526,76,5.0
526,680,4.0
526,278,4.0
526,274,4.0
526,275,4.5
526,627,4.0
526,13446,4.0
526,279,4.0
526,207,4.5
526,10644,4.0
526,115,4.5
526,380,4.0
526,637,5.0
526,12560,4.0
526,104,4.5
526,14,4.0
526,550,4.0
526,624,4.5
526,801,5.0
526,71,5.0
526,392,4.5
526,134,5.0
526,194,4.5
526,9428,4.0
526,4543,5.0
526,587,4.5
526,9806,4.0
526,16729,4.5
526,582,4.0
526,773,5.0
526,4638,4.5
526,5915,4.5
526,2013,4.0
526,10681,4.0
526,10139,5.0
526,45269,4.0
526,72113,5.0
526,77338,5.0
526,152532,4.5
526,106646,4.0
526,168672,4.0
526,152601,4.0
526,120467,4.0
526,85350,5.0
526,320007,5.0
526,286217,4.5
526,42293,4.0
526,131244,4.5
527,8844,4.0
527,9598,5.0
527,11,5.0
527,193,4.0
527,8587,4.0
527,37233,5.0
527,1634,4.0
527,329,5.0
527,812,5.0
527,581,5.0
527,274,5.0
527,10020,5.0
527,25059,4.0
527,9802,5.0
527,602,4.0
527,10061,4.0
527,289,4.0
527,963,4.0
527,630,5.0
527,488,4.0
527,18444,4.0
527,12335,4.0
527,15121,5.0
527,252,5.0
527,601,5.0
527,11843,4.0
527,1103,5.0
527,1891,5.0
527,85,5.0
527,1892,5.0
527,348,5.0
527,207,4.0
527,3090,4.0
527,694,5.0
527,235,4.0
527,212,4.0
527,105,4.0
527,665,4.0
527,89,4.0
527,571,5.0
527,794,4.0
527,199,4.0
527,152,4.0
527,174,4.0
527,172,4.0
527,154,5.0
527,168,4.0
527,578,5.0
527,9390,4.0
527,11970,4.0
527,9387,5.0
527,10890,4.0
527,9440,4.0
527,9449,4.0
527,846,5.0
527,12311,4.0
527,380,5.0
527,2108,5.0
527,948,5.0
527,609,4.0
527,9552,5.0
527,941,5.0
527,37969,4.0
527,13850,4.0
527,87,5.0
527,11336,5.0
527,16081,4.0
527,15171,5.0
527,11837,4.0
527,8393,4.0
527,805,4.0
527,34584,5.0
527,847,5.0
527,1091,5.0
527,1890,4.0
527,12223,4.0
527,9487,5.0
527,8856,4.0
527,9822,4.0
527,10658,5.0
527,9426,5.0
527,9671,5.0
527,9396,5.0
527,12715,5.0
527,10803,4.0
527,871,5.0
527,1687,4.0
527,16520,4.0
527,18462,4.0
527,36685,5.0
527,620,4.0
527,2280,5.0
527,9096,5.0
527,24153,4.0
527,11797,4.0
527,10669,4.0
527,11527,5.0
527,9377,4.0
527,1654,4.0
527,658,4.0
527,5689,4.0
527,36819,4.0
527,16281,4.0
527,62204,5.0
527,11498,4.0
527,29154,5.0
527,2039,4.0
527,863,4.0
527,497,5.0
527,13342,4.0
527,20283,4.0
527,11176,4.0
527,19736,4.0
527,8469,5.0
527,801,5.0
527,1700,5.0
527,23069,5.0
527,21299,4.0
527,38802,4.0
527,865,5.0
527,7443,4.0
527,11688,5.0
527,10054,4.0
527,9476,4.0
527,82623,4.0
527,1648,5.0
527,331,5.0
527,1933,4.0
527,43802,4.0
527,42158,4.0
527,671,5.0
527,16085,5.0
527,3537,4.0
527,848,5.0
527,9610,4.0
527,651,5.0
527,425,4.0
527,21629,5.0
527,10323,5.0
528,197,5.0
528,568,4.0
528,680,4.0
528,13,5.0
528,5503,4.0
528,280,4.0
528,274,4.0
528,627,4.0
528,562,5.0
528,769,4.0
528,600,4.0
528,218,4.0
528,489,5.0
528,191874,4.5
528,8195,5.0
528,73,4.5
528,603,5.0
528,98,5.0
528,107,5.0
528,26719,4.0
528,453,4.5
528,36586,4.0
528,2501,5.0
528,272,4.5
528,388,4.0
528,1422,4.5
528,7347,5.0
528,155,5.0
528,15472,4.0
528,44639,4.5
528,47931,5.0
528,60308,4.5
528,49026,4.5
528,65754,4.0
528,109424,4.5
528,106646,4.0
529,63,5.0
529,9208,4.0
529,9101,4.0
529,11,5.0
529,8840,4.0
529,9802,5.0
529,664,4.0
529,602,4.0
529,9268,5.0
530,9087,4.0
530,568,4.0
530,6950,4.0
530,2064,4.0
530,9331,4.0
530,13,5.0
530,11566,4.0
530,37233,5.0
530,5503,5.0
530,9386,4.0
530,329,4.0
530,858,4.0
530,251,5.0
530,581,5.0
530,268,4.0
530,274,4.0
530,114,4.0
531,710,4.0
531,11,5.0
531,329,4.0
531,274,5.0
531,9802,4.0
531,85,5.0
531,235,5.0
531,89,5.0
531,9366,4.0
531,380,5.0
531,120,5.0
531,557,5.0
532,949,5.0
532,197,5.0
532,103,4.0
532,278,4.0
532,5503,5.0
532,329,4.0
532,7007,5.0
532,424,5.0
532,280,4.0
532,274,4.0
532,275,4.0
532,10990,4.0
532,238,5.0
532,85,4.0
532,679,5.0
532,769,5.0
532,348,5.0
532,387,5.0
532,218,4.0
532,9665,5.0
532,379,4.0
532,89,5.0
532,1598,5.0
532,607,5.0
532,1669,5.0
532,597,5.0
532,1051,4.0
532,242,4.0
532,857,5.0
532,117,5.0
532,1091,4.0
532,73,4.0
532,244,4.0
532,9326,4.0
532,603,5.0
532,14,4.0
532,550,5.0
532,497,5.0
532,8810,5.0
532,11028,4.0
532,11454,5.0
532,111,4.0
533,862,5.0
533,13,5.0
533,679,4.0
533,348,4.0
533,766,5.0
533,694,4.5
533,578,4.0
533,9552,5.0
533,1091,5.0
533,1542,4.0
533,603,5.0
533,550,5.0
533,11879,5.0
533,764,5.0
533,585,5.0
533,194,5.0
533,253768,5.0
533,1992,5.0
533,8329,5.0
533,13310,5.0
533,14160,5.0
533,27205,4.0
533,41402,5.0
533,46838,5.0
533,22970,5.0
533,138843,5.0
533,207703,5.0
533,227719,5.0
534,862,4.0
534,8844,4.5
534,710,4.0
534,9273,4.0
534,9598,4.0
534,9312,4.0
534,807,4.0
534,10530,4.0
534,9614,4.0
534,8839,4.0
534,1572,4.5
534,9482,4.0
534,2293,4.5
534,9804,4.0
534,2292,4.0
534,628,4.0
534,11,4.5
534,13,4.5
534,8587,4.0
534,854,4.0
534,11667,4.0
534,9739,4.0
534,329,4.5
534,788,4.5
534,5550,4.0
534,9479,4.0
534,771,4.5
534,812,4.5
534,268,4.0
534,274,4.0
534,10895,4.0
534,8840,4.0
534,602,4.5
534,10545,4.0
534,11228,4.0
534,10948,4.5
534,562,4.5
534,601,4.0
534,1891,4.5
534,85,4.0
534,1892,4.5
534,766,4.5
534,105,5.0
534,756,4.5
534,89,4.5
534,1573,4.0
534,578,4.5
534,816,4.0
534,18,4.5
534,11970,4.0
534,607,4.0
534,563,4.0
534,37165,5.0
534,9444,4.0
534,597,4.5
534,9313,4.5
534,8656,4.0
534,10674,4.0
534,95,4.5
534,544,4.5
534,927,4.0
534,928,4.5
534,9340,4.0
534,165,4.5
534,196,4.0
534,3170,4.0
534,857,4.5
534,9354,4.0
534,10144,4.0
534,12230,4.0
534,11135,4.0
534,87,4.0
534,34584,4.0
534,36647,4.5
534,4011,4.5
534,2109,4.0
534,162,4.0
534,8916,4.0
534,637,5.0
534,73,4.0
534,9837,5.0
534,603,4.0
534,564,4.5
534,1924,4.0
534,817,4.0
534,2105,4.5
534,620,4.5
534,2978,4.0
534,745,4.0
534,658,4.0
534,657,4.0
534,646,4.0
534,5548,4.5
534,5549,4.0
534,856,4.0
534,863,4.5
534,2787,4.5
534,10501,4.5
534,879,4.5
534,98,4.5
534,8584,4.0
534,7443,4.0
534,36657,4.0
534,1597,5.0
534,107,4.0
534,10110,4.5
534,1734,4.0
534,808,4.5
534,10865,4.5
534,9799,4.5
534,644,4.0
534,2114,4.0
534,10925,4.5
534,331,4.0
534,5175,4.0
534,9896,4.5
534,9398,4.0
534,167,4.5
534,585,4.0
534,10796,4.0
534,671,4.0
534,161,4.0
534,120,4.0
534,453,4.0
534,1576,4.0
534,9334,4.0
534,2501,4.5
534,11544,4.0
534,180,4.5
534,2022,5.0
534,4108,5.0
534,672,4.0
534,9016,4.5
534,121,4.0
534,6038,4.0
534,36658,4.0
534,12,4.0
534,14411,4.0
534,22,4.5
534,9486,4.5
534,9362,4.0
534,277,4.0
534,1584,4.0
534,24,4.5
534,79,4.5
534,616,4.5
534,122,4.5
534,1954,4.5
534,1824,4.0
534,1487,4.5
534,393,4.5
534,667,4.0
534,13282,4.0
534,2789,4.0
534,9472,4.5
534,558,4.0
534,9477,4.5
534,11282,4.0
534,747,4.5
534,3989,4.0
534,9806,4.0
534,110147,4.5
534,206216,4.5
534,55931,4.5
534,11774,4.5
534,693,5.0
534,9470,4.5
534,9928,4.0
534,187,4.5
534,7453,4.5
534,1895,4.0
534,9779,4.0
534,9522,5.0
534,6957,4.0
534,9564,4.0
534,8202,4.0
534,3933,4.0
534,647,4.0
534,674,4.0
534,254,4.0
534,10045,4.5
534,752,4.0
534,956,4.0
534,36668,4.0
534,9339,4.0
534,58,4.0
534,1593,4.0
534,1948,5.0
534,9693,4.0
534,36557,4.0
534,2062,4.0
534,17266,4.0
534,4638,4.5
534,1271,4.0
534,1267,4.0
534,4964,4.0
534,1991,4.0
534,3563,5.0
534,2270,4.5
534,4523,4.0
534,69315,4.0
534,14069,4.5
534,11253,4.0
534,8247,4.0
534,13460,4.0
534,9870,4.0
534,1729,4.0
534,1726,4.0
534,9502,4.0
534,10661,4.0
534,11665,4.5
534,7446,4.0
534,12180,4.0
534,13637,4.5
534,13092,4.5
534,12405,4.0
534,15373,4.0
534,13053,4.5
534,13980,4.0
534,4922,4.5
534,10201,5.0
534,14756,4.0
534,2309,4.0
534,14560,4.0
534,14836,4.5
534,15067,4.5
534,16538,4.0
534,15512,4.0
534,13804,4.0
534,16869,4.0
534,13475,4.5
534,18785,4.0
534,14451,4.0
534,14728,4.0
534,22794,4.5
534,19959,5.0
534,19908,4.0
534,105077,4.0
534,14161,4.0
534,10528,4.5
534,19901,4.0
534,2395,4.0
534,18823,4.0
534,23483,4.5
534,35056,4.0
534,20662,4.0
534,34544,4.0
534,20352,4.5
534,27205,4.5
534,37834,4.5
534,27578,4.0
534,22538,4.5
534,37735,4.0
534,41216,4.0
534,39514,4.0
534,38055,4.0
534,38757,4.5
534,46838,4.5
534,40805,4.0
534,39513,4.0
534,28874,4.5
534,50546,5.0
534,45612,4.5
534,51497,4.0
534,51608,4.5
534,45243,4.0
534,49444,4.0
534,61791,4.0
534,24428,4.0
534,52451,4.0
534,9369,4.0
534,76163,4.0
534,58574,4.0
534,56292,4.5
534,49529,4.0
534,64688,4.0
534,57165,4.0
534,94329,4.5
534,62764,4.0
534,88005,4.0
534,80035,4.0
534,64635,4.0
534,114150,4.0
534,49049,4.5
534,76492,4.5
534,83542,4.5
534,87826,4.0
534,82690,4.5
534,140420,4.0
534,82654,4.0
534,75780,4.0
534,89492,4.5
534,60304,4.5
534,81005,4.0
534,68728,4.0
534,49519,4.0
534,75612,4.0
534,110420,4.0
534,82992,4.0
534,72190,4.0
534,93456,4.0
534,76170,4.0
534,76544,4.5
534,109418,4.5
534,59859,4.0
534,76338,4.0
534,64686,4.0
534,137106,4.0
534,136797,4.0
534,100402,4.0
534,137113,4.5
534,177677,4.0
534,152790,4.0
534,118340,4.5
534,138103,4.0
534,184315,4.0
534,246741,5.0
534,245891,4.5
534,84111,4.0
534,207703,4.5
534,293660,5.0
534,228161,4.0
534,168259,4.0
534,158852,4.5
534,218784,4.5
534,284514,4.0
534,375366,5.0
535,603,4.0
535,9451,5.0
535,104,5.0
535,9473,5.0
535,10279,4.0
535,2105,4.0
535,745,5.0
535,37718,4.0
535,14,5.0
536,577,5.0
536,197,5.0
536,568,5.0
536,8984,4.0
536,9587,5.0
536,11318,5.0
536,11450,4.0
536,12122,5.0
536,9331,5.0
536,13,5.0
536,9359,4.0
536,12280,5.0
536,9350,5.0
536,37233,4.0
536,329,4.0
536,11858,5.0
536,424,5.0
536,274,4.0
537,278,4.0
537,854,4.0
537,73,4.5
537,603,4.0
537,497,4.0
537,299,5.0
537,161,5.0
537,120,4.5
537,121,4.5
537,640,5.0
537,22,5.0
537,4256,5.0
537,122,4.5
537,163,5.0
537,58,5.0
537,1422,4.5
537,285,5.0
537,298,5.0
537,4982,5.0
537,4515,5.0
537,8848,5.0
537,18785,4.0
537,767,4.0
537,19995,5.0
537,27205,5.0
537,37799,4.0
537,44639,5.0
537,45324,5.0
537,50839,5.0
537,68734,4.5
537,97630,4.0
537,68718,4.5
537,109424,5.0
537,106646,5.0
538,8839,4.5
538,8587,4.5
538,8005,5.0
538,812,5.0
538,10020,5.0
538,3065,5.0
538,164,4.0
538,15121,5.0
538,2493,5.0
538,3034,4.0
538,10674,4.0
538,9377,4.5
538,11176,5.0
538,11899,4.0
538,11977,4.0
538,11072,4.5
538,13368,5.0
538,15739,4.5
538,19933,5.0
538,14621,4.5
538,11891,4.5
538,129,5.0
538,6844,4.0
538,22682,5.0
538,673,4.5
538,20521,4.5
538,4523,4.5
538,155,4.5
538,14301,5.0
538,14160,5.0
538,19913,4.5
538,767,4.0
538,37735,4.5
538,45269,5.0
539,9536,4.5
539,278,4.0
539,2493,5.0
539,9313,4.0
539,9647,4.0
539,6978,4.5
539,808,5.0
539,585,4.5
539,425,4.5
539,12,5.0
539,22,4.5
539,13156,4.5
539,9806,4.5
539,2062,5.0
539,2270,5.0
539,9502,4.5
539,14160,5.0
539,18785,5.0
539,19908,5.0
540,807,4.5
540,11,5.0
540,680,5.0
540,280,4.5
540,252,4.0
540,1891,5.0
540,1892,5.0
540,857,5.0
540,73,5.0
540,603,4.0
540,1893,4.5
540,24452,4.0
540,9781,4.0
540,11601,4.0
540,550,4.5
540,4133,4.0
540,120,4.0
540,557,4.0
540,1894,4.0
540,180,4.0
540,22,4.5
540,747,4.5
540,187,5.0
540,1895,5.0
540,752,5.0
540,58,4.0
540,496,4.0
540,1422,5.0
541,11860,4.0
541,710,4.0
541,9087,4.0
541,1710,4.0
541,629,5.0
541,197,5.0
541,11863,4.0
541,8963,5.0
541,9382,4.0
541,1909,4.0
541,628,4.0
541,2164,5.0
541,278,4.0
541,193,4.0
541,9331,5.0
541,10731,4.0
541,13,5.0
541,712,4.0
541,10714,5.0
541,36955,4.0
541,37233,4.0
541,5503,5.0
541,9386,4.0
541,329,5.0
541,11971,4.0
541,9800,5.0
541,14534,4.0
541,14291,4.0
541,858,5.0
541,11969,4.0
541,581,5.0
541,274,4.0
541,408,5.0
541,954,5.0
541,503475,5.0
541,532,5.0
542,807,5.0
542,11000,4.0
542,278,5.0
542,13,5.0
542,8587,5.0
542,2758,4.5
542,408,4.0
542,10895,4.5
542,62,4.0
542,252,5.0
542,601,4.0
542,679,4.0
542,185,4.0
542,207,5.0
542,756,4.0
542,364,4.0
542,621,4.5
542,18,5.0
542,1813,5.0
542,782,4.5
542,10377,4.0
542,73,4.0
542,603,5.0
542,9032,4.0
542,9473,5.0
542,14,4.5
542,9377,4.5
542,550,5.0
542,1832,4.5
542,462,4.0
542,8843,4.0
542,1597,4.0
542,641,4.0
542,77,5.0
542,808,5.0
542,9705,4.0
542,644,5.0
542,161,5.0
542,453,4.5
542,425,4.0
542,8346,5.0
542,2501,4.0
542,565,4.0
542,640,4.5
542,1574,4.5
542,12,4.5
542,22,4.0
542,1954,5.0
542,38,4.0
542,10625,4.5
542,809,4.5
542,594,4.0
542,2048,4.0
542,747,5.0
542,1677,5.0
542,693,4.0
542,7453,4.0
542,787,4.0
542,1635,4.0
542,411,4.0
542,752,4.0
542,920,4.5
542,1262,4.0
542,1124,4.5
543,9101,5.0
543,1572,5.0
543,8467,5.0
543,11008,5.0
543,3049,4.0
543,8587,5.0
543,1637,5.0
543,36955,5.0
543,812,5.0
543,10020,5.0
543,9099,5.0
543,562,5.0
543,828,5.0
543,137,5.0
543,105,5.0
543,377,5.0
543,578,5.0
543,579,5.0
543,607,5.0
543,9574,5.0
543,95,5.0
543,9336,5.0
543,10157,5.0
543,12118,5.0
543,10587,5.0
543,11825,5.0
543,8856,5.0
543,12151,5.0
543,603,5.0
543,745,5.0
543,813,5.0
543,2665,5.0
543,14,5.0
543,550,5.0
543,9374,5.0
543,2069,5.0
543,4247,5.0
543,6282,5.0
543,77,5.0
543,4248,5.0
543,12120,5.0
543,2605,4.0
543,585,5.0
543,11086,5.0
543,640,5.0
543,9506,5.0
543,310,5.0
543,12,5.0
543,10152,5.0
543,38,5.0
543,272,5.0
543,496,5.0
543,2062,5.0
543,10681,5.0
543,8265,5.0
543,12405,5.0
543,16869,4.0
543,17654,5.0
543,19995,5.0
543,20453,5.0
543,46838,5.0
543,59436,5.0
543,50646,4.0
543,77338,5.0
543,68718,4.0
543,133698,5.0
544,34615,5.0
544,2054,5.0
544,4482,5.0
544,9208,4.0
544,51352,5.0
544,32308,5.0
544,28121,5.0
544,954,4.0
544,18989,5.0
544,20762,4.0
544,664,5.0
544,602,5.0
544,9591,5.0
544,11412,5.0
544,454,5.0
544,25750,5.0
544,199,5.0
545,982,5.0
545,9619,4.0
545,8656,4.5
545,846,4.0
545,8741,4.0
545,1844,5.0
545,509,4.0
545,913,4.0
546,755,5.0
546,9614,4.0
546,36593,4.0
546,329,4.0
546,280,5.0
546,9322,5.0
546,4995,5.0
546,13820,5.0
546,10014,4.0
546,10072,4.0
546,10131,4.0
546,10160,4.0
546,9728,4.0
546,9730,4.0
546,41769,4.0
546,813,4.0
546,14,5.0
546,10384,4.0
546,2155,5.0
546,4816,4.0
546,2067,4.0
546,462,4.0
546,9532,4.0
546,11332,4.0
546,9651,5.0
546,9003,4.0
546,9064,5.0
546,9507,4.0
546,27764,5.0
546,27767,5.0
546,40760,5.0
546,40446,5.0
546,2134,5.0
546,681,4.0
547,78,5.0
547,4480,4.0
547,14285,4.0
547,68,5.0
547,144,5.0
547,1554,5.0
547,11031,5.0
547,8816,5.0
547,378,5.0
547,859,5.0
547,793,5.0
547,14,5.0
547,14412,4.0
547,1621,4.0
547,12235,4.0
548,10634,5.0
548,13,5.0
548,9802,5.0
548,9390,5.0
548,27322,4.0
548,29461,4.5
548,603,5.0
548,10158,4.5
548,98,4.0
548,10637,5.0
548,2034,5.0
548,11469,4.0
548,13435,5.0
548,24,4.5
548,652,4.5
548,12153,4.0
548,1646,5.0
548,155,5.0
549,101,5.0
549,278,4.0
549,562,4.0
549,85,4.5
549,857,5.0
549,603,5.0
549,550,5.0
549,77,5.0
549,1422,5.0
549,155,4.0
549,27205,5.0
549,246655,5.0
550,862,4.0
550,278,4.5
550,13,4.0
550,603,4.5
550,640,4.0
550,155,4.0
550,1726,5.0
550,10681,4.0
550,14160,4.5
550,10138,4.0
550,27205,5.0
550,37735,4.0
550,10195,4.0
550,24428,5.0
550,64688,4.0
550,68721,4.0
550,106646,4.0
550,157336,5.0
550,118340,4.5
550,264660,4.5
550,205596,4.5
550,76341,4.0
550,99861,4.0
550,293660,5.0
550,286217,4.0
551,807,4.5
551,101,4.5
551,278,4.0
551,13,4.5
551,1637,4.0
551,280,4.0
551,274,4.5
551,954,4.0
551,562,4.5
551,105,4.0
551,1573,4.0
551,9772,4.0
551,489,4.5
551,95,4.0
551,941,4.0
551,857,4.5
551,637,4.5
551,9798,4.0
551,603,4.0
551,745,4.0
551,550,4.5
551,497,4.0
551,955,4.0
551,90,4.0
551,808,4.0
551,9799,4.0
551,855,4.0
551,2501,4.5
551,180,4.0
551,672,4.0
551,640,4.0
551,604,4.0
551,12,4.0
551,9654,4.0
551,605,4.0
551,9509,4.0
551,673,4.0
551,9372,4.0
551,1538,4.0
551,787,4.0
551,9522,4.0
551,956,4.0
551,36668,4.0
551,1402,4.0
551,36557,4.5
551,1372,4.0
551,4169,4.5
551,7485,4.0
551,6479,4.0
551,1726,4.0
551,8681,4.5
551,10681,4.5
551,10764,4.0
551,14160,4.0
551,10528,4.0
551,10138,4.0
551,27205,4.0
551,51876,4.5
551,49538,4.0
551,12445,4.0
551,64690,4.0
551,1771,4.0
551,24428,4.0
551,50839,5.0
551,58574,4.0
551,77338,5.0
551,37724,4.5
551,87827,4.0
551,49521,4.0
551,101299,4.0
551,106646,4.0
551,102651,5.0
551,156022,4.5
551,190859,4.0
551,245891,4.0
551,228150,4.0
551,205596,4.0
551,283995,4.0
551,286217,4.5
551,188927,4.5
551,206647,4.5
551,291805,4.0
551,330459,5.0
551,376290,5.0
551,381284,4.0
551,400928,4.0
552,522,4.0
552,680,4.0
552,13,4.0
552,424,4.0
552,78,5.0
552,9479,4.0
552,408,4.0
552,935,4.0
552,15,4.5
552,252,4.5
552,11843,4.0
552,762,5.0
552,892,4.0
552,510,4.0
552,1891,5.0
552,429,4.0
552,28,4.0
552,525,4.0
552,600,4.0
552,1669,4.5
552,2118,4.5
552,489,4.0
552,1389,4.0
552,544,4.0
552,117,4.0
552,10403,4.0
552,1542,5.0
552,603,4.5
552,8536,4.0
552,9473,4.0
552,745,4.0
552,12105,4.0
552,6415,4.5
552,1654,4.0
552,550,4.5
552,36819,4.0
552,856,4.0
552,9008,4.0
552,37094,4.0
552,11393,4.0
552,863,4.5
552,1715,4.0
552,926,4.0
552,2787,4.0
552,11176,4.5
552,8469,4.0
552,7443,4.5
552,13785,4.0
552,711,4.0
552,824,4.0
552,1018,4.0
552,141,5.0
552,453,4.0
552,5279,4.0
552,557,4.0
552,1894,4.0
552,11646,5.0
552,12,4.5
552,122,5.0
552,38,4.0
553,949,5.0
553,524,5.0
553,63,5.0
553,11443,4.0
553,629,4.0
553,1572,4.5
553,101,4.0
553,680,5.0
553,1607,4.5
553,6075,4.0
553,627,5.0
553,238,5.0
553,500,4.5
553,769,5.0
553,240,5.0
553,379,4.0
553,9366,5.0
553,884,5.0
553,782,4.0
553,489,4.0
553,184,5.0
553,10220,5.0
553,9798,4.0
553,1542,4.0
553,100,5.0
553,913,4.5
553,14,5.0
553,550,5.0
553,1832,4.0
553,925,5.0
553,243,4.5
553,786,5.0
553,641,5.0
553,107,5.0
553,1900,5.0
553,161,4.5
553,57976,5.0
553,2501,4.0
553,20337,5.0
553,1429,4.5
553,640,5.0
553,598,5.0
553,9654,4.5
553,650,4.0
553,38,5.0
553,2502,4.5
553,401,4.5
553,1599,4.5
553,4836,4.0
553,1640,5.0
553,10851,5.0
553,15363,4.5
553,388,5.0
553,186,4.0
553,1422,5.0
553,1372,4.0
553,14761,5.0
553,298,4.0
553,2503,4.0
553,5915,5.0
553,4982,5.0
553,6977,4.0
553,8848,5.0
553,13012,4.0
553,15320,4.0
554,10428,5.0
554,110,5.0
554,108,5.0
554,8587,4.0
554,424,5.0
554,23210,5.0
554,812,5.0
554,274,5.0
554,11687,5.0
554,238,5.0
554,872,5.0
554,13320,4.0
554,426,5.0
554,28288,4.0
554,213,5.0
554,289,5.0
554,11113,4.0
554,630,5.0
554,705,4.0
554,1585,4.0
554,11224,5.0
554,433,5.0
554,12092,4.0
554,15121,5.0
554,12614,4.0
554,88,5.0
554,10537,4.0
554,601,5.0
554,1891,5.0
554,595,5.0
554,1892,5.0
554,769,5.0
554,279,5.0
554,37247,4.0
554,903,5.0
554,16633,5.0
554,621,5.0
554,9037,4.0
554,8818,5.0
554,16052,4.0
554,4995,5.0
554,9281,5.0
554,1725,5.0
554,17917,4.0
554,32611,4.0
554,857,5.0
554,9325,4.0
554,10340,5.0
554,10144,5.0
554,10693,4.0
554,10882,4.0
554,11855,5.0
554,637,5.0
554,1934,5.0
554,796,4.0
554,100,5.0
554,11374,4.0
554,603,5.0
554,564,4.0
554,509,5.0
554,2667,5.0
554,10776,4.0
554,850,4.0
554,141489,4.0
554,14,5.0
554,704,4.0
554,11040,5.0
555,862,4.0
555,15602,5.0
555,8012,4.0
555,12665,5.0
555,902,4.0
555,63,4.0
555,9603,4.0
555,629,5.0
555,13997,4.0
555,9614,5.0
555,197,5.0
555,11000,4.0
555,9737,4.0
555,568,4.0
555,36196,5.0
555,9382,4.0
555,8467,4.0
555,11,5.0
555,101,5.0
555,680,4.0
555,14334,4.0
555,2164,4.0
555,278,5.0
555,11381,5.0
555,1587,5.0
555,3049,4.0
555,13,5.0
555,712,4.0
555,2788,4.0
555,36955,4.0
555,2758,4.0
555,11041,5.0
555,19176,4.0
555,11566,4.0
555,9571,4.0
555,5503,4.0
555,329,4.0
555,788,4.0
555,10872,5.0
555,11858,4.0
555,78,4.0
555,13203,4.0
555,10442,5.0
555,771,4.0
555,251,5.0
555,280,5.0
555,274,5.0
555,114,4.0
555,275,5.0
555,47449,5.0
555,25969,4.0
555,8866,4.0
555,503475,4.0
555,9100,5.0
555,627,5.0
555,602,4.0
555,9894,5.0
555,11543,5.0
555,9327,4.0
555,11363,4.0
555,9303,4.0
555,963,5.0
555,705,4.0
555,900,5.0
555,12335,5.0
555,10948,4.0
555,562,4.0
555,12614,4.0
555,88,4.0
555,500,5.0
555,792,5.0
555,402,4.0
555,11386,4.0
555,601,5.0
555,11816,4.0
555,1891,5.0
555,2493,5.0
555,85,4.0
555,679,5.0
555,185,4.0
555,28,5.0
555,1892,5.0
555,769,5.0
555,348,5.0
555,766,5.0
555,525,4.0
555,600,4.0
555,279,4.0
555,218,5.0
555,9322,5.0
555,13667,5.0
555,694,5.0
555,235,5.0
555,765,4.0
555,137,4.0
555,33,4.0
555,212,5.0
555,8009,5.0
555,2640,5.0
555,11031,4.0
555,15143,4.0
555,639,5.0
555,8077,5.0
555,32076,4.0
555,12498,5.0
555,11967,4.0
555,17795,4.0
555,378,5.0
555,41240,4.0
555,4104,4.0
555,28059,4.0
555,9366,4.0
555,9403,5.0
555,9434,4.0
555,13982,4.0
555,816,5.0
555,2058,4.0
555,9450,4.0
555,330,4.0
555,8874,4.0
555,754,5.0
555,686,5.0
555,10336,4.0
555,10806,4.0
555,20457,4.0
555,9427,5.0
555,10890,4.0
555,9281,4.0
555,8078,5.0
555,8197,5.0
555,115,4.0
555,11003,4.0
555,2898,5.0
555,846,4.0
555,473,4.0
555,11050,4.0
555,403,5.0
555,2108,5.0
555,10585,4.0
555,609,4.0
555,941,5.0
555,38509,5.0
555,17984,4.0
555,3170,5.0
555,857,5.0
555,11974,5.0
555,12230,4.0
555,2619,4.0
555,97,4.0
555,87,4.0
555,2907,4.0
555,14367,5.0
555,11814,4.0
555,15144,5.0
555,11522,4.0
555,8393,5.0
555,805,5.0
555,34584,4.0
555,4011,4.0
555,847,5.0
555,21500,4.0
555,12626,4.0
555,2028,4.0
555,14347,4.0
555,1091,4.0
555,8916,4.0
555,10156,4.0
555,10377,4.0
555,1890,5.0
555,73,5.0
555,10663,4.0
555,14924,4.0
555,12560,4.0
555,10162,4.0
555,13698,4.0
555,10466,4.0
555,707,4.0
555,9336,4.0
555,10328,4.0
555,29968,4.0
555,5825,4.0
555,10368,4.0
555,15556,4.0
555,9426,4.0
555,2620,4.0
555,12151,4.0
555,9671,4.0
555,10015,4.0
555,15256,4.0
555,18417,5.0
555,8769,4.0
555,2362,4.0
555,871,5.0
555,1685,5.0
555,1705,5.0
555,1688,5.0
555,9535,4.0
555,603,5.0
555,1893,5.0
555,8974,4.0
555,509,4.0
555,817,5.0
555,9032,4.0
555,2105,5.0
555,745,4.0
555,9781,5.0
555,14170,4.0
555,2280,5.0
555,850,5.0
555,47951,5.0
555,14,5.0
555,15198,5.0
555,13824,5.0
555,861,5.0
555,9377,4.0
555,657,5.0
555,550,4.0
555,42196,4.0
555,5548,4.0
555,856,4.0
555,699,4.0
555,492,5.0
555,16281,4.0
555,62204,4.0
555,2039,4.0
555,10998,4.0
555,11005,4.0
555,2924,4.0
555,13681,4.0
555,497,5.0
555,926,5.0
555,13342,4.0
555,7305,5.0
555,24735,4.0
555,287,5.0
555,11718,4.0
555,11157,4.0
555,11899,4.0
555,462,4.0
555,2383,4.0
555,8469,4.0
555,801,5.0
555,11520,5.0
555,13346,4.0
555,11327,5.0
555,10083,4.0
555,13665,5.0
555,12309,4.0
555,1552,5.0
555,106,5.0
555,10468,5.0
555,11654,4.0
555,5683,4.0
555,698,5.0
555,11072,4.0
555,23069,5.0
555,21299,5.0
555,541,5.0
555,865,5.0
555,10128,5.0
555,9659,4.0
555,8810,4.0
555,9355,4.0
555,38921,4.0
555,28774,4.0
555,12706,5.0
555,10860,5.0
555,681,4.0
555,2609,5.0
555,12714,4.0
555,2604,4.0
555,10655,5.0
555,11028,4.0
555,991,5.0
556,812,5.0
556,2668,4.0
556,671,5.0
556,120,4.5
556,672,4.5
556,121,4.0
556,22,4.0
556,277,4.0
556,122,4.0
556,673,4.0
556,674,4.0
556,1417,4.0
556,2486,4.5
556,675,4.0
556,2268,4.0
556,19995,4.0
556,12155,4.0
556,10191,5.0
556,9543,4.0
556,12445,4.5
556,49529,4.0
556,49051,4.0
556,118340,5.0
556,224141,4.0
556,68735,4.0
556,283366,4.0
556,351286,4.0
557,710,4.5
557,568,4.5
557,1572,5.0
557,278,4.5
557,3049,4.0
557,424,4.0
557,954,5.0
557,562,5.0
557,89,4.0
557,1624,4.5
557,603,4.5
557,564,4.5
557,808,4.5
557,671,4.5
557,129,5.0
557,10681,4.0
558,2292,4.0
558,274,4.0
558,114,5.0
558,10543,5.0
558,252,5.0
558,601,4.0
558,600,5.0
558,235,4.0
558,597,4.0
558,544,4.0
558,2108,5.0
558,857,4.0
558,12159,5.0
558,16379,5.0
558,856,4.0
558,3558,5.0
558,9605,4.0
558,1907,4.0
558,10468,4.0
558,10641,5.0
558,6282,4.0
558,2360,5.0
558,11191,4.0
558,12138,5.0
558,808,5.0
558,824,5.0
558,585,4.0
558,120,5.0
558,11362,5.0
558,2637,5.0
558,10052,4.0
558,10590,4.0
558,2135,5.0
558,4547,4.0
558,11468,5.0
558,1957,5.0
558,9637,5.0
558,12100,5.0
559,862,5.0
559,8844,4.0
559,949,5.0
559,9598,5.0
559,687,4.0
559,11010,4.0
559,9208,4.0
559,197,4.0
559,9560,4.0
559,9382,5.0
559,10525,4.0
559,11,5.0
559,18183,5.0
559,14334,4.0
559,278,5.0
559,9067,4.0
559,2064,4.0
559,13,4.0
559,8587,4.0
559,1637,4.0
559,7984,5.0
559,329,5.0
559,9800,4.0
559,713,4.0
559,14534,4.0
559,14291,5.0
559,858,4.0
559,9479,4.0
559,812,4.0
559,280,4.0
559,275,4.0
559,11827,4.0
559,10539,5.0
559,8866,4.0
559,9802,4.0
559,532,5.0
559,602,5.0
559,10545,4.0
559,9268,4.0
559,409,4.0
559,1892,4.0
559,199,4.0
559,18,5.0
559,11970,4.0
559,607,5.0
560,807,4.0
560,629,4.0
560,755,4.0
560,406,4.0
560,197,4.0
560,568,4.0
560,2292,4.0
560,11,4.0
560,101,4.5
560,680,4.0
560,2164,4.0
560,854,4.0
560,1637,4.0
560,36955,4.0
560,9479,4.0
560,274,4.0
560,275,4.0
560,11687,4.0
560,9323,4.0
560,627,4.5
560,15,4.0
560,583,4.0
560,500,4.0
560,2756,4.0
560,762,4.0
560,1891,4.0
560,85,4.0
560,68,4.0
560,429,4.0
560,28,4.0
560,1892,4.0
560,600,4.0
560,9322,4.0
560,11031,4.0
560,89,4.0
560,12709,4.0
560,75,4.0
560,18,4.5
560,607,4.0
560,782,4.0
560,4995,4.0
560,563,4.5
560,37165,4.0
560,489,4.0
560,115,4.5
560,1878,4.0
560,544,4.0
560,87,4.0
560,4011,4.5
560,162,4.0
560,73,4.0
560,796,4.0
560,603,4.5
560,1946,4.0
560,1844,4.0
560,1893,4.0
560,1090,4.0
560,11779,4.0
560,104,4.0
560,9421,4.0
560,745,4.0
560,913,4.0
560,14,4.0
560,6415,4.0
560,550,4.5
560,128,4.0
560,2668,4.0
560,99,4.0
560,497,4.0
560,2085,4.0
560,98,4.0
560,10401,4.0
560,9383,4.0
560,641,4.0
560,9741,4.0
560,146,4.0
560,107,4.0
560,134,4.5
560,843,4.0
560,824,4.0
560,60670,4.0
560,1933,4.0
560,9398,4.0
560,161,4.0
560,194,4.0
560,9428,4.0
560,120,4.0
560,1576,4.0
560,1894,4.0
560,2501,4.0
560,1958,4.0
560,129,4.0
560,1430,4.0
560,565,4.0
560,1672,4.0
560,65,4.0
560,12716,4.0
560,12717,4.0
560,64,4.0
560,121,4.0
560,640,4.0
560,1574,4.0
560,14645,4.0
560,9662,4.0
560,11775,4.0
560,24,4.0
560,122,4.0
560,1278,4.0
560,338,4.0
560,38,4.0
560,393,4.0
560,883,4.0
560,8193,4.0
560,9372,4.0
560,8699,4.0
560,2502,4.0
560,1653,4.0
560,747,4.5
560,3989,4.0
560,1677,4.0
560,2288,4.0
560,163,4.0
560,21035,4.0
560,844,4.0
560,2899,4.0
560,55931,4.0
560,187,4.5
560,1895,4.0
560,74,4.0
560,308,4.0
560,6957,4.0
560,1830,4.0
560,59,4.5
560,5236,4.5
560,11344,4.0
560,69,4.0
560,116,4.0
560,752,4.5
560,9388,4.5
560,7512,4.0
560,15097,4.0
560,496,4.0
560,1417,4.0
560,1422,4.0
560,1378,4.0
560,9693,4.0
560,36557,4.0
560,4638,4.0
560,253768,4.0
560,298,4.0
560,1991,4.0
560,2503,4.0
560,10795,4.0
560,8363,4.0
560,1992,4.0
560,2252,4.0
560,5915,4.0
560,2011,4.0
560,5708,4.0
560,7191,4.5
560,8321,4.5
560,155,4.5
560,8827,4.0
560,8681,4.0
560,10681,4.0
560,13183,4.5
560,4944,4.0
560,20766,4.0
560,15472,4.0
560,19833,4.0
560,16869,4.0
560,17431,4.0
560,19955,4.0
560,17609,4.0
560,12162,4.0
560,8054,4.0
560,17654,4.0
560,10313,4.0
560,21575,4.0
560,24253,4.0
560,27205,4.0
560,37799,4.0
560,44214,4.0
560,44264,4.0
560,64690,4.5
560,10316,4.0
560,76025,4.0
560,23514,4.0
560,65754,4.0
560,51999,4.0
560,103731,4.0
560,152532,4.0
560,106646,4.0
560,137106,4.0
560,17684,4.0
560,120467,4.0
560,188166,4.0
560,210577,4.0
560,245891,4.0
560,242582,4.0
560,76341,4.0
560,140607,4.0
560,254320,4.0
560,286217,4.0
560,273481,4.0
560,313922,4.0
560,318846,4.5
560,303867,4.0
560,333371,4.0
560,383809,4.0
561,862,4.0
561,8844,4.0
561,949,4.0
561,807,4.5
561,629,4.5
561,197,5.0
561,11,4.5
561,101,4.0
561,680,4.5
561,2164,4.5
561,278,5.0
561,9495,4.0
561,13,4.0
561,8587,4.0
561,5503,4.0
561,329,4.5
561,424,4.0
561,280,4.0
561,268,4.5
561,274,4.0
561,10895,4.0
561,602,4.0
561,963,4.5
561,599,4.5
561,15,4.0
561,62,4.0
561,562,4.5
561,252,4.5
561,601,4.5
561,1103,4.0
561,1891,5.0
561,2493,5.0
561,85,5.0
561,679,4.5
561,1892,4.5
561,769,4.0
561,348,4.5
561,600,4.5
561,703,4.0
561,218,4.0
561,207,4.0
561,826,5.0
561,829,4.5
561,13667,4.0
561,694,4.5
561,235,4.0
561,11778,4.0
561,137,4.5
561,105,4.5
561,8009,4.5
561,756,4.0
561,89,4.5
561,2323,4.0
561,814,4.0
561,174,4.0
561,154,4.5
561,168,4.0
561,11967,4.0
561,578,5.0
561,378,4.0
561,9361,4.5
561,9387,4.0
561,10890,4.0
561,489,4.0
561,115,5.0
561,1366,4.5
561,13597,4.0
561,2108,4.0
561,948,4.0
561,9340,4.5
561,857,4.5
561,11974,4.5
561,6471,4.5
561,87,4.5
561,4011,4.0
561,117,4.5
561,881,4.0
561,1091,4.5
561,162,4.0
561,11545,4.0
561,1369,4.0
561,1368,4.5
561,1367,4.0
561,15196,4.0
561,1885,4.5
561,5825,4.5
561,10015,4.0
561,8388,4.0
561,1542,4.5
561,871,4.0
561,603,4.0
561,1924,4.0
561,8536,4.0
561,620,5.0
561,745,4.0
561,813,4.0
561,2280,4.0
561,850,4.5
561,9377,4.0
561,550,4.0
561,5548,4.0
561,957,4.5
561,9647,4.5
561,11005,4.0
561,13342,4.0
561,11287,4.0
561,8374,4.0
561,11004,4.0
561,1880,4.5
561,11690,4.0
561,840,4.0
561,106,5.0
561,11977,4.0
561,98,5.0
561,9659,4.0
561,8810,4.5
561,6978,5.0
561,2024,4.5
561,10276,4.0
561,37136,4.5
561,9741,4.0
561,107,4.5
561,134,4.0
561,90,4.0
561,1547,4.0
561,111,4.0
561,1648,4.0
561,9942,4.0
561,1548,4.0
561,2616,4.0
561,2034,4.0
561,141,5.0
561,585,4.0
561,9428,5.0
561,120,5.0
561,10590,4.0
561,2501,4.5
561,8764,4.0
561,9595,4.5
561,121,5.0
561,170,4.0
561,22,4.5
561,24,4.5
561,8619,4.0
561,616,4.0
561,122,5.0
561,923,4.0
561,393,4.0
561,652,4.0
561,2502,4.0
561,747,4.0
561,272,4.0
561,16320,4.0
561,5236,4.0
561,1422,4.5
561,4638,4.0
561,2503,4.5
561,155,5.0
561,10681,5.0
561,10189,4.0
561,12405,4.0
561,13475,4.0
561,14160,4.5
561,19908,4.5
561,10528,4.5
561,10193,4.5
561,37799,4.0
561,10195,4.0
561,64690,4.5
561,61791,4.0
561,24428,4.5
561,49026,4.0
561,58574,4.5
561,49049,4.0
561,82690,4.0
561,110415,4.0
561,124905,4.0
561,118340,4.0
561,76341,4.5
561,140607,4.0
561,203801,4.0
561,330459,4.0
562,862,4.5
562,629,4.0
562,197,4.0
562,2292,4.0
562,680,5.0
562,278,5.0
562,1587,4.0
562,13,5.0
562,8587,5.0
562,1634,4.0
562,9800,4.0
562,424,4.5
562,14291,4.5
562,858,4.5
562,812,4.0
562,280,4.5
562,274,5.0
562,27768,4.0
562,10331,4.5
562,2493,5.0
562,679,4.0
562,348,4.5
562,539,4.0
562,218,5.0
562,207,5.0
562,9322,4.5
562,694,4.0
562,235,5.0
562,137,4.0
562,1633,4.0
562,8009,5.0
562,2640,4.5
562,15143,4.5
562,2323,4.5
562,639,5.0
562,571,4.0
562,377,5.0
562,4104,4.5
562,9434,4.0
562,18,4.5
562,2649,4.5
562,782,4.5
562,37165,5.0
562,489,5.0
562,2898,5.0
562,380,5.0
562,403,4.0
562,2108,5.0
562,4488,4.5
562,948,5.0
562,609,4.0
562,941,5.0
562,927,4.5
562,9340,5.0
562,10122,4.0
562,14367,4.5
562,15144,4.0
562,11522,4.5
562,10220,4.5
562,431,5.0
562,2028,5.0
562,881,4.5
562,1091,4.0
562,9487,4.0
562,1934,4.5
562,9326,4.0
562,1885,5.0
562,9489,4.0
562,30497,4.0
562,10314,5.0
562,603,5.0
562,9430,4.5
562,13666,4.5
562,104,4.0
562,745,4.0
562,2280,4.5
562,14,5.0
562,10669,4.0
562,10398,4.5
562,226,4.0
562,861,4.0
562,9377,5.0
562,535,4.0
562,550,4.5
562,5548,4.5
562,11005,4.0
562,497,4.0
562,13342,4.0
562,801,4.0
562,2291,4.0
562,243,4.0
562,1700,4.5
562,10559,4.0
562,11879,4.0
562,6282,4.0
562,8843,4.5
562,786,4.0
562,641,5.0
562,1900,4.5
562,1547,4.5
562,13509,5.0
562,11454,4.5
562,16263,4.0
562,808,5.0
562,13938,4.5
562,2605,5.0
562,9494,4.5
562,1933,4.0
562,2034,4.0
562,9778,5.0
562,585,4.5
562,3537,4.0
562,161,4.5
562,453,5.0
562,11362,4.0
562,12149,5.0
562,11812,4.0
562,245,4.5
562,129,4.0
562,1430,4.0
562,65,5.0
562,640,4.0
562,2832,4.5
562,12,4.5
562,170,4.5
562,322,5.0
562,24,4.5
562,3176,5.0
562,31685,4.5
562,587,4.0
562,504,4.0
562,1824,4.0
562,24548,4.0
562,38783,4.0
562,11075,4.0
562,70,4.0
562,187,4.5
562,1640,4.5
562,2652,5.0
562,1417,4.0
562,10288,4.0
562,1858,4.5
562,2252,4.5
562,13885,5.0
562,6557,4.5
562,8390,5.0
562,155,4.0
562,13310,5.0
562,12405,5.0
562,10201,4.0
562,16869,4.0
562,24238,5.0
562,33602,4.5
562,10193,4.5
562,27578,4.5
562,41402,4.0
562,38408,4.0
562,46420,4.5
562,46838,4.0
562,37686,4.0
562,50646,5.0
562,76163,4.0
562,22970,5.0
562,82693,4.5
562,82654,4.0
562,16315,4.0
563,13,4.0
563,812,4.0
563,10020,4.0
563,114,4.0
563,10112,4.0
563,10545,4.0
563,872,4.5
563,289,4.0
563,11113,4.0
563,804,4.0
563,630,4.0
563,433,4.5
563,15121,5.0
563,252,4.0
563,88,4.0
563,578,4.0
563,2108,5.0
563,10439,4.0
563,9820,4.5
563,15144,4.0
563,637,4.0
563,71,4.0
563,1493,4.0
563,19405,4.0
563,8835,4.0
563,10229,4.0
563,129,4.0
563,14030,5.0
563,4348,4.0
563,350,4.0
563,9762,4.0
563,22881,4.0
563,10198,4.0
563,33602,4.0
563,44214,4.0
563,45269,4.0
563,55721,4.0
563,59436,4.0
563,50014,4.0
563,77877,4.0
563,80585,4.0
563,72105,4.0
563,84892,4.0
563,112949,4.0
563,156711,4.0
563,76203,4.0
563,140823,4.0
563,244786,4.5
563,224141,4.0
563,207703,4.0
563,238713,4.5
563,271718,4.5
563,150540,4.0
564,788,4.0
564,137,5.0
564,105,4.0
564,639,5.0
564,544,4.0
564,2108,4.0
564,165,4.0
564,196,4.0
564,2105,4.0
564,9285,4.0
564,1597,4.0
564,245,4.0
564,11635,4.5
564,508,4.5
564,9352,4.0
564,10625,5.0
564,9472,4.0
564,8699,4.5
564,11282,4.0
564,9522,4.0
564,7553,4.0
564,10033,4.0
564,9718,4.5
564,9788,4.0
564,8363,4.0
564,8457,5.0
564,9870,4.0
564,12133,5.0
564,13523,4.0
564,14306,4.0
564,16614,5.0
564,16996,4.0
564,18162,4.5
564,18240,5.0
564,19913,4.0
564,20943,4.0
564,19556,4.5
564,22327,4.0
564,34016,4.0
564,27581,4.0
564,37735,4.0
564,41733,4.0
564,50546,4.0
564,50646,5.0
564,50544,5.0
564,49520,4.0
564,58233,4.0
564,64688,4.0
564,76493,5.0
564,77953,4.5
564,116741,4.0
564,75656,4.0
564,136400,4.5
564,138832,5.0
564,122906,4.0
564,168530,4.0
564,195589,4.0
564,232672,4.0
564,187017,4.0
564,227159,5.0
564,228967,4.5
564,207703,4.0
564,252838,5.0
564,257091,4.0
564,296099,4.0
564,261392,4.0
564,274167,4.0
564,323675,4.0
564,291805,4.0
565,63,5.0
565,9598,4.0
565,807,4.0
565,629,5.0
565,680,5.0
565,11450,4.0
565,278,4.0
565,13,4.0
565,712,4.0
565,1637,4.0
565,36955,4.0
565,5503,4.0
565,9386,4.0
565,713,4.0
565,424,5.0
565,581,5.0
566,8844,4.0
566,11860,4.0
566,9087,5.0
566,4584,5.0
566,8012,4.0
566,63,4.0
566,9603,4.0
566,629,5.0
566,197,5.0
566,11000,5.0
566,11780,4.0
566,8963,4.0
566,9090,4.0
566,1909,4.0
566,397,4.0
566,11777,4.0
566,628,5.0
566,9587,5.0
566,18183,5.0
566,4476,4.0
566,680,4.0
566,2164,4.0
566,278,5.0
566,2759,4.0
566,13,5.0
566,854,4.0
566,9359,4.0
566,1637,4.0
566,9739,4.0
566,37233,5.0
566,5503,4.0
566,329,4.0
566,11971,4.0
566,788,4.0
566,713,4.0
566,424,5.0
566,858,4.0
566,78,4.0
566,10057,4.0
566,581,4.0
566,954,4.0
566,664,4.0
567,389,4.5
567,832,4.0
567,9464,5.0
567,11837,4.5
567,10086,5.0
567,925,4.0
567,11072,4.5
567,985,5.0
567,9741,4.0
567,843,4.5
567,12477,4.0
567,25237,5.0
567,5336,4.0
567,38,5.0
567,662,5.0
567,626,5.0
567,670,4.5
567,421,4.0
567,7974,5.0
567,2062,4.0
567,7345,5.0
567,25078,4.0
567,8461,4.5
567,155,4.0
567,24238,5.0
567,24428,4.0
567,147538,5.0
567,86829,4.0
567,137106,4.5
567,120467,5.0
567,171372,4.5
567,76341,4.0
567,202249,4.0
567,251516,4.5
567,68730,4.5
567,303867,5.0
567,370755,4.5
567,329865,4.0
567,263115,4.0
567,335984,5.0
567,399055,4.0
568,629,5.0
568,680,4.5
568,13,5.0
568,274,5.0
568,221,5.0
568,702,5.0
568,13667,4.0
568,12104,5.0
568,15037,4.0
568,1955,5.0
568,10162,4.0
568,704,5.0
568,10047,4.0
568,1715,4.5
568,838,4.0
568,1164,4.0
568,6972,4.5
569,710,4.0
569,414,5.0
569,1572,5.0
569,1642,4.0
569,680,5.0
569,2164,4.0
569,193,5.0
569,3049,4.0
569,9331,4.0
569,1637,5.0
569,9350,4.0
569,329,4.0
569,812,4.0
569,581,4.0
569,10020,4.0
570,862,4.0
570,451,4.0
570,63,4.0
570,568,4.0
570,1572,4.0
570,278,4.0
570,9331,4.0
570,13,4.0
570,712,4.0
570,5503,4.0
570,424,4.5
570,280,4.0
570,114,4.0
570,275,4.0
570,664,4.0
570,627,4.0
570,562,4.0
570,623,4.0
570,601,4.5
570,2756,4.5
570,1891,4.0
570,2493,4.0
570,85,4.0
570,679,4.0
570,1892,4.0
570,137,4.0
570,105,4.0
570,89,4.0
570,2322,4.0
570,18,4.0
570,607,4.0
570,686,4.5
570,2649,4.0
570,782,4.0
570,2898,4.0
570,2108,4.0
570,857,4.0
570,87,4.0
570,603,4.5
570,745,4.0
570,11601,4.0
570,14,4.0
570,550,4.0
570,497,4.0
570,98,4.0
570,36657,4.0
570,8358,4.5
570,77,4.0
570,808,4.0
570,141,4.5
570,120,4.0
570,557,4.0
570,180,4.5
570,2757,4.0
570,2832,4.0
570,36658,4.0
570,508,4.5
570,470,4.0
570,1954,4.0
570,38,4.0
570,58,4.0
570,1402,4.0
570,9693,4.0
570,36557,4.0
571,628,5.0
571,11827,4.0
571,10331,5.0
571,539,4.0
571,694,5.0
571,105,4.0
571,3034,4.0
571,11449,5.0
571,571,4.0
571,6114,4.0
571,7340,4.0
571,794,5.0
571,578,5.0
571,4232,5.0
571,10513,5.0
571,10585,4.0
571,805,4.0
571,10344,4.0
571,8913,5.0
571,138,4.0
571,11797,5.0
571,2039,5.0
571,1700,4.0
572,862,4.0
572,4584,5.0
572,8012,5.0
572,2054,4.0
572,103,4.0
572,568,4.0
572,11,5.0
572,11450,4.0
572,278,5.0
572,13,4.0
572,712,4.0
572,5503,5.0
572,329,4.0
572,424,5.0
572,858,5.0
572,581,5.0
572,274,4.0
572,275,4.0
572,935,5.0
572,3573,4.0
572,238,5.0
572,164,4.0
572,567,5.0
572,213,5.0
572,289,5.0
572,62,5.0
572,381,5.0
572,1585,5.0
572,488,5.0
572,819,5.0
572,11561,5.0
572,623,5.0
572,521,5.0
572,11816,4.0
572,762,4.0
572,409,5.0
572,510,5.0
572,1891,5.0
572,85,4.0
572,947,5.0
572,28,5.0
572,1892,5.0
572,348,4.0
572,240,5.0
572,279,5.0
572,1578,4.0
572,703,5.0
572,387,5.0
572,9277,5.0
572,343,5.0
572,37247,5.0
572,826,5.0
572,829,5.0
572,235,4.0
572,5925,5.0
572,982,5.0
572,11202,5.0
572,903,5.0
572,665,5.0
572,11031,5.0
572,89,4.0
572,10322,5.0
572,783,4.0
572,625,4.0
572,642,5.0
572,639,5.0
572,199,4.0
572,154,4.0
572,578,5.0
572,9390,4.0
572,2322,4.0
572,26306,4.0
572,8874,4.0
572,1669,5.0
572,9427,4.0
572,10890,4.0
572,11975,4.0
572,9281,4.0
572,489,5.0
572,29193,4.0
572,654,5.0
572,10633,5.0
572,3116,5.0
572,1051,5.0
572,1366,4.0
572,16619,5.0
572,11050,4.0
572,380,5.0
572,466,5.0
572,859,5.0
572,857,5.0
572,12626,5.0
572,3525,4.0
572,10377,4.0
572,4518,5.0
572,12560,5.0
572,9487,5.0
572,1934,4.0
572,10015,4.0
572,9535,4.0
572,28029,4.0
572,18784,5.0
572,509,4.0
572,4806,4.0
572,10386,4.0
572,913,4.0
572,9267,5.0
572,11963,5.0
572,14412,5.0
572,11541,4.0
572,11040,5.0
572,24226,5.0
572,2039,4.0
572,77915,5.0
572,11943,5.0
572,29005,5.0
572,9013,5.0
572,863,4.0
572,36492,4.0
572,26578,4.0
572,11977,4.0
573,862,5.0
573,8844,4.5
573,949,4.5
573,710,4.5
573,807,5.0
573,629,5.0
573,9614,5.0
573,197,5.0
573,8068,5.0
573,1572,5.0
573,8467,5.0
573,11,5.0
573,101,5.0
573,680,5.0
573,2164,4.0
573,278,4.5
573,11381,5.0
573,13,4.5
573,8587,4.5
573,1637,5.0
573,36955,4.5
573,5503,4.5
573,329,5.0
573,788,5.0
573,771,5.0
573,812,4.5
573,280,5.0
573,268,4.5
573,274,4.5
573,10020,4.5
573,954,4.5
573,9802,4.5
573,664,4.5
573,532,4.5
573,602,5.0
573,9327,4.5
573,238,5.0
573,630,4.0
573,562,5.0
573,252,4.5
573,583,4.5
573,500,4.5
573,762,4.5
573,531,5.0
573,510,4.0
573,1891,5.0
573,85,5.0
573,679,4.0
573,1892,5.0
573,769,4.5
573,348,4.5
573,279,4.5
573,218,4.5
573,235,4.0
573,105,4.5
573,903,4.0
573,3034,4.5
573,89,5.0
573,1573,4.5
573,364,4.0
573,578,4.5
573,4232,4.5
573,1624,5.0
573,816,4.5
573,18,4.5
573,754,4.5
573,607,4.5
573,2649,4.5
573,9490,5.0
573,9313,4.0
573,544,4.5
573,9340,5.0
573,165,4.5
573,857,5.0
573,15969,4.0
573,87,5.0
573,36647,4.5
573,73,5.0
573,1368,4.5
573,1542,4.5
573,100,5.0
573,603,5.0
573,564,5.0
573,1924,4.0
573,817,4.0
573,9473,4.5
573,2105,4.5
573,10386,5.0
573,745,4.0
573,813,5.0
573,861,4.5
573,9377,5.0
573,772,4.5
573,550,5.0
573,5548,4.5
573,1621,4.5
573,863,5.0
573,14919,5.0
573,106,5.0
573,9285,4.0
573,7443,4.5
573,2123,4.0
573,2024,4.5
573,4247,4.5
573,36657,4.5
573,1597,4.0
573,11678,4.0
573,107,4.5
573,17159,5.0
573,764,4.0
573,77,5.0
573,4133,5.0
573,111,5.0
573,808,4.5
573,4248,4.0
573,2770,4.5
573,1933,4.5
573,2034,4.5
573,9398,5.0
573,141,4.5
573,585,4.0
573,9428,4.0
573,120,5.0
573,855,5.0
573,11362,4.0
573,39939,5.0
573,425,4.0
573,36586,4.5
573,557,5.0
573,180,4.5
573,7299,5.0
573,121,4.5
573,640,4.0
573,11635,4.5
573,1817,4.5
573,36658,4.0
573,604,4.5
573,310,4.5
573,12,4.0
573,9654,4.0
573,170,4.5
573,22,5.0
573,8273,4.0
573,277,4.5
573,24,4.5
573,616,4.0
573,122,5.0
573,9352,4.5
573,924,4.5
573,7220,4.5
573,9509,4.0
573,9461,4.0
573,435,4.0
573,9472,4.5
573,558,4.0
573,8699,5.0
573,2502,4.5
573,1538,4.0
573,747,4.5
573,4553,5.0
573,176,4.5
573,9806,4.5
573,36648,4.0
573,15251,5.0
573,187,4.5
573,1495,4.5
573,1895,4.5
573,272,4.5
573,9522,5.0
573,6957,5.0
573,1830,4.5
573,215,4.0
573,254,4.5
573,1690,4.0
573,9286,4.0
573,186,4.5
573,58,5.0
573,20604,4.5
573,1579,4.0
573,496,5.0
573,1417,4.0
573,1422,5.0
573,9693,4.5
573,1124,5.0
573,36557,4.5
573,1372,4.0
573,4638,4.5
573,1271,4.5
573,7485,4.5
573,4964,5.0
573,1562,4.5
573,285,4.5
573,1571,4.5
573,35,4.0
573,8363,5.0
573,155,5.0
573,9870,4.5
573,1726,4.5
573,8681,4.5
573,1724,4.0
573,10681,4.5
573,8909,4.5
573,13183,5.0
573,10189,5.0
573,13809,4.0
573,15373,4.0
573,13223,4.5
573,12163,5.0
573,14836,4.5
573,16538,4.0
573,16869,5.0
573,13475,4.5
573,13532,4.5
573,14160,4.5
573,18785,4.5
573,12162,4.0
573,18480,4.5
573,17654,5.0
573,19908,4.5
573,19995,5.0
573,11324,4.5
573,23483,4.5
573,10193,5.0
573,27205,5.0
573,37799,5.0
573,45612,4.5
573,10195,4.5
573,45523,5.0
573,24447,5.0
573,49538,5.0
573,64690,4.0
573,1771,4.0
573,61791,4.5
573,24428,5.0
573,49026,5.0
573,56292,4.5
573,80379,5.0
573,22970,4.5
573,70981,4.5
573,37724,5.0
573,59967,5.0
573,49051,5.0
573,68718,5.0
573,68721,5.0
573,54138,5.0
573,157336,5.0
573,127585,5.0
573,118340,4.5
574,807,5.0
574,197,5.0
574,568,4.0
574,8963,4.0
574,8984,4.0
574,8467,5.0
574,6950,4.0
574,2164,4.0
574,278,5.0
574,193,4.0
574,2064,4.0
574,3049,5.0
574,36955,4.0
574,9350,4.0
574,812,5.0
574,274,5.0
574,10020,4.0
575,680,5.0
575,117553,5.0
575,235,5.0
575,18417,4.0
575,100,5.0
575,11374,4.0
575,16379,4.0
575,603,4.0
575,9430,4.0
575,11355,4.0
575,9465,4.0
575,12596,4.0
575,9451,4.0
575,10210,5.0
576,530,4.0
576,814,4.0
576,7340,4.0
576,10003,5.0
576,10403,5.0
576,9430,4.5
576,9824,4.0
576,1911,4.5
576,36643,4.5
577,949,4.0
577,197,4.0
577,11,5.0
577,278,5.0
577,13,5.0
577,9359,4.0
577,36955,4.0
577,5503,4.0
577,329,5.0
577,424,5.0
577,581,5.0
577,274,4.0
577,238,5.0
577,213,5.0
577,289,5.0
577,770,5.0
577,2897,4.0
577,488,4.0
577,173,4.0
577,601,4.0
577,744,4.0
577,1103,4.0
577,409,4.0
577,85,4.0
577,389,4.0
577,1892,4.0
577,769,4.0
577,348,4.0
577,525,4.0
577,240,4.0
577,600,4.0
577,279,4.0
577,9549,5.0
577,218,4.0
577,826,5.0
577,828,4.0
577,5925,5.0
577,11778,4.0
577,105,5.0
577,11202,5.0
577,8009,4.0
577,665,5.0
577,89,4.0
577,783,4.0
577,983,4.0
577,578,5.0
577,2322,4.0
577,686,4.0
577,846,4.0
577,12311,4.0
577,887,5.0
577,1366,4.0
577,606,4.0
577,380,4.0
577,941,4.0
577,859,4.0
577,242,4.0
577,857,5.0
577,10249,5.0
577,227,4.0
577,11557,4.0
577,117,4.0
577,3525,4.0
577,2028,4.0
577,1091,4.0
577,13698,4.0
577,9326,4.0
577,10803,4.0
577,871,5.0
577,1924,4.0
577,850,4.0
577,1654,4.0
577,658,5.0
577,646,4.0
577,5689,4.0
577,856,4.0
577,37853,5.0
577,11165,4.0
577,38557,4.0
577,15515,5.0
577,651,4.0
578,2925,4.0
578,11622,4.5
578,1439,4.5
578,11630,4.5
578,338,4.0
578,33839,4.0
578,11036,5.0
578,2044,5.0
578,350,4.5
578,14202,5.0
578,13067,4.0
578,1989,4.0
578,12184,4.5
578,18320,4.5
578,12572,4.5
578,10528,5.0
578,23483,4.5
578,37056,4.0
578,44115,5.0
578,45269,5.0
579,862,4.0
579,4584,5.0
579,10530,4.0
579,197,5.0
579,9560,5.0
579,13,5.0
579,8587,5.0
579,854,4.0
579,329,4.0
579,788,5.0
579,424,5.0
579,10020,5.0
579,114,5.0
579,602,5.0
579,3573,5.0
579,44705,5.0
579,11224,4.0
579,8874,5.0
579,754,5.0
579,607,4.0
579,10603,4.0
579,9772,5.0
579,782,5.0
579,10215,5.0
579,9444,4.0
579,9410,5.0
579,10674,4.0
579,846,4.0
579,95,4.0
579,544,5.0
579,10882,4.0
579,637,4.0
579,9487,4.0
579,1934,5.0
579,10312,4.0
579,9396,4.0
579,11622,4.0
579,603,5.0
579,9451,5.0
579,37135,5.0
579,4806,4.0
579,913,4.0
579,36643,4.0
579,863,5.0
579,1213,5.0
579,4234,4.0
579,10385,4.0
579,462,5.0
579,955,4.0
579,9679,4.0
580,949,4.0
580,524,4.5
580,1710,4.0
580,451,4.0
580,63,5.0
580,807,5.0
580,629,5.0
580,755,5.0
580,197,4.5
580,103,4.0
580,9804,4.0
580,11,4.0
580,101,5.0
580,680,5.0
580,2164,4.0
580,278,5.0
580,193,4.0
580,1587,4.0
580,9495,4.0
580,13,4.0
580,329,4.0
580,9800,4.0
580,78,5.0
580,280,4.0
580,581,4.0
580,274,4.5
580,275,4.0
580,532,4.0
580,627,5.0
580,10546,4.5
580,238,4.5
580,562,4.0
580,623,4.0
580,583,5.0
580,500,5.0
580,792,4.0
580,2756,4.0
580,762,5.0
580,409,4.0
580,510,4.0
580,1891,4.0
580,85,4.5
580,68,4.0
580,679,4.5
580,429,4.0
580,185,4.0
580,1892,4.0
580,769,4.0
580,348,4.0
580,240,4.0
580,600,5.0
580,279,4.0
580,207,4.0
580,33,4.0
580,89,4.0
580,8077,4.0
580,6114,4.0
580,199,4.0
580,7863,4.0
580,154,4.0
580,378,4.0
580,18,4.5
580,607,4.0
580,2118,4.0
580,2649,4.0
580,782,4.0
580,563,4.0
580,37165,4.5
580,489,4.5
580,597,4.0
580,184,4.5
580,115,4.5
580,2898,4.0
580,1878,5.0
580,846,4.0
580,473,4.5
580,544,4.0
580,380,4.0
580,841,4.5
580,857,5.0
580,9314,4.0
580,36647,4.5
580,8916,4.0
580,73,4.0
580,309,4.5
580,100,4.5
580,603,5.0
580,1902,4.0
580,1946,4.0
580,1893,4.0
580,509,4.0
580,104,4.0
580,620,4.0
580,11416,4.0
580,745,4.5
580,9267,4.0
580,1911,4.0
580,14,5.0
580,861,4.5
580,391,5.0
580,550,5.0
580,2668,4.0
580,1213,4.0
580,3558,4.0
580,9367,4.0
580,8374,4.5
580,2787,4.5
580,840,4.0
580,243,4.0
580,1443,5.0
580,98,4.0
580,9659,4.5
580,8810,4.0
580,36657,4.5
580,8452,4.0
580,9741,4.5
580,146,4.5
580,107,4.0
580,392,4.0
580,134,4.5
580,1900,4.0
580,2623,4.0
580,10110,4.0
580,9740,4.0
580,77,5.0
580,55,4.0
580,4133,4.0
580,111,4.0
580,808,4.0
580,1995,4.0
580,1018,4.0
580,167,4.5
580,141,4.0
580,1535,4.0
580,161,4.0
580,194,4.5
580,120,4.5
580,425,4.0
580,1894,4.0
580,2501,4.5
580,180,4.5
580,2675,4.5
580,575,4.0
580,11013,4.5
580,9533,4.0
580,1430,4.0
580,565,4.5
580,64,4.0
580,7299,5.0
580,121,4.5
580,1429,4.0
580,598,4.5
580,11817,4.0
580,10180,5.0
580,36658,4.5
580,604,5.0
580,12,4.5
580,170,4.5
580,296,4.0
580,22,4.0
580,21512,4.0
580,636,4.0
580,153,5.0
580,10881,4.5
580,24,5.0
580,605,5.0
580,8619,4.5
580,4970,4.0
580,79,4.0
580,616,4.0
580,122,4.0
580,924,4.0
580,38,4.0
580,553,4.0
580,393,4.5
580,876,4.5
580,809,4.0
580,246,4.0
580,2789,5.0
580,2048,4.5
580,1783,4.5
580,1538,4.0
580,2577,4.5
580,1653,4.0
580,9675,5.0
580,4553,4.5
580,9806,4.5
580,9550,4.0
580,9282,4.0
580,70,4.5
580,187,5.0
580,7453,4.0
580,10027,5.0
580,1895,5.0
580,272,5.0
580,74,4.0
580,1635,4.0
580,16320,5.0
580,1985,4.0
580,8202,4.0
580,59,4.0
580,398,4.0
580,5236,4.0
580,254,4.0
580,752,4.5
580,388,4.5
580,186,4.0
580,956,4.5
580,591,4.0
580,36668,4.5
580,58,4.5
580,1887,4.0
580,1422,4.5
580,9693,5.0
580,36557,4.5
580,1738,4.5
580,1271,5.0
580,7485,5.0
580,1571,4.5
580,1858,5.0
580,2503,5.0
580,6479,4.5
581,278,5.0
581,13,4.5
581,424,5.0
581,489,4.0
581,637,4.5
581,745,4.5
581,550,4.5
581,497,5.0
581,641,4.5
581,8358,4.5
581,77,4.5
581,808,4.5
581,585,4.5
581,671,5.0
581,120,4.5
581,453,4.5
581,557,4.5
581,672,5.0
581,121,4.5
581,423,5.0
581,12,4.5
581,122,4.5
581,38,5.0
581,673,4.5
581,752,4.5
581,1726,4.0
581,10681,4.0
581,14160,4.0
581,27205,4.5
581,45269,4.5
581,77338,4.5
581,157336,4.5
581,244786,4.5
581,205596,4.0
581,286217,4.0
582,11,4.0
582,274,4.0
582,1891,4.0
582,603,5.0
582,550,4.0
582,77,4.0
582,673,4.5
582,674,4.5
582,1422,4.0
582,36557,4.5
582,675,4.0
582,155,4.5
582,1726,4.5
582,10681,4.0
582,16869,4.0
582,13475,4.5
582,767,4.5
582,11324,4.0
582,10191,4.5
582,20352,5.0
582,27205,5.0
582,39514,4.0
582,38055,4.0
582,12444,5.0
582,49538,4.0
582,12445,5.0
582,24428,5.0
582,70160,4.0
582,49026,4.5
582,56292,4.0
582,65754,4.0
582,77338,5.0
582,70981,4.0
582,37724,4.5
582,68718,4.5
582,68721,4.5
582,49047,4.5
582,120467,4.0
582,157336,4.5
582,140607,4.5
582,286217,4.0
583,9603,5.0
583,11017,4.0
583,15789,4.5
583,680,4.0
583,11395,4.0
583,13,4.0
583,10020,4.0
583,597,4.0
583,10674,4.0
583,4951,5.0
583,8871,4.0
583,11688,4.0
583,11529,4.0
583,1824,4.0
583,10191,4.0
583,37735,4.0
583,114150,4.0
583,254470,4.0
583,266294,4.0
584,862,5.0
584,710,5.0
584,1710,4.0
584,807,5.0
584,10530,5.0
584,11359,5.0
584,197,5.0
584,568,5.0
584,8839,5.0
584,10329,5.0
584,8963,5.0
584,1572,5.0
584,9482,4.0
584,1642,5.0
584,11472,5.0
584,9348,4.0
584,9090,5.0
584,3512,4.0
584,9804,4.0
584,9382,4.0
584,8984,5.0
584,4954,4.0
584,397,4.0
584,10525,5.0
584,11777,4.0
584,6280,4.0
584,9061,5.0
584,9587,5.0
584,1945,5.0
584,6950,5.0
584,2636,5.0
584,11395,4.0
584,193,4.0
584,9271,4.0
584,2064,4.0
584,9331,5.0
584,10731,5.0
584,13,5.0
584,8587,5.0
584,1637,5.0
584,36955,5.0
584,306,4.0
584,9350,5.0
584,11566,5.0
584,9739,5.0
584,37233,5.0
584,5503,4.0
584,9386,5.0
584,15765,4.0
584,329,5.0
584,788,5.0
584,9800,5.0
584,858,5.0
584,771,4.0
584,251,5.0
584,812,4.0
584,280,5.0
584,581,5.0
584,274,4.0
584,10020,5.0
584,664,5.0
585,524,5.0
585,13997,4.0
585,103,4.5
585,2292,4.5
585,680,5.0
585,1607,5.0
585,6075,4.0
585,319,5.0
585,238,5.0
585,567,4.0
585,500,4.5
585,769,5.0
585,600,4.0
585,1578,5.0
585,3179,4.0
585,9366,4.5
585,9403,4.5
585,115,4.0
585,617,4.0
585,15037,4.0
585,793,4.0
585,73,5.0
585,14709,4.0
585,1542,4.0
585,100,5.0
585,14,4.5
585,550,5.0
585,9563,4.0
585,1883,4.0
585,8374,4.0
585,968,4.0
585,925,4.5
585,10393,4.0
585,107,5.0
585,4133,5.0
585,2034,4.0
585,11528,5.0
585,1282,4.5
585,1429,4.0
585,598,5.0
585,9509,4.5
585,20536,5.0
585,187,4.0
585,1422,4.5
585,8363,5.0
585,4982,5.0
585,6977,4.5
585,155,4.0
585,13223,4.5
585,14836,4.0
585,16869,5.0
585,11324,5.0
585,27205,4.0
585,37799,4.5
585,45317,4.0
586,8844,4.0
586,197,5.0
586,8963,4.5
586,11,4.5
586,2164,4.0
586,278,5.0
586,2064,4.0
586,9359,4.0
586,36955,4.5
586,11566,4.0
586,5503,4.5
586,11969,4.5
586,251,4.0
586,812,4.5
586,280,5.0
586,9802,4.0
586,9268,4.0
586,3595,4.0
586,252,4.5
586,601,4.0
586,1891,4.5
586,85,5.0
586,679,5.0
586,1892,4.5
586,137,4.5
586,105,4.5
586,89,4.0
586,199,4.0
586,154,5.0
586,168,4.5
586,1624,4.0
586,607,5.0
586,8834,4.0
586,1669,4.5
586,489,5.0
586,2898,4.0
586,8838,4.0
586,165,5.0
586,9631,4.0
586,9798,5.0
586,200,4.0
586,2112,5.0
586,603,5.0
586,861,4.0
586,2668,4.0
586,863,4.5
586,497,4.0
586,926,5.0
586,801,4.0
586,98,5.0
586,2024,5.0
586,36657,5.0
586,8452,4.0
586,11688,4.0
586,9602,4.0
586,585,5.0
586,8007,4.0
586,161,4.0
586,120,5.0
586,180,4.0
586,608,4.5
586,201,4.0
586,121,5.0
586,6038,4.0
586,36658,5.0
586,604,4.0
586,310,4.0
586,22,5.0
586,122,5.0
586,673,5.0
586,2502,5.0
586,11430,4.5
586,1895,4.5
586,953,5.0
586,272,4.0
586,11459,4.0
586,411,4.5
586,834,4.5
586,7518,5.0
586,36668,5.0
586,920,5.0
586,1491,5.0
586,2062,5.0
586,1267,4.5
586,675,4.5
586,2503,4.5
586,5174,4.5
586,8204,4.0
586,155,4.5
586,1726,5.0
586,8681,5.0
586,2454,4.0
586,9502,5.0
586,10681,5.0
586,10527,5.0
586,13053,5.0
586,12437,4.5
586,15512,4.0
586,16869,4.0
586,14160,5.0
586,22794,4.0
586,19995,4.0
586,10191,5.0
586,10138,5.0
586,10193,4.5
586,20352,5.0
586,27022,4.0
586,38757,4.5
586,10140,4.5
586,44896,4.5
586,46195,5.0
586,1865,5.0
586,49444,5.0
586,49013,4.0
586,24428,4.5
586,49026,4.5
586,56292,4.0
586,73723,5.0
586,80389,4.0
586,62177,5.0
586,1930,4.5
586,82675,5.0
586,76492,4.0
586,81188,5.0
586,49051,4.5
586,49519,5.0
586,117263,4.5
586,68721,4.5
586,54138,4.0
586,62211,5.0
586,93456,4.5
586,80274,4.5
586,57158,5.0
586,109445,5.0
586,137106,4.5
586,100402,5.0
586,227783,4.0
586,127585,4.5
586,177677,4.5
586,118340,5.0
586,131631,4.5
586,270946,5.0
586,122917,5.0
586,260346,5.0
586,87101,4.0
586,140607,5.0
586,68735,4.0
586,166426,5.0
586,102899,4.5
586,293660,4.0
586,284054,5.0
586,299536,4.5
586,284053,4.5
586,283995,5.0
586,271110,5.0
586,284052,5.0
586,246655,4.5
586,202249,5.0
586,228161,4.5
586,150540,5.0
586,131634,5.0
586,328111,4.5
586,188927,4.0
586,81003,5.0
586,140300,5.0
586,269149,5.0
586,324668,5.0
586,302946,4.0
586,277834,5.0
586,330459,4.5
586,335797,4.0
586,263115,5.0
586,295693,5.0
586,281338,4.0
586,339964,4.5
586,354912,4.0
586,181808,5.0
586,383498,4.0
586,348350,5.0
587,862,5.0
587,9087,4.0
587,8012,4.0
587,63,5.0
587,629,5.0
587,11010,5.0
587,11000,4.0
587,522,4.0
587,397,5.0
587,11777,4.0
587,680,5.0
587,193,4.0
587,236,4.0
587,2759,4.0
587,13,4.0
587,2788,4.0
587,36955,4.0
587,11310,4.0
587,11566,4.0
587,26141,4.0
587,11971,4.0
587,788,5.0
587,1245,5.0
587,10445,4.0
587,858,4.0
587,251,5.0
587,581,5.0
587,114,4.0
587,1592,5.0
587,40001,4.0
587,3573,4.0
587,981,4.0
587,239,4.0
587,6620,4.0
587,381,4.0
587,20758,4.0
587,433,4.0
587,252,4.0
587,11561,4.0
587,623,4.0
587,583,4.0
587,11386,5.0
587,15764,5.0
587,744,4.0
587,10765,4.0
587,11216,5.0
587,38251,4.0
587,510,5.0
587,703,5.0
587,9277,4.0
587,343,4.0
587,11235,4.0
587,696,4.0
587,235,4.0
587,105,5.0
587,10322,4.0
587,2323,5.0
587,639,5.0
587,199,4.0
587,152,4.0
587,174,4.0
587,172,4.0
587,154,4.0
587,157,4.0
587,168,4.0
587,330,5.0
587,607,4.0
587,8834,4.0
587,10806,4.0
587,9427,4.0
587,8197,5.0
587,11568,4.0
587,9452,4.0
587,5769,4.0
587,11050,5.0
587,941,4.0
587,942,4.0
587,943,4.0
587,9342,4.0
587,196,4.0
587,10340,4.0
587,2107,4.0
587,15144,4.0
587,11937,5.0
587,37916,5.0
587,12626,4.0
587,14347,4.0
587,10403,4.0
587,637,5.0
587,4518,5.0
587,12560,5.0
587,200,4.0
587,1934,5.0
587,9326,4.0
587,10328,4.0
587,10368,5.0
587,10013,4.0
587,9671,4.0
587,9396,4.0
587,603,4.0
587,1844,5.0
587,36685,5.0
587,620,5.0
587,4806,4.0
587,147,4.0
587,48259,4.0
587,12185,4.0
587,2280,5.0
587,14,5.0
587,40867,4.0
587,9377,4.0
587,11562,4.0
587,492,4.0
587,11040,5.0
587,36643,5.0
587,863,4.0
587,9586,4.0
587,926,5.0
587,14741,4.0
587,8293,5.0
587,287,5.0
587,838,4.0
587,123047,4.0
587,24575,4.0
587,16535,5.0
587,53879,4.0
587,1541,5.0
587,1713,4.0
587,996,4.0
587,9079,4.0
587,801,4.0
587,104301,4.0
587,1879,5.0
587,24748,4.0
587,1908,4.0
587,840,4.0
588,949,5.0
588,524,4.0
588,629,5.0
588,197,5.0
588,8963,4.0
588,1572,4.0
588,9344,4.0
588,2292,5.0
588,680,5.0
588,11450,4.0
588,278,5.0
588,11381,4.0
588,9331,4.0
588,1607,4.0
588,5503,5.0
588,424,4.0
588,274,5.0
588,9802,4.0
588,627,5.0
589,451,5.0
589,687,5.0
589,103,5.0
589,568,4.0
589,8467,4.0
589,522,4.0
589,14275,5.0
589,1945,4.0
589,680,5.0
589,278,5.0
589,1587,5.0
589,236,4.0
589,13,5.0
589,712,4.0
589,10427,4.0
589,8987,5.0
589,37233,4.0
589,10909,4.0
589,9800,4.0
589,713,4.0
589,424,5.0
589,251,5.0
589,581,5.0
589,274,5.0
589,664,5.0
589,602,5.0
589,9327,4.0
589,475,4.0
589,601,4.0
590,862,4.0
590,629,4.5
590,197,4.0
590,103,4.0
590,568,4.5
590,8963,4.0
590,11,5.0
590,680,4.5
590,278,4.5
590,13,5.0
590,8587,4.5
590,6075,4.0
590,11566,4.0
590,5503,4.0
590,329,4.0
590,9800,4.0
590,14534,4.5
590,424,5.0
590,78,4.5
590,11969,4.0
590,812,4.0
590,280,4.5
590,408,5.0
590,10020,4.5
590,10895,4.0
590,275,4.0
590,935,4.5
590,602,4.0
590,238,5.0
590,981,4.0
590,426,4.5
590,567,5.0
590,213,5.0
590,284,4.0
590,239,5.0
590,289,5.0
590,963,4.5
590,11113,4.0
590,630,5.0
590,770,5.0
590,599,4.0
590,15,4.0
590,62,5.0
590,705,4.0
590,223,4.0
590,303,4.0
590,381,4.0
590,10907,5.0
590,1939,4.0
590,3085,4.0
590,1585,5.0
590,3083,5.0
590,900,4.0
590,488,4.5
590,11224,4.5
590,12092,4.0
590,15121,4.5
590,562,4.0
590,623,4.5
590,475,4.0
590,521,4.5
590,500,4.0
590,601,4.5
590,510,4.5
590,1891,5.0
590,2493,4.5
590,85,5.0
590,679,4.5
590,429,4.5
590,389,5.0
590,947,4.5
590,595,5.0
590,28,4.5
590,1892,4.5
590,1092,4.5
590,769,4.0
590,348,4.5
590,539,5.0
590,525,4.0
590,240,5.0
590,9549,4.0
590,387,4.5
590,9277,4.0
590,218,4.5
590,9665,4.0
590,379,4.0
590,37247,4.0
590,1480,4.0
590,826,5.0
590,828,5.0
590,3090,4.0
590,694,4.0
590,5925,4.5
590,137,4.0
590,33,4.5
590,105,4.5
590,11202,4.5
590,903,5.0
590,3034,4.0
590,288,5.0
590,665,4.5
590,89,4.0
590,783,4.0
590,2323,4.0
590,642,4.5
590,571,4.5
590,199,4.5
590,12498,4.0
590,174,4.0
590,154,4.5
590,578,4.5
590,1669,4.5
590,9427,4.0
590,115,4.0
590,654,5.0
590,1725,4.0
590,10633,4.0
590,1366,4.5
590,12102,4.0
590,380,4.0
590,403,4.0
590,948,4.0
590,9552,4.0
590,9340,4.0
590,19,4.0
590,857,4.0
590,9325,4.5
590,10144,4.0
590,12230,4.0
590,805,4.0
590,845,4.0
590,117,4.0
590,13321,4.0
590,881,4.0
590,30197,4.0
590,10377,4.0
590,637,4.0
590,1934,4.0
590,11881,5.0
590,1367,4.0
590,1885,4.0
590,871,5.0
590,16520,4.0
590,603,4.0
590,1924,4.0
590,8536,4.0
590,8974,4.5
590,620,4.0
590,967,4.5
590,2280,4.5
590,850,4.0
590,704,4.0
590,9377,4.0
590,3767,4.0
590,1654,4.0
590,658,4.5
590,657,4.0
590,646,4.0
590,391,4.0
590,957,4.0
590,37853,4.0
590,9289,4.5
590,11787,4.0
590,497,4.5
590,632,4.0
590,11287,4.0
590,9869,4.0
590,8374,4.0
590,5693,4.0
590,287,4.0
590,3114,4.0
590,11176,4.0
590,996,4.0
590,1879,4.5
590,990,4.5
590,840,4.5
590,10774,4.0
590,10747,4.0
590,11977,4.0
590,98,4.5
590,10911,4.0
590,592,4.0
590,643,4.0
590,2024,4.0
590,3110,4.5
590,107,4.0
590,134,4.0
590,2623,4.0
590,10655,4.0
590,111,4.5
590,808,4.0
590,1406,4.0
590,9576,4.5
590,11697,4.5
590,9942,4.0
590,120,4.5
590,453,4.0
590,425,4.0
590,121,5.0
590,10243,4.0
590,22,4.0
590,11206,4.0
590,891,4.0
590,322,4.0
590,24,4.0
590,3112,4.0
590,17687,4.0
590,37719,4.5
590,122,4.5
590,42852,4.0
590,6844,4.5
590,393,4.0
590,24965,4.0
590,5902,4.0
590,16905,4.0
590,673,4.0
590,15794,4.0
590,9806,4.0
590,14615,4.0
590,70,4.0
590,205,4.0
590,16442,4.5
590,187,4.0
590,1640,4.0
590,272,4.0
590,1165,4.0
590,1422,4.0
590,1523,4.0
590,36557,4.0
590,1251,4.0
590,13377,4.5
590,675,4.0
590,6977,4.0
590,155,4.5
590,10681,4.0
590,14048,4.0
590,12405,4.5
590,13223,4.0
590,11499,4.0
590,16869,4.5
590,13475,4.0
590,14160,4.0
590,12162,4.0
590,767,4.0
590,17654,4.0
590,22947,4.0
590,22954,4.0
590,25196,4.0
590,44214,4.0
590,12444,4.0
590,44264,4.0
591,2292,4.0
591,11,5.0
591,13,4.0
591,9359,5.0
591,1892,5.0
591,9487,4.0
591,1934,4.0
591,603,5.0
591,11355,4.0
591,1893,5.0
591,817,5.0
591,9032,4.0
591,10386,4.0
591,745,4.0
591,913,4.0
591,10390,4.0
591,863,5.0
591,462,4.0
591,9532,4.0
591,98,5.0
591,9679,4.0
591,36657,4.0
591,2655,5.0
591,10637,4.0
592,8844,4.0
592,1408,4.0
592,9273,4.0
592,12665,4.0
592,9603,4.0
592,197,5.0
592,568,5.0
592,8839,4.0
592,8963,4.0
592,8068,5.0
592,281,5.0
592,9804,4.0
592,628,4.0
592,101,4.0
592,680,4.0
592,2164,4.0
592,11395,4.0
592,278,4.0
592,2064,5.0
592,3049,4.0
592,9331,4.0
592,9495,4.0
592,13,5.0
592,8587,5.0
592,854,4.0
592,36955,5.0
592,9739,4.0
592,5503,5.0
592,329,5.0
592,2246,4.0
592,788,5.0
592,8850,4.0
592,858,5.0
592,11969,5.0
592,771,4.0
592,251,4.0
592,812,5.0
592,280,5.0
592,581,4.0
592,268,5.0
592,274,5.0
592,10020,5.0
592,11827,4.0
592,954,4.0
592,9802,5.0
592,602,5.0
593,9598,4.0
593,31174,4.0
593,629,4.5
593,11000,4.0
593,11,5.0
593,278,4.5
593,13,4.0
593,858,4.0
593,274,4.0
593,275,4.5
593,238,5.0
593,44705,4.0
593,289,5.0
593,11113,4.0
593,10409,5.0
593,1891,5.0
593,1892,4.5
593,240,4.0
593,982,4.0
593,11257,5.0
593,9390,4.0
593,10549,4.0
593,9403,4.0
593,2118,4.0
593,597,4.0
593,4518,4.5
593,1934,5.0
593,2280,4.0
593,14,4.5
593,550,4.0
593,462,4.0
593,98,5.0
593,146,4.5
593,120,4.5
593,453,4.0
593,121,4.0
593,455,5.0
593,19666,4.0
593,79,4.5
593,122,4.5
593,1640,4.0
593,6957,4.5
593,752,4.0
594,8844,4.0
594,15602,4.0
594,9087,5.0
594,4584,4.0
594,17015,4.5
594,9603,4.5
594,11861,4.5
594,10530,4.5
594,197,5.0
594,9302,4.5
594,9737,4.0
594,8839,4.5
594,10329,5.0
594,1572,4.5
594,9348,4.0
594,3512,4.5
594,9804,5.0
594,2292,4.0
594,11777,5.0
594,43742,4.5
594,109560,4.5
594,9058,4.5
594,2636,4.5
594,2164,4.0
594,11395,4.0
594,193,4.0
594,2064,5.0
594,8587,5.0
594,854,4.0
594,9359,4.0
594,1637,4.5
594,36955,4.5
594,11667,4.5
594,9739,5.0
594,5503,4.5
594,329,5.0
594,2320,5.0
594,11971,4.0
594,713,4.0
594,858,5.0
594,10057,5.0
594,771,5.0
594,251,5.0
594,812,4.5
594,280,5.0
594,268,4.5
594,274,5.0
594,408,4.0
594,10020,5.0
594,114,5.0
594,954,5.0
594,8840,5.0
594,664,4.0
594,9879,4.0
594,602,4.5
594,9268,5.0
594,10546,5.0
594,238,4.0
594,630,4.0
594,770,4.5
594,10861,4.5
594,562,5.0
594,88,4.5
594,10409,4.5
594,1892,4.0
594,348,4.0
594,525,4.0
594,279,4.0
594,218,5.0
594,639,5.0
594,1573,4.5
594,9390,5.0
594,9404,4.0
594,1968,4.5
594,9405,5.0
594,8874,4.5
594,607,4.5
594,26180,4.0
594,9772,4.5
594,6623,4.5
594,14289,4.0
594,62422,4.5
594,563,4.5
594,4824,4.0
594,9714,4.0
594,597,4.5
594,26941,5.0
594,795,5.0
594,8656,4.5
594,95,4.5
594,544,4.0
594,941,4.5
594,942,4.5
594,943,5.0
594,857,4.0
594,9631,4.5
594,9820,4.0
594,9454,4.5
594,161795,4.5
594,37498,5.0
594,881,4.0
594,4478,5.0
594,297,4.0
594,11545,4.0
594,1934,4.0
594,9489,5.0
594,9441,4.5
594,16172,4.5
594,603,5.0
594,1893,4.0
594,1924,4.0
594,509,5.0
594,620,4.0
594,2978,4.0
594,8914,4.0
594,745,4.0
594,10366,5.0
594,9349,5.0
594,12618,5.0
594,5548,4.5
594,5549,4.5
594,2020,4.5
594,619,5.0
594,10326,4.5
594,73642,4.5
594,98,4.5
594,10642,4.5
594,36657,4.5
594,10641,4.5
594,1597,4.5
594,1493,5.0
594,9816,4.5
594,2018,5.0
594,1921,5.0
594,9594,4.5
594,1734,4.5
594,47596,4.5
594,16314,4.5
594,9778,5.0
594,12312,4.0
594,10229,5.0
594,2752,4.5
594,12154,5.0
594,2251,4.5
594,13153,4.0
594,30072,4.5
594,11529,4.5
594,12719,4.5
594,7303,4.5
594,2642,5.0
594,12090,5.0
594,9919,5.0
594,9506,4.0
594,36658,4.5
594,310,5.0
594,12629,4.0
594,17403,5.0
594,24993,4.0
594,33521,4.5
594,10619,4.0
594,277,5.0
594,10934,5.0
594,11806,4.0
594,11384,5.0
594,8010,4.0
594,10538,5.0
594,9261,4.5
594,2047,4.0
594,14249,4.0
594,6964,4.5
594,14844,5.0
594,10677,4.5
594,17047,4.0
594,11141,4.5
594,9545,4.5
594,19086,4.0
594,16219,4.5
594,10498,4.5
594,11036,4.0
594,558,5.0
594,11247,5.0
594,20417,4.0
594,11823,4.5
594,13969,5.0
594,6961,4.5
595,629,5.0
595,18183,5.0
595,21450,4.0
595,713,5.0
595,602,4.0
595,11386,4.0
595,1412,4.0
595,68,5.0
595,3034,5.0
595,1389,5.0
595,15389,4.0
595,9325,4.0
595,4518,4.0
595,9798,4.0
595,1934,5.0
595,1893,4.0
595,10386,5.0
596,862,4.0
596,9598,4.0
596,9603,4.0
596,11,4.0
596,8587,4.0
596,424,4.0
596,78,4.0
596,32562,4.0
596,274,4.0
596,10020,4.0
596,10112,4.0
596,567,4.5
596,630,4.0
596,62,4.0
596,433,4.0
596,15121,4.0
596,562,4.0
596,10938,4.0
596,601,4.0
596,762,4.0
596,31225,4.5
596,1892,4.0
596,348,4.0
596,105,4.0
596,199,4.5
596,154,4.0
596,157,4.0
596,168,4.0
596,9444,4.5
596,489,4.0
596,2666,4.5
596,10674,4.0
596,10144,4.0
596,1091,5.0
596,200,4.0
596,10328,4.0
596,603,4.0
596,37135,4.0
596,104,4.0
596,745,4.0
596,550,4.0
596,128,5.0
596,1832,4.0
596,26371,4.0
596,14919,4.0
596,8374,4.0
596,1359,4.0
596,20770,4.0
596,36657,4.0
596,71,4.0
596,146,4.0
596,77,4.5
596,808,4.0
596,21056,4.5
596,10865,4.0
596,1933,4.5
596,141,5.0
596,194,4.0
596,120,4.0
596,11544,4.5
596,129,4.5
596,7299,4.0
596,8392,5.0
596,36658,4.0
596,10515,4.5
596,12,4.0
596,170,4.0
596,605,4.0
596,294,4.5
596,747,4.5
596,9806,4.0
596,28031,4.0
596,206216,4.0
596,4935,5.0
596,19316,5.0
596,272,4.0
596,16320,4.0
596,3933,4.0
596,5236,4.5
596,142,4.0
596,16367,4.0
596,1124,4.0
596,4638,4.5
596,2503,4.0
596,8321,5.0
596,155,4.0
596,17483,4.0
596,12808,4.0
596,9502,4.0
596,10681,4.5
596,14836,4.0
596,13475,4.0
596,17654,4.5
596,31216,4.0
596,12244,4.0
596,10191,4.5
596,27205,4.0
596,26280,4.0
596,38055,4.0
596,12444,4.0
596,1771,4.0
596,62177,4.0
596,77174,4.0
596,49049,4.0
596,84892,4.0
596,82690,4.0
596,81188,4.0
596,68721,4.0
596,75656,4.0
596,110415,4.5
596,100402,5.0
596,137113,4.0
596,248212,4.5
596,192623,4.0
596,234200,4.0
596,245891,4.0
596,177572,4.0
596,76341,5.0
596,140607,4.5
596,293660,4.0
596,284054,5.0
596,299536,4.0
596,284053,5.0
596,283995,4.0
596,202249,4.0
596,34560,4.0
596,117098,4.0
596,258480,4.0
596,286217,4.0
596,150540,4.5
596,188927,4.5
596,203801,4.5
596,314365,4.0
596,297762,4.5
596,140300,4.0
596,269149,4.0
596,333484,4.0
596,401650,4.0
596,330459,5.0
596,324849,5.0
596,211387,4.0
596,263115,5.0
596,430423,4.5
596,353486,4.0
596,449176,4.0
596,363088,4.0
597,862,4.0
597,8012,5.0
597,9598,4.0
597,9603,4.0
597,577,5.0
597,807,4.0
597,629,5.0
597,11448,4.0
597,10634,4.0
597,13685,5.0
597,9614,5.0
597,197,5.0
597,2074,4.0
597,9071,4.0
597,10451,5.0
597,522,4.0
597,14275,5.0
597,11,5.0
597,11593,5.0
597,6950,4.0
597,20306,5.0
597,11382,5.0
597,13,5.0
597,712,5.0
597,9359,4.0
597,8987,4.0
597,1637,4.0
597,16771,4.0
597,11566,4.0
597,9571,5.0
597,5503,5.0
597,9386,5.0
597,329,5.0
597,10440,4.0
597,9516,5.0
597,788,4.0
597,78,4.0
597,319,5.0
597,11446,4.0
597,251,4.0
597,812,4.0
597,280,5.0
597,268,4.0
597,114,4.0
597,11827,4.0
597,954,4.0
597,532,4.0
597,627,5.0
597,238,5.0
597,872,4.0
597,567,5.0
597,284,4.0
597,963,4.0
597,630,4.0
597,599,5.0
597,303,4.0
597,381,5.0
597,1939,4.0
597,1585,5.0
597,12335,4.0
597,562,4.0
597,9591,4.0
597,9716,4.0
597,10218,5.0
597,252,5.0
597,11561,4.0
597,11302,4.0
597,623,5.0
597,21711,4.0
597,475,5.0
597,521,5.0
597,500,4.0
597,792,5.0
597,8491,4.0
597,601,5.0
597,25842,4.0
597,744,5.0
597,37616,4.0
597,11816,5.0
597,11843,4.0
597,1103,5.0
597,10765,4.0
597,762,4.0
597,531,5.0
597,10608,5.0
597,11216,5.0
597,18129,4.0
597,38251,5.0
597,10161,4.0
597,1412,5.0
597,10409,4.0
597,510,5.0
597,11455,4.0
597,1891,5.0
597,2493,5.0
597,85,5.0
597,679,5.0
597,429,4.0
597,947,5.0
597,185,5.0
597,595,5.0
597,28,5.0
597,1892,5.0
597,348,5.0
597,11645,4.0
597,525,4.0
597,240,5.0
597,600,5.0
597,279,5.0
597,311,4.0
597,1578,5.0
597,703,5.0
597,9549,5.0
597,387,4.0
597,9277,5.0
597,343,5.0
597,218,4.0
597,696,5.0
597,207,5.0
597,37247,5.0
597,829,5.0
597,13667,5.0
597,235,5.0
597,11778,5.0
597,137,5.0
597,982,5.0
597,105,5.0
597,11202,5.0
597,8009,4.0
597,3034,5.0
597,910,4.0
597,2640,5.0
597,11031,5.0
597,89,5.0
597,10322,5.0
597,11257,5.0
597,14370,4.0
597,625,5.0
597,2323,5.0
597,642,5.0
597,639,5.0
597,11349,4.0
597,7340,5.0
597,794,5.0
597,1573,4.0
597,621,5.0
597,578,5.0
597,378,5.0
597,10896,4.0
597,16448,5.0
597,9403,4.0
597,9434,5.0
597,816,5.0
597,2163,5.0
597,18,4.0
597,1701,4.0
597,4421,4.0
597,1669,5.0
597,10806,4.0
597,6623,4.0
597,2118,5.0
597,10155,4.0
597,68924,5.0
597,9427,4.0
597,33344,4.0
597,10890,5.0
597,4995,5.0
597,9281,5.0
597,2639,5.0
597,489,5.0
597,10217,5.0
597,597,4.0
597,115,4.0
597,586,4.0
597,11003,5.0
597,2898,4.0
597,10668,4.0
597,16148,4.0
597,9452,4.0
597,9844,4.0
597,1389,5.0
597,9464,4.0
597,944,4.0
597,544,5.0
597,28580,4.0
597,654,4.0
597,1366,5.0
597,12102,5.0
597,16619,5.0
597,9443,4.0
597,11050,5.0
597,606,4.0
597,380,5.0
597,403,4.0
597,13820,4.0
597,2108,5.0
597,948,5.0
597,9552,5.0
597,941,5.0
597,942,4.0
597,16084,4.0
597,857,5.0
597,29228,4.0
597,1779,5.0
597,793,4.0
597,10144,4.0
597,2619,4.0
597,2107,4.0
597,6471,5.0
597,9442,5.0
597,227,5.0
597,123,4.0
597,11814,4.0
597,15144,5.0
597,11522,4.0
597,11557,4.0
597,8393,4.0
597,4011,4.0
597,845,5.0
597,117,5.0
597,21873,5.0
597,21500,5.0
597,12626,5.0
597,3525,4.0
597,2321,4.0
597,2028,5.0
597,14347,5.0
597,2109,4.0
597,1091,5.0
597,10403,5.0
597,11337,5.0
597,162,4.0
597,10156,4.0
597,10377,5.0
597,1955,4.0
597,14924,4.0
597,12560,5.0
597,10162,4.0
597,244,5.0
597,10730,5.0
597,9749,5.0
597,10029,4.0
597,11545,5.0
597,1934,5.0
597,1368,5.0
597,10303,4.0
597,9326,4.0
597,10328,4.0
597,1367,4.0
597,1371,4.0
597,15196,4.0
597,11904,4.0
597,15596,4.0
597,44326,4.0
597,1885,4.0
597,8741,5.0
597,15698,4.0
597,12151,4.0
597,9671,4.0
597,11873,4.0
597,18588,4.0
597,1542,4.0
597,14742,4.0
597,27932,4.0
597,7227,5.0
597,5919,4.0
597,871,5.0
597,100,5.0
597,9540,4.0
597,9430,4.0
597,9465,4.0
597,9451,5.0
597,15660,4.0
597,1924,4.0
597,817,5.0
597,24137,5.0
597,104,4.0
597,2105,5.0
597,620,5.0
597,10776,4.0
597,31924,4.0
597,745,5.0
597,12185,4.0
597,813,5.0
597,11153,5.0
597,2280,5.0
597,850,5.0
597,11963,5.0
597,14,5.0
597,10669,5.0
597,11527,4.0
597,11326,4.0
597,6415,4.0
597,10388,4.0
597,9346,5.0
597,861,5.0
597,9377,5.0
597,11901,5.0
597,1654,5.0
597,658,4.0
597,657,5.0
597,646,5.0
597,391,4.0
597,16858,4.0
597,11562,5.0
597,5548,4.0
597,856,5.0
597,38772,4.0
597,699,4.0
597,253,5.0
597,660,4.0
597,476,5.0
597,21610,4.0
597,11040,4.0
597,1621,5.0
597,14035,5.0
597,11663,4.0
597,4203,4.0
597,24226,5.0
597,2039,5.0
597,651,5.0
598,161,4.0
598,2501,4.0
598,672,5.0
598,38,5.0
598,773,5.0
598,675,5.0
598,7326,5.0
598,12405,4.0
598,27205,5.0
598,72710,5.0
598,157375,5.0
598,242090,5.0
598,244264,5.0
598,279828,5.0
598,262500,5.0
599,949,4.5
599,8012,4.0
599,807,4.0
599,33542,5.0
599,76,4.5
599,11,5.0
599,101,5.0
599,680,5.0
599,278,4.0
599,193,4.0
599,6075,4.0
599,329,4.0
599,78,4.5
599,280,4.5
599,503475,4.5
599,9323,5.0
599,532,4.0
599,935,5.0
599,238,4.0
599,11134,4.0
599,289,4.0
599,15,4.0
599,62,5.0
599,223,4.0
599,303,4.0
599,3085,5.0
599,562,4.0
599,42314,4.0
599,583,4.5
599,500,5.0
599,9504,4.0
599,601,4.0
599,1103,4.5
599,762,4.5
599,531,4.5
599,975,5.0
599,409,4.0
599,1891,5.0
599,679,5.0
599,947,4.0
599,185,4.5
599,28,5.0
599,1892,5.0
599,769,4.0
599,348,5.0
599,766,4.5
599,240,4.0
599,530,4.5
599,279,4.0
599,703,4.0
599,1398,4.0
599,37291,4.0
599,490,4.0
599,9665,4.0
599,696,4.0
599,207,4.0
599,9322,4.5
599,137,4.0
599,149,5.0
599,756,4.0
599,288,5.0
599,89,4.0
599,364,4.5
599,9390,4.0
599,9361,4.0
599,10549,4.0
599,9404,4.0
599,18,4.0
599,4995,4.0
599,37165,4.0
599,489,4.5
599,184,4.0
599,115,5.0
599,9452,4.0
599,1878,4.0
599,473,4.0
599,654,4.5
599,1366,4.0
599,13597,5.0
599,346,4.0
599,1779,4.0
599,34584,4.0
599,845,4.0
599,162,4.0
599,73,4.0
599,10223,4.0
599,11545,5.0
599,1934,4.0
599,1885,4.0
599,8741,5.0
599,1542,4.0
599,871,4.0
599,603,5.0
599,8592,4.0
599,1924,4.0
599,8536,4.0
599,104,4.5
599,9473,4.0
599,620,4.5
599,247,4.0
599,14,5.0
599,658,4.0
599,391,4.0
599,550,5.0
599,5548,4.0
599,5549,4.0
599,492,4.0
599,11878,5.0
599,957,4.0
599,9647,4.5
599,334,5.0
599,624,4.0
599,14886,4.0
599,26617,4.0
599,9475,4.0
599,11782,4.0
599,11016,4.5
599,35412,4.5
599,925,4.0
599,996,5.0
599,990,4.5
599,2291,4.0
599,593,4.5
599,106,4.0
599,8810,5.0
599,6978,4.0
599,3133,4.5
599,641,5.0
599,146,4.0
599,77,4.5
599,13333,4.0
599,14506,4.5
599,1018,4.5
599,161,4.0
599,194,5.0
599,120,4.0
599,548,4.0
599,2565,4.0
599,1430,4.5
599,423,4.0
599,11299,4.0
599,290,4.5
599,636,4.0
599,153,5.0
599,891,4.0
599,14282,4.0
599,24,5.0
599,3176,4.0
599,10729,4.0
599,616,4.0
599,923,4.5
599,393,4.0
599,9461,4.0
599,2786,4.5
599,140207,4.0
599,662,4.0
599,149645,4.0
599,18491,4.5
599,670,4.0
599,421,4.0
599,9693,4.0
599,1272,4.0
599,13754,4.0
599,53094,4.0
599,10681,4.0
599,12163,4.0
599,21832,4.5
599,15137,4.0
599,28609,4.0
599,37799,4.5
599,44115,4.0
599,44214,4.0
599,22843,4.0
599,83666,4.0
599,39100,4.0
599,39101,4.0
599,24752,4.0
599,34433,4.0
599,39105,4.0
599,44251,4.0
599,39106,4.0
599,39323,4.0
599,39324,4.5
599,39102,4.0
599,76341,4.0
599,14092,4.0
599,65973,4.0
599,185789,4.5
599,409926,4.0
599,374720,4.0
600,8844,4.0
600,902,4.5
600,63,4.5
600,807,4.0
600,13685,4.5
600,1024,4.5
600,628,4.5
600,11,4.0
600,680,4.5
600,1587,4.0
600,13,4.0
600,788,4.0
600,9479,4.0
600,11446,4.0
600,274,4.0
600,275,4.0
600,10112,4.0
600,10539,4.0
600,18414,4.5
600,935,4.5
600,238,4.0
600,872,4.5
600,11113,4.5
600,15,4.0
600,62,4.0
600,22292,4.0
600,9716,4.5
600,252,5.0
600,10379,4.5
600,762,4.5
600,1891,4.0
600,2493,5.0
600,85,4.0
600,68,5.0
600,185,5.0
600,1892,4.5
600,1092,4.0
600,11645,4.0
600,539,4.0
600,703,5.0
600,343,5.0
600,696,5.0
600,422,4.0
600,11778,5.0
600,137,4.0
600,105,4.5
600,1633,4.0
600,3034,4.0
600,2640,5.0
600,11031,4.5
600,89,4.0
600,571,4.0
600,7340,4.0
600,199,4.0
600,16448,4.0
600,2639,4.0
600,10668,4.5
600,13597,5.0
600,9340,4.5
600,19,4.0
600,165,4.5
600,196,4.5
600,32611,4.0
600,14013,4.0
600,10849,4.5
600,10144,4.0
600,2907,4.0
600,14367,4.0
600,16081,4.0
600,15171,4.0
600,11704,4.0
600,11639,4.5
600,15144,4.5
600,4011,4.5
600,847,5.0
600,11855,4.0
600,162,4.5
600,30197,4.5
600,3121,5.0
600,1955,4.0
600,2657,4.0
600,637,4.5
600,73,4.0
600,10328,4.0
600,1885,4.0
600,11622,4.0
600,1542,4.5
600,36685,4.5
600,24137,4.0
600,620,4.5
600,2978,4.0
600,9267,4.0
600,2280,4.0
600,14,4.5
600,9377,4.0
600,11054,4.0
600,16305,5.0
600,32255,4.5
600,550,4.5
600,36819,5.0
600,492,4.5
600,128,4.0
600,14242,4.5
600,20565,4.0
600,99,4.0
600,177,5.0
600,3558,4.0
600,1498,4.0
600,840,4.0
600,13665,4.0
600,5683,4.0
600,11072,4.0
600,11624,4.0
600,11686,5.0
600,13785,4.5
600,1636,4.0
600,134,4.0
600,1547,4.0
600,77,4.0
600,4133,4.0
600,634,4.0
600,11307,4.0
600,824,4.0
600,9576,4.5
600,43316,4.0
600,14506,5.0
600,1648,4.0
600,1548,4.0
600,13403,5.0
600,9398,4.5
600,9081,4.0
600,671,4.0
600,194,4.0
600,120,5.0
600,651,5.0
600,9026,4.0
600,2750,4.0
600,11013,4.0
600,129,5.0
600,672,4.0
600,64,4.5
600,2757,5.0
600,121,5.0
600,8392,4.5
600,1574,4.0
600,8288,4.0
600,10515,4.5
600,12,4.0
600,216,4.0
600,9662,4.0
600,4543,5.0
600,24,4.5
600,3176,4.5
600,122,5.0
600,38,5.0
600,393,4.5
600,20561,4.0
600,12762,4.0
600,41662,4.5
600,673,4.0
600,11884,4.0
600,747,4.5
600,1599,5.0
600,33115,5.0
600,13041,5.0
600,8327,5.0
600,16859,4.5
600,9768,4.0
600,20562,4.0
600,16184,4.5
600,15370,5.0
600,1843,4.0
600,421,5.0
600,2567,4.0
600,4935,5.0
600,15283,4.5
600,1667,4.0
600,10707,4.5
600,674,4.0
600,116,4.0
600,58,4.0
600,773,4.5
600,1262,4.0
600,496,4.5
600,1417,4.5
600,9693,4.0
600,13365,4.0
600,51863,4.0
600,13377,4.0
600,20553,4.0
600,285,4.0
600,4953,4.0
600,14836,4.0
601,862,4.0
601,807,4.0
601,629,5.0
601,278,5.0
601,424,5.0
601,238,5.0
601,567,5.0
601,213,4.5
601,289,4.0
601,1585,4.5
601,762,4.0
601,510,4.0
601,2493,5.0
601,85,4.0
601,389,5.0
601,595,4.0
601,240,4.5
601,5925,4.5
601,18,4.0
601,489,4.5
601,597,4.0
601,95,4.0
601,346,4.5
601,857,5.0
601,637,5.0
601,9487,4.5
601,603,5.0
601,745,4.5
601,550,5.0
601,128,4.0
601,98,4.5
601,77,5.0
601,808,4.0
601,585,5.0
601,161,4.5
601,120,5.0
601,453,4.0
601,180,4.0
601,129,5.0
601,121,5.0
601,8392,4.5
601,640,4.5
601,598,4.0
601,12,5.0
601,122,5.0
601,38,4.5
601,9806,5.0
601,4935,5.0
601,272,4.5
601,752,4.0
601,1417,4.0
601,1422,5.0
601,1124,4.5
601,36557,4.0
601,2062,5.0
601,2503,4.0
601,1726,5.0
601,10681,5.0
601,12405,4.0
601,15472,4.5
601,16869,4.0
601,14160,5.0
601,17654,4.5
601,14161,4.0
601,19995,4.0
601,11324,4.5
601,34016,4.0
601,10191,5.0
601,10193,4.0
601,27205,5.0
601,37799,4.5
601,37735,4.0
601,12444,4.5
601,45269,4.0
601,50014,4.5
601,24428,4.5
601,49026,4.5
601,62177,4.0
601,68718,4.0
601,106646,4.5
601,157336,5.0
601,210577,4.0
601,118340,4.0
601,177572,4.5
601,205596,4.0
601,283995,4.0
601,150540,5.0
601,324308,4.0
601,269149,4.5
601,367412,5.0
601,416477,4.0
601,400928,4.0
601,331214,5.0
601,364150,4.5
601,374720,4.0
601,335984,4.0
601,354912,4.5
602,8844,4.0
602,10858,5.0
602,8012,4.0
602,451,4.0
602,9603,5.0
602,577,5.0
602,807,5.0
602,629,5.0
602,197,5.0
602,11000,4.0
602,568,4.0
602,11780,4.0
602,414,4.0
602,8963,4.0
602,8512,4.0
602,1572,5.0
602,9071,4.0
602,3512,4.0
602,11929,4.0
602,522,4.0
602,11,5.0
602,4476,4.0
602,680,5.0
602,11450,5.0
602,278,5.0
602,1587,5.0
602,9331,4.0
602,712,4.0
602,8587,4.0
602,854,5.0
602,10427,5.0
602,1637,4.0
602,2758,4.0
602,11566,4.0
602,5503,5.0
602,11934,4.0
602,9386,5.0
602,7984,5.0
602,329,4.0
602,2320,4.0
602,788,4.0
602,424,5.0
602,10635,4.0
602,9479,4.0
602,251,4.0
602,280,5.0
602,268,4.0
602,274,5.0
602,275,5.0
602,954,4.0
602,9802,4.0
602,602,4.0
602,9268,4.0
602,11134,4.0
603,862,4.0
603,949,4.0
603,524,4.0
603,8012,5.0
603,451,4.0
603,17015,5.0
603,37557,4.0
603,9598,4.0
603,687,4.0
603,9603,5.0
603,577,4.0
603,49133,5.0
603,755,4.0
603,124626,4.0
603,8447,5.0
603,406,4.0
603,63076,5.0
603,13685,4.0
603,89333,4.0
603,103,5.0
603,33542,4.0
603,32119,4.0
603,2074,4.0
603,9737,4.0
603,26564,5.0
603,8068,5.0
603,8512,4.0
603,13552,4.0
603,9344,5.0
603,9071,4.0
603,34574,4.0
603,36196,4.0
603,10802,4.0
603,10149,5.0
603,5967,5.0
603,52856,4.0
603,77350,4.0
603,9560,4.0
603,19155,4.0
603,76,5.0
603,10451,5.0
603,20156,4.0
603,522,4.0
603,14275,4.0
603,11,4.0
603,9587,4.0
603,241,4.0
603,527,4.0
603,680,5.0
603,30304,4.0
603,10452,4.0
603,110,4.0
603,108,4.0
603,109,4.0
603,20306,4.0
603,31439,5.0
603,32636,5.0
603,12635,4.0
603,11382,5.0
603,712,4.0
603,41647,4.0
603,23333,4.0
603,1637,5.0
603,39953,4.0
603,315,5.0
603,10436,5.0
603,178,4.0
603,4722,4.0
603,11566,4.0
603,9571,5.0
603,10997,4.0
603,11934,4.0
603,10909,4.0
603,10440,4.0
603,5879,5.0
603,21450,5.0
603,9300,5.0
603,9800,4.0
603,713,5.0
603,41878,4.0
603,10445,4.0
603,695,5.0
603,858,4.0
603,20967,4.0
603,319,4.0
603,26408,4.0
603,11446,4.0
603,274,5.0
603,576,5.0
603,124472,4.0
603,275,5.0
603,8069,5.0
603,32513,4.0
603,21588,4.0
603,85778,4.0
603,26890,4.0
603,14553,4.0
603,26748,4.0
603,49963,4.0
603,18555,4.0
603,3573,4.0
603,10061,4.0
603,549,4.0
603,238,5.0
603,9303,5.0
603,981,5.0
603,872,4.0
603,2769,4.0
603,164,4.0
603,426,5.0
603,567,5.0
603,213,4.0
603,284,4.0
603,239,4.0
603,289,5.0
603,963,5.0
603,11113,5.0
603,6620,4.0
603,630,5.0
603,770,4.0
603,15,5.0
603,62,5.0
603,705,5.0
603,223,4.0
603,303,4.0
603,4174,5.0
603,381,4.0
603,1939,5.0
603,3080,4.0
603,13562,5.0
603,1712,4.0
603,220,4.0
603,2897,4.0
603,900,5.0
603,10331,5.0
603,488,5.0
603,18203,5.0
603,433,4.0
603,562,4.0
603,11159,5.0
603,42314,4.0
603,27845,4.0
603,25147,4.0
603,10218,4.0
603,11561,4.0
603,623,4.0
603,583,4.0
603,521,4.0
603,500,5.0
603,601,4.0
603,221,5.0
603,702,5.0
603,37616,5.0
603,1103,4.0
603,4483,4.0
603,7452,4.0
603,1600,5.0
603,26561,4.0
603,18129,5.0
603,409,4.0
603,10161,4.0
603,1412,4.0
603,10409,4.0
603,14285,4.0
603,2469,4.0
603,10174,4.0
603,31225,4.0
603,510,4.0
603,85,4.0
603,68,5.0
603,679,4.0
603,429,5.0
603,13446,4.0
603,185,5.0
603,28,5.0
603,144,5.0
603,769,4.0
603,348,5.0
603,11645,4.0
603,10835,4.0
603,539,5.0
603,240,5.0
603,279,4.0
603,311,4.0
603,1578,5.0
603,703,4.0
603,387,5.0
603,9277,4.0
603,37291,5.0
603,490,4.0
603,218,4.0
603,696,5.0
603,37247,5.0
603,1480,4.0
603,829,5.0
603,3090,5.0
603,832,5.0
603,765,4.0
603,11778,5.0
603,4485,4.0
603,137,5.0
603,982,5.0
603,1554,4.0
603,3034,5.0
603,339,4.0
603,10404,5.0
603,288,5.0
603,910,4.0
603,2640,4.0
603,665,4.0
603,11314,4.0
603,10322,4.0
603,11257,4.0
603,625,4.0
603,642,4.0
603,639,4.0
603,30180,5.0
603,8077,4.0
603,32076,4.0
603,571,4.0
603,6114,4.0
603,1598,4.0
603,11349,5.0
603,6217,4.0
603,28198,5.0
603,145,5.0
603,12498,4.0
603,11674,4.0
603,621,4.0
603,578,4.0
603,75,5.0
603,378,5.0
603,41240,4.0
603,1802,4.0
603,4232,5.0
603,18451,4.0
603,27265,4.0
603,49935,4.0
603,36040,4.0
603,14832,5.0
603,28059,4.0
603,28005,4.0
603,49806,4.0
603,9405,4.0
603,9434,4.0
603,816,4.0
603,105045,4.0
603,11239,5.0
603,45671,4.0
603,754,5.0
603,607,4.0
603,14585,4.0
603,49462,4.0
603,468,4.0
603,108401,4.0
603,2118,5.0
603,10155,4.0
603,68924,5.0
603,2255,5.0
603,9427,4.0
603,33344,4.0
603,782,4.0
603,4995,5.0
603,9281,4.0
603,563,5.0
603,10215,4.0
603,8078,4.0
603,39177,4.0
603,22797,5.0
603,2639,5.0
603,10217,5.0
603,115,5.0
603,26941,4.0
603,9410,4.0
603,586,5.0
603,21253,5.0
603,5910,5.0
603,16980,4.0
603,267,4.0
603,16148,5.0
603,13907,4.0
603,55561,4.0
603,9844,4.0
603,37410,5.0
603,1389,5.0
603,9464,5.0
603,102304,4.0
603,544,4.0
603,654,5.0
603,15919,4.0
603,1725,5.0
603,5769,4.0
603,1051,4.0
603,1366,4.0
603,12102,4.0
603,16619,4.0
603,9443,4.0
603,11050,4.0
603,746,4.0
603,466,4.0
603,15389,4.0
603,948,4.0
603,609,4.0
603,9552,4.0
603,346,5.0
603,859,4.0
603,11051,4.0
603,1411,4.0
603,857,5.0
603,37969,4.0
603,1779,4.0
603,10849,4.0
603,678,5.0
603,5961,5.0
603,42121,4.0
603,20348,4.0
603,26648,4.0
603,793,5.0
603,2619,4.0
603,27332,4.0
603,9442,4.0
603,11591,4.0
603,23954,4.0
603,12761,4.0
603,16081,4.0
603,15144,4.0
603,14662,4.0
603,10692,5.0
603,805,4.0
603,77469,4.0
603,36647,4.0
603,41469,4.0
603,4011,4.0
603,117,4.0
603,21734,5.0
603,21873,4.0
603,2321,4.0
603,24016,4.0
603,10403,5.0
603,11337,4.0
603,162,4.0
603,4975,4.0
603,39437,4.0
603,10683,4.0
603,9882,4.0
603,4518,4.0
603,11893,4.0
603,12223,4.0
603,10002,4.0
603,19426,4.0
603,12560,4.0
603,8130,4.0
603,8545,4.0
603,11545,5.0
603,24525,4.0
603,31662,4.0
603,9426,4.0
603,11873,4.0
603,11167,5.0
603,18892,4.0
603,42113,5.0
603,10803,4.0
603,871,4.0
603,1685,4.0
603,1705,4.0
603,1688,4.0
603,1687,4.0
603,9535,4.0
603,9540,5.0
603,603,5.0
603,9840,4.0
603,9430,4.0
603,22826,4.0
603,9451,5.0
603,1946,5.0
603,25471,4.0
603,564,4.0
603,44297,4.0
603,15849,4.0
603,509,4.0
603,11779,5.0
603,62676,4.0
603,817,4.0
603,14283,4.0
603,24137,4.0
603,10279,4.0
603,1073,4.0
603,10239,4.0
603,2667,5.0
603,9824,4.0
603,247,4.0
603,802,4.0
603,147,5.0
603,11120,4.0
603,24452,4.0
603,745,5.0
603,12185,4.0
603,11963,4.0
603,37718,4.0
603,21719,4.0
603,14,5.0
603,142132,4.0
603,24153,4.0
603,24066,4.0
603,226,5.0
603,10388,5.0
603,861,4.0
603,14412,4.0
603,9377,4.0
603,8416,5.0
603,11054,4.0
603,16642,4.0
603,3086,5.0
603,16305,5.0
603,3767,4.0
603,17352,4.0
603,1654,4.0
603,658,4.0
603,646,4.0
603,391,4.0
603,31650,4.0
603,550,4.0
603,404,4.0
603,42196,4.0
603,16858,4.0
603,42006,5.0
603,11562,4.0
603,5548,4.0
603,38772,4.0
603,492,5.0
603,8672,4.0
603,9008,4.0
603,1694,4.0
603,476,5.0
603,37853,4.0
603,29371,4.0
603,4203,4.0
603,2668,4.0
603,99,4.0
603,24276,4.0
603,11953,4.0
603,9013,4.0
603,31582,4.0
603,21887,4.0
603,497,4.0
603,1715,4.0
603,25188,4.0
603,334,4.0
603,22213,4.0
603,36492,4.0
603,624,5.0
603,926,4.0
603,1213,4.0
603,12524,4.0
603,26617,5.0
603,10493,4.0
603,16241,4.0
603,10831,5.0
603,33078,5.0
603,16672,5.0
603,14741,4.0
603,1883,4.0
603,8293,4.0
603,11068,4.0
603,11782,5.0
603,12143,5.0
603,14181,4.0
603,2787,4.0
603,79515,5.0
603,11004,5.0
603,24481,5.0
603,28172,4.0
603,20283,4.0
603,287,4.0
603,968,4.0
603,838,4.0
603,3114,5.0
603,68427,4.0
603,462,4.0
603,1396,4.0
603,1541,4.0
603,8469,4.0
603,27995,4.0
603,925,5.0
603,996,5.0
603,29143,4.0
603,33516,4.0
603,42237,5.0
603,25673,5.0
603,593,5.0
603,10747,4.0
603,11305,4.0
603,123757,5.0
603,1359,5.0
603,27745,4.0
603,13776,5.0
603,10518,4.0
603,1443,5.0
603,36234,4.0
603,12476,4.0
603,98,4.0
603,47724,4.0
603,42159,4.0
603,5683,4.0
603,44018,5.0
603,682,4.0
603,2768,4.0
603,10102,5.0
603,11368,5.0
603,9659,4.0
603,8810,5.0
603,635,4.0
603,11879,4.0
603,12611,4.0
603,479,4.0
603,17897,4.0
603,12706,4.0
603,32275,5.0
603,11830,4.0
603,4327,4.0
603,146,5.0
603,11983,4.0
603,107,4.0
603,12509,4.0
603,5001,5.0
603,1900,4.0
603,5955,4.0
603,77,5.0
603,55,5.0
603,26475,4.0
603,9799,4.0
603,11826,4.0
603,3134,4.0
603,43316,5.0
603,10238,4.0
603,4789,4.0
603,18030,5.0
603,18988,4.0
603,11536,4.0
603,976,5.0
603,69605,5.0
603,11906,4.0
603,9517,4.0
603,14776,4.0
603,327,4.0
603,1548,4.0
603,31941,4.0
603,44258,4.0
603,70042,4.0
603,11542,4.0
603,1933,4.0
603,10972,4.0
603,22230,4.0
603,742,4.0
603,11065,4.0
603,18734,4.0
603,44321,4.0
603,75386,4.0
603,2034,4.0
603,27327,5.0
603,11576,4.0
603,984,4.0
603,991,5.0
604,8844,5.0
604,10858,4.0
604,4584,4.0
604,9691,4.0
604,63,4.0
604,9598,4.0
604,11359,4.0
604,2054,4.0
604,9102,4.0
604,9208,4.0
604,103,4.0
604,33542,4.0
604,8839,4.0
604,1572,4.0
604,8973,4.0
604,9070,4.0
604,1642,4.0
604,2292,4.0
604,628,5.0
604,9587,4.0
604,18183,4.0
604,11318,4.0
604,10510,4.0
604,56428,4.0
604,241,5.0
604,680,5.0
604,2636,4.0
604,2164,4.0
604,9067,5.0
604,9059,4.0
604,8587,4.0
604,11596,5.0
604,2758,4.0
604,9350,4.0
604,9612,4.0
604,9739,4.0
604,37233,4.0
604,11969,4.0
604,268,4.0
604,274,5.0
604,11827,5.0
604,8766,5.0
604,9099,4.0
604,10280,4.0
605,862,4.0
605,17015,4.0
605,568,5.0
605,414,4.0
605,11,5.0
605,854,4.0
605,8850,4.0
605,10020,4.0
605,10907,4.0
605,11076,4.0
605,433,4.0
605,252,4.0
605,2493,5.0
605,1892,5.0
605,105,4.0
605,364,4.0
605,816,4.0
605,10603,4.0
605,9449,4.0
605,165,4.0
605,196,4.0
605,4951,5.0
605,564,5.0
605,817,4.0
605,16406,4.0
605,813,5.0
605,2280,4.5
605,2020,4.0
605,10326,4.0
605,17889,4.0
605,11467,4.0
605,120,5.0
605,121,5.0
605,22,5.0
605,891,4.0
605,122,5.0
605,11708,4.0
605,673,4.0
605,17663,4.5
605,411,4.5
605,1593,4.0
605,1491,4.0
605,14207,4.0
605,4688,4.0
605,2270,4.0
605,6557,4.0
605,7985,4.5
605,2454,4.0
605,767,4.5
605,61872,4.0
605,40724,4.5
605,10191,4.0
606,4584,4.0
606,5,4.0
606,902,4.5
606,63,4.0
606,11861,4.0
606,629,4.5
606,4482,4.0
606,755,4.0
606,48750,4.0
606,46785,4.0
606,880,4.0
606,10474,4.0
606,649,4.0
606,5894,4.0
606,1775,4.0
606,10149,4.0
606,281,4.0
606,76,4.0
606,2292,4.5
606,1909,4.0
606,10451,5.0
606,11,4.5
606,49980,4.0
606,18183,4.0
606,1945,4.0
606,241,4.0
606,101,4.5
606,680,5.0
606,110,4.5
606,108,4.5
606,109,4.0
606,12527,4.0
606,1587,4.0
606,2759,4.5
606,13,4.0
606,712,4.0
606,1689,4.0
606,6075,4.0
606,34444,4.0
606,18620,4.0
606,2259,4.0
606,7984,4.0
606,11971,4.5
606,9300,4.0
606,713,4.0
606,424,5.0
606,78,5.0
606,51980,4.0
606,25403,4.0
606,251,4.0
606,581,4.0
606,274,4.5
606,114,4.0
606,38884,4.0
606,61752,4.0
606,12652,4.0
606,11902,4.5
606,922,4.5
606,21588,4.0
606,935,4.0
606,627,4.0
606,14553,4.5
606,44535,4.0
606,238,4.0
606,981,5.0
606,872,4.0
606,2769,4.0
606,164,5.0
606,426,4.0
606,567,4.5
606,3078,5.0
606,213,4.5
606,284,4.0
606,239,5.0
606,4808,4.5
606,289,4.5
606,11113,5.0
606,6620,4.5
606,804,4.5
606,770,4.0
606,62,5.0
606,705,4.0
606,22490,4.0
606,223,4.5
606,303,4.5
606,4174,5.0
606,381,5.0
606,1859,4.0
606,18299,4.0
606,22292,4.0
606,1585,4.0
606,23114,4.0
606,488,4.0
606,32574,4.0
606,1770,4.0
606,18203,5.0
606,433,4.0
606,11159,4.0
606,454,4.5
606,819,4.5
606,31530,4.0
606,623,4.0
606,12614,4.5
606,521,4.5
606,500,5.0
606,792,4.0
606,10537,4.0
606,11386,4.0
606,762,4.0
606,11216,4.0
606,892,4.0
606,1600,4.0
606,38251,4.5
606,10161,4.0
606,1412,4.0
606,2469,4.0
606,510,4.5
606,1891,4.5
606,68,4.0
606,429,4.0
606,947,4.0
606,185,4.5
606,28,4.5
606,335,4.5
606,1892,4.5
606,144,5.0
606,348,4.0
606,11645,4.0
606,539,4.5
606,525,4.5
606,240,4.0
606,600,4.0
606,279,4.0
606,311,4.0
606,703,4.5
606,9277,4.5
606,218,4.0
606,18971,4.0
606,696,5.0
606,207,4.0
606,37247,4.5
606,694,4.5
606,235,4.0
606,8428,4.0
606,212,4.5
606,1633,4.5
606,1554,4.0
606,149,4.0
606,11673,4.5
606,10404,4.0
606,914,4.0
606,756,4.5
606,2640,4.5
606,89,4.0
606,783,4.0
606,11257,4.5
606,655,4.0
606,639,4.5
606,377,4.0
606,794,4.0
606,145,4.0
606,7863,4.0
606,9819,4.0
606,10549,4.0
606,784,4.5
606,9366,4.0
606,18,4.0
606,9450,4.5
606,26422,4.0
606,8874,4.0
606,11956,4.0
606,468,4.5
606,10806,4.0
606,68924,4.0
606,9427,4.0
606,9281,4.0
606,10215,4.5
606,37165,4.5
606,2639,4.0
606,489,4.5
606,597,4.0
606,184,4.0
606,115,4.5
606,27103,4.0
606,2898,4.0
606,9313,4.0
606,267,4.0
606,4415,4.5
606,1878,4.0
606,11020,4.0
606,874,4.0
606,12102,4.0
606,11050,4.0
606,746,4.0
606,380,4.0
606,403,4.0
606,11485,4.5
606,2108,4.0
606,19,5.0
606,346,4.0
606,859,4.0
606,841,4.0
606,857,4.0
606,10849,4.5
606,227,4.5
606,9454,4.0
606,125124,4.0
606,805,4.0
606,34584,4.0
606,4011,4.0
606,1580,4.0
606,506,4.5
606,574,4.5
606,30159,4.0
606,117,4.0
606,31667,4.0
606,21734,4.0
606,11462,4.0
606,8208,4.0
606,10220,4.5
606,431,4.0
606,37916,4.0
606,12626,4.0
606,3525,4.0
606,10403,4.0
606,162,4.0
606,4437,4.0
606,1890,4.0
606,1955,4.0
606,10683,4.0
606,2657,4.0
606,637,5.0
606,73,4.0
606,297,4.0
606,19426,4.0
606,10162,4.0
606,309,5.0
606,27104,4.0
606,1934,4.0
606,46992,4.0
606,9426,4.0
606,192,4.0
606,8129,4.0
606,43978,4.0
606,796,4.0
606,9540,4.0
606,603,5.0
606,9465,4.0
606,36685,4.0
606,509,4.0
606,11779,4.0
606,10376,4.0
606,104,4.5
606,10239,4.0
606,345,4.0
606,3175,4.0
606,1628,4.5
606,745,4.0
606,9267,4.0
606,10766,4.0
606,9944,4.0
606,11963,4.0
606,9096,4.0
606,1075,4.0
606,14,4.5
606,17887,4.0
606,5622,4.0
606,226,4.0
606,20123,4.0
606,657,4.0
606,391,4.0
606,550,5.0
606,492,5.0
606,128,5.0
606,8056,4.5
606,11489,4.0
606,11223,4.0
606,957,4.0
606,4203,4.5
606,2690,4.0
606,99,5.0
606,5156,4.5
606,26371,4.0
606,11005,4.0
606,177,4.0
606,1715,4.0
606,334,4.0
606,624,4.0
606,1213,4.0
606,10397,4.0
606,3558,4.0
606,10236,4.0
606,14521,4.0
606,1883,4.0
606,9475,4.0
606,8293,4.5
606,1907,4.0
606,36210,4.5
606,62463,4.0
606,61416,4.5
606,28978,4.0
606,901,4.5
606,10098,5.0
606,820,4.0
606,462,4.0
606,1541,4.5
606,925,4.5
606,1713,4.0
606,801,4.0
606,1879,5.0
606,3082,4.0
606,1700,4.0
606,11356,4.0
606,10333,4.0
606,10557,4.0
606,1443,4.0
606,11129,4.0
606,962,4.5
606,30588,4.0
606,28973,4.0
606,28974,4.5
606,938,4.0
606,10875,4.0
606,1788,4.0
606,24167,4.0
606,11624,4.0
606,10401,4.0
606,2360,4.0
606,46991,4.5
606,16,4.0
606,10434,4.0
606,71,4.5
606,146,4.0
606,10673,4.0
606,392,4.5
606,711,4.0
606,134,4.5
606,15658,4.0
606,843,4.5
606,318,4.0
606,12806,4.0
606,7093,4.5
606,1921,4.0
606,4587,4.0
606,77,4.0
606,634,4.0
606,111,4.0
606,3784,4.0
606,11936,4.0
606,9062,4.0
606,808,4.0
606,824,4.0
606,1089,4.0
606,759,5.0
606,10297,4.5
606,10653,4.0
606,9576,4.0
606,60670,4.0
606,24382,4.0
606,4789,4.0
606,11906,4.0
606,31052,4.0
606,110428,4.0
606,3543,4.0
606,12774,4.0
606,552,4.5
606,1933,4.5
606,11521,4.0
606,9660,4.0
606,1716,4.0
606,10778,4.5
606,67385,4.0
606,585,4.0
606,671,4.0
606,16085,4.0
606,39938,4.0
606,3537,4.0
606,161,4.0
606,8342,4.5
606,194,4.5
606,9428,4.0
606,120,4.5
606,453,4.0
606,10950,4.0
606,11447,4.5
606,480,4.5
606,32030,4.0
606,425,4.5
606,1791,4.0
606,8346,4.0
606,307,4.0
606,18079,4.0
606,557,4.0
606,245,4.0
606,2501,4.0
606,180,4.0
606,12308,4.0
606,1958,4.0
606,23550,4.5
606,11013,4.0
606,129,4.5
606,1430,4.0
606,31679,4.0
606,12579,4.0
606,85058,4.0
606,65,4.0
606,672,4.0
606,13386,4.5
606,49934,4.0
606,64,4.0
606,17360,4.5
606,121,4.5
606,1429,4.0
606,3131,4.0
606,19067,4.0
606,1574,4.0
606,590,4.0
606,423,4.5
606,598,4.0
606,15802,4.0
606,8288,4.0
606,42130,4.0
606,29702,4.0
606,455,4.0
606,17729,4.0
606,12157,4.0
606,7294,4.0
606,1714,4.5
606,9930,4.0
606,22016,4.5
606,1816,4.0
606,10515,4.0
606,12544,4.5
606,12,4.0
606,1088,4.0
606,47715,4.0
606,290,4.0
606,41791,4.0
606,35265,4.0
606,12530,4.0
606,8094,4.0
606,11770,4.0
606,54898,4.0
606,3782,4.0
606,2891,4.0
606,6619,4.0
606,153,4.0
606,837,4.0
606,11475,4.0
606,11703,4.0
606,12531,4.0
606,11832,4.5
606,4543,4.0
606,322,4.5
606,24,4.5
606,1807,4.0
606,1376,4.0
606,8619,4.5
606,470,4.0
606,11042,4.5
606,11012,4.0
606,24203,4.0
606,5143,4.0
606,1643,4.0
606,10995,4.0
606,8222,4.5
606,12545,4.0
606,19120,4.0
606,12708,4.0
606,11610,4.5
606,7857,4.0
606,79,4.5
606,987,4.0
606,81,5.0
606,20126,4.0
606,25431,4.0
606,616,4.0
606,587,4.0
606,6964,4.0
606,3635,4.5
606,122,4.5
606,504,4.0
606,23567,4.5
606,405,4.5
606,338,4.5
606,38,4.0
606,553,4.5
606,25300,4.5
606,133919,4.5
606,393,4.5
606,883,4.0
606,18329,4.5
606,17993,4.0
606,667,4.0
606,43818,5.0
606,20640,4.0
606,33575,4.0
606,12310,4.0
606,11659,5.0
606,1926,4.0
606,11030,4.0
606,113,4.5
606,3001,4.0
606,1786,4.0
606,439,4.0
606,5165,4.0
606,11044,4.0
606,11796,4.0
606,809,4.0
606,673,4.0
606,26451,4.0
606,9372,4.0
606,19414,4.0
606,9542,4.0
606,44494,4.0
606,1777,4.0
606,1040,4.0
606,23601,4.5
606,12548,4.0
606,1653,4.5
606,4176,4.0
606,18499,4.0
606,9806,4.0
606,2288,4.0
606,9550,4.0
606,43904,4.5
606,43874,4.0
606,43864,4.0
606,16274,4.5
606,43137,4.0
606,61280,4.0
606,8221,4.0
606,4043,4.0
606,16859,4.0
606,11621,4.0
606,47714,4.0
606,14135,4.5
606,19223,4.0
606,8765,4.5
606,3716,4.0
606,21348,4.0
606,844,4.0
606,10955,4.0
606,26955,4.5
606,11606,4.0
606,29987,4.5
606,1913,4.5
606,5528,5.0
606,70,4.0
606,118,4.0
606,1280,4.5
606,47876,4.0
606,4935,4.0
606,2926,4.0
606,42222,4.0
606,187,4.0
606,42229,4.0
606,19971,4.0
606,39225,4.0
606,43881,4.0
606,26810,4.5
606,1895,4.0
606,20271,4.0
606,953,4.0
606,1382,4.5
606,276,4.0
606,308,4.0
606,9777,4.0
606,340,4.0
606,3933,4.5
606,142,4.5
606,3291,4.5
606,1951,4.0
606,1420,4.0
606,20345,4.0
606,116,4.0
606,1904,4.0
606,546,4.0
606,2117,4.5
606,950,4.0
606,1967,4.0
606,9388,4.0
606,388,4.0
606,582,5.0
606,219,4.5
606,2295,4.0
606,773,4.0
606,148,4.0
606,1491,4.0
606,1165,4.0
606,1116,4.0
606,10846,4.0
606,1417,4.0
606,1124,4.0
606,1427,4.0
606,1251,4.0
606,5206,4.5
606,2062,4.0
606,1993,4.5
606,16727,4.0
606,2009,4.0
606,5915,4.0
606,2011,4.5
606,10681,4.0
606,12405,5.0
606,13223,4.5
606,15472,4.0
606,8429,4.0
606,64968,4.0
606,8355,4.0
606,767,4.0
606,10191,4.0
606,70160,4.5
607,862,4.0
607,687,4.0
607,10534,4.0
607,197,5.0
607,568,5.0
607,1572,4.0
607,11980,5.0
607,21183,4.0
607,6950,4.0
607,278,5.0
607,11596,5.0
607,1637,5.0
607,36955,4.0
607,10449,4.0
607,10395,5.0
607,9350,4.0
607,10443,4.0
607,5503,5.0
607,329,4.0
607,7007,4.0
607,424,5.0
607,11969,4.0
607,280,4.0
607,274,5.0
607,37144,4.0
607,9100,4.0
607,664,5.0
607,602,4.0
607,11228,5.0
607,238,4.0
607,10987,5.0
607,630,5.0
607,220,4.0
607,81310,5.0
607,562,5.0
607,475,4.0
607,601,5.0
607,744,4.0
607,595,4.0
607,769,4.0
607,218,5.0
607,9322,4.0
607,694,5.0
607,235,5.0
607,89,4.0
607,642,4.0
607,639,4.0
607,11449,5.0
607,6114,5.0
607,1573,5.0
607,8845,4.0
607,578,4.0
607,378,4.0
607,4232,5.0
607,2163,4.0
607,18,4.0
607,330,4.0
607,1701,5.0
607,1669,4.0
607,2649,5.0
607,4233,5.0
607,95,5.0
607,944,4.0
607,1366,4.0
607,2108,5.0
607,4488,5.0
607,9725,4.0
607,948,5.0
607,609,4.0
607,9552,5.0
607,941,5.0
607,857,5.0
607,24808,5.0
607,227,4.0
607,11336,4.0
607,117,5.0
607,881,5.0
607,1955,4.0
607,9882,4.0
607,11881,5.0
607,1368,5.0
607,1885,4.0
607,871,5.0
607,603,5.0
607,2667,4.0
607,620,4.0
607,48686,4.0
607,745,5.0
607,813,4.0
607,2280,4.0
607,10398,5.0
607,15198,4.0
607,16281,4.0
607,37094,5.0
607,10047,5.0
607,2668,4.0
607,11005,4.0
607,2924,4.0
607,38557,4.0
607,497,5.0
607,4234,4.0
607,14280,5.0
607,287,4.0
607,838,5.0
607,820,4.0
607,1541,4.0
607,8469,5.0
607,2291,5.0
607,1700,5.0
607,2133,5.0
607,8358,4.0
608,710,4.0
608,524,4.5
608,807,4.5
608,629,4.5
608,197,4.0
608,10428,4.5
608,9886,4.0
608,101,4.0
608,680,5.0
608,278,4.5
608,11381,4.0
608,9495,4.0
608,12160,4.0
608,9571,4.5
608,10443,4.0
608,9800,4.0
608,424,4.0
608,274,4.0
608,3065,4.0
608,9802,4.0
608,935,4.0
608,10779,4.0
608,238,5.0
608,10218,4.0
608,500,4.0
608,1891,4.0
608,679,4.5
608,1892,4.0
608,769,4.5
608,348,4.0
608,525,4.0
608,240,4.5
608,694,4.0
608,765,4.0
608,8428,4.0
608,149,4.0
608,89,4.0
608,8077,4.0
608,2322,4.0
608,9366,4.5
608,9434,4.0
608,18,4.0
608,11970,4.0
608,2142,4.0
608,8413,4.0
608,2649,4.0
608,1813,4.5
608,782,5.0
608,37165,4.5
608,8078,4.0
608,489,4.5
608,184,4.5
608,115,4.0
608,2666,5.0
608,9490,4.0
608,9411,4.0
608,25719,4.5
608,11702,4.0
608,10668,4.5
608,473,4.5
608,1051,4.5
608,1366,4.5
608,380,4.5
608,2108,4.0
608,9552,4.5
608,242,4.5
608,857,4.5
608,9314,4.5
608,8688,4.0
608,9320,4.0
608,36647,4.0
608,10220,5.0
608,431,4.0
608,8916,4.0
608,73,4.0
608,9798,4.0
608,9487,4.0
608,10312,4.0
608,11873,4.5
608,2112,5.0
608,1542,5.0
608,100,4.0
608,16379,4.5
608,603,5.0
608,9430,4.0
608,1946,4.5
608,564,4.0
608,1893,4.0
608,12117,4.0
608,10386,4.5
608,745,4.5
608,913,4.0
608,10307,4.0
608,14,5.0
608,10388,4.0
608,9377,4.0
608,550,5.0
608,1832,4.0
608,10047,4.5
608,2668,4.0
608,36643,4.0
608,497,4.0
608,1715,4.5
608,334,4.0
608,926,4.0
608,9475,4.0
608,9609,4.0
608,8374,4.5
608,14181,4.5
608,2787,4.5
608,968,4.0
608,13531,4.0
608,243,4.5
608,10559,4.5
608,98,4.0
608,7450,4.0
608,2123,4.0
608,2024,4.0
608,36657,4.0
608,8843,4.0
608,786,4.0
608,19348,4.0
608,1597,4.0
608,641,5.0
608,9741,4.5
608,146,4.0
608,107,5.0
608,11688,4.0
608,3981,4.0
608,134,4.5
608,1900,4.5
608,9989,4.5
608,9740,4.5
608,853,4.5
608,77,4.5
608,4133,4.0
608,111,4.0
608,808,4.5
608,9397,4.0
608,9705,4.5
608,9799,4.0
608,644,4.5
608,2114,4.5
608,11371,4.5
608,7520,4.0
608,1933,4.5
608,2034,4.5
608,768,4.0
608,2100,4.0
608,141,4.5
608,585,4.0
608,9889,4.0
608,1535,4.0
608,161,4.5
608,1903,4.0
608,120,4.5
608,453,4.5
608,11362,4.0
608,2637,4.0
608,9606,4.5
608,2135,4.0
608,425,4.0
608,1576,4.5
608,36586,4.5
608,4547,4.5
608,1537,4.5
608,12149,4.5
608,1894,4.5
608,320,4.0
608,2501,4.5
608,180,4.5
608,608,4.0
608,4147,4.0
608,2675,4.0
608,9357,4.5
608,9533,4.5
608,565,4.5
608,13369,4.5
608,2757,4.0
608,7299,5.0
608,121,4.5
608,1429,4.0
608,3131,4.0
608,11022,4.0
608,640,4.0
608,1574,4.0
608,4912,4.5
608,1647,4.0
608,11949,4.0
608,9480,4.0
608,11615,4.0
608,14293,4.5
608,1817,4.0
608,9506,4.0
608,11817,4.0
608,2832,4.0
608,36658,4.0
608,604,5.0
608,310,4.5
608,12,4.0
608,9654,4.5
608,296,4.0
608,22,4.0
608,8698,4.5
608,9257,4.0
608,11770,4.5
608,7270,4.5
608,17906,4.0
608,277,4.5
608,1584,4.5
608,24,4.0
608,11329,4.0
608,10536,4.5
608,605,5.0
608,10719,4.0
608,10147,4.0
608,916,4.0
608,79,4.0
608,10744,4.0
608,616,4.0
608,587,4.0
608,122,4.0
608,9620,4.0
608,1954,4.0
608,2023,4.0
608,9384,4.0
608,10591,4.5
608,1586,4.0
608,924,4.0
608,38,4.5
608,1487,5.0
608,393,4.0
608,7220,5.0
608,9509,4.5
608,16876,4.0
608,16219,4.5
608,809,4.5
608,435,4.0
608,13193,4.0
608,673,4.0
608,2789,4.5
608,2048,4.5
608,2502,4.0
608,401,4.0
608,1538,4.0
608,11282,4.0
608,395,5.0
608,747,5.0
608,11099,4.5
608,9806,4.0
608,11184,4.0
608,866,4.5
608,2059,4.5
608,9550,4.0
608,163,4.5
608,11774,4.0
608,1901,4.0
608,9947,4.0
608,561,5.0
608,2026,4.0
608,9928,4.0
608,77120,4.0
608,187,5.0
608,787,4.5
608,12109,4.0
608,74,4.5
608,1635,4.0
608,16320,4.0
608,65215,4.0
608,8202,4.5
608,25,4.5
608,834,4.0
608,752,4.0
608,186,4.0
608,36668,4.0
608,4638,4.5
608,1271,5.0
608,7485,4.0
608,1858,5.0
608,8363,4.5
609,710,4.0
609,628,4.0
609,680,4.0
609,278,4.0
609,13,4.0
609,5503,4.0
609,581,4.0
609,36915,4.0
609,4483,4.0
609,659,4.0
610,862,5.0
610,949,5.0
610,524,4.5
610,63,4.5
610,807,5.0
610,629,4.0
610,755,4.0
610,197,4.5
610,103,5.0
610,33542,4.0
610,10149,5.0
610,76,5.0
610,8467,4.0
610,11,5.0
610,101,5.0
610,680,5.0
610,1637,5.0
610,36955,5.0
610,2654,5.0
610,9571,5.0
610,5503,4.5
610,2019,4.0
610,11934,4.0
610,329,5.0
610,78,5.0
610,280,5.0
610,268,4.5
610,274,4.5
610,275,4.5
610,21588,4.5
610,9323,4.5
610,935,4.5
610,627,5.0
610,9894,5.0
610,11543,4.0
610,238,5.0
610,426,5.0
610,567,5.0
610,284,4.5
610,15,4.0
610,62,4.5
610,10331,4.0
610,562,5.0
610,11412,4.5
610,583,4.0
610,475,4.0
610,500,5.0
610,792,4.0
610,601,4.5
610,2756,4.0
610,1103,4.0
610,762,5.0
610,1891,5.0
610,2493,4.5
610,85,5.0
610,68,4.5
610,679,5.0
610,429,5.0
610,28,5.0
610,335,5.0
610,1892,5.0
610,769,5.0
610,348,4.5
610,766,4.5
610,10835,5.0
610,240,5.0
610,600,4.5
610,311,4.0
610,1578,5.0
610,218,5.0
610,763,5.0
610,379,5.0
610,37247,5.0
610,9322,4.0
610,9964,4.5
610,694,5.0
610,765,5.0
610,137,4.5
610,105,5.0
610,1554,5.0
610,149,5.0
610,903,4.5
610,339,5.0
610,89,4.5
610,8816,4.5
610,12498,4.5
610,378,5.0
610,18,4.5
610,10890,4.5
610,563,5.0
610,37165,5.0
610,115,4.5
610,2898,4.0
610,9469,4.0
610,1878,5.0
610,544,5.0
610,1051,5.0
610,13597,5.0
610,2108,4.0
610,948,4.5
610,9552,4.0
610,941,5.0
610,857,5.0
610,793,5.0
610,34584,4.0
610,1091,5.0
610,10223,4.0
610,1368,4.5
610,11873,4.0
610,8769,4.0
610,603,5.0
610,620,5.0
610,745,4.5
610,10975,4.0
610,10974,4.0
610,9638,4.0
610,861,5.0
610,11230,5.0
610,1654,4.0
610,391,4.5
610,550,5.0
610,36819,5.0
610,8649,4.0
610,5548,5.0
610,16281,4.5
610,1694,4.0
610,1621,4.5
610,177,4.5
610,863,5.0
610,1850,4.0
610,1883,5.0
610,11782,5.0
610,14181,4.0
610,2787,4.0
610,4816,5.0
610,968,5.0
610,925,5.0
610,41823,4.5
610,990,5.0
610,243,4.0
610,11305,4.5
610,106,5.0
610,1359,4.5
610,98,5.0
610,11072,5.0
610,938,5.0
610,8810,4.5
610,17814,4.5
610,11879,4.0
610,6978,4.5
610,7443,4.0
610,23618,4.0
610,1619,4.5
610,786,5.0
610,13785,4.5
610,9003,4.0
610,469,5.0
610,1597,4.0
610,71,4.5
610,12207,5.0
610,9741,4.5
610,146,5.0
610,107,4.5
610,134,4.5
610,764,5.0
610,77,5.0
610,111,4.5
610,11826,4.0
610,11906,5.0
610,14506,4.5
610,10925,4.0
610,8337,4.0
610,1933,4.0
610,10972,4.0
610,2034,4.5
610,20115,5.0
610,9398,4.0
610,10866,4.0
610,1018,5.0
610,9081,4.0
610,141,5.0
610,585,4.0
610,671,4.0
610,1433,4.0
610,161,4.0
610,194,4.0
610,9428,4.0
610,120,5.0
610,855,4.5
610,6312,4.5
610,150,4.5
610,11362,4.0
610,39939,4.0
610,23479,5.0
610,1391,4.5
610,36586,4.0
610,12149,4.0
610,557,4.5
610,2501,4.0
610,180,4.0
610,2675,4.0
610,9357,4.0
610,4108,4.0
610,9685,4.0
610,11013,4.0
610,129,4.0
610,9533,4.0
610,1430,4.0
610,8051,5.0
610,565,4.0
610,25468,5.0
610,672,4.0
610,11880,5.0
610,2757,4.0
610,4241,5.0
610,121,5.0
610,25838,4.0
610,1429,5.0
610,262,4.5
610,4912,4.0
610,598,5.0
610,10894,4.0
610,979,4.5
610,11299,4.5
610,13370,4.5
610,36658,4.0
610,604,4.0
610,12,4.0
610,290,4.5
610,170,5.0
610,22,4.0
610,11770,4.5
610,2771,4.0
610,153,5.0
610,8408,4.0
610,9707,4.0
610,4543,4.5
610,9871,4.0
610,1584,4.5
610,2056,4.0
610,24,4.5
610,8619,4.0
610,10147,4.5
610,9556,4.0
610,14022,4.0
610,9319,4.5
610,3176,5.0
610,587,4.0
610,122,5.0
610,9696,4.5
610,924,4.0
610,38,5.0
610,1487,4.0
610,923,5.0
610,10843,4.0
610,393,4.5
610,9509,4.0
610,10625,4.0
610,9461,4.5
610,5842,4.0
610,10775,4.0
610,14510,4.0
610,203,4.0
610,11315,5.0
610,13193,4.0
610,673,4.5
610,558,5.0
610,8699,4.5
610,2502,4.5
610,1538,4.5
610,11282,4.0
610,16153,4.0
610,747,5.0
610,14337,4.0
610,3989,4.0
610,9675,4.0
610,4553,4.5
610,9806,5.0
610,45706,4.0
610,17905,5.0
610,13514,5.0
610,9056,5.0
610,11471,4.5
610,8852,4.5
610,18305,5.0
610,11909,5.0
610,8697,4.0
610,11075,4.0
610,2440,5.0
610,919,4.0
610,13899,4.5
610,16184,4.0
610,11427,4.0
610,4689,5.0
610,11606,5.0
610,670,5.0
610,13373,4.0
610,9316,4.5
610,12487,5.0
610,421,4.0
610,2567,4.5
610,11423,5.0
610,9470,5.0
610,187,4.5
610,1895,4.0
610,272,4.0
610,74,4.0
610,9522,4.0
610,1696,4.0
610,308,4.0
610,25074,4.5
610,6957,4.5
610,10753,4.5
610,59,4.0
610,533,4.0
610,5236,5.0
610,11344,5.0
610,16608,4.0
610,25,4.0
610,12877,5.0
610,9392,4.0
610,22908,4.0
610,4550,4.0
610,1690,4.0
610,21519,5.0
610,28638,4.0
610,388,4.0
610,37939,4.0
610,9270,4.5
610,9035,4.0
610,956,4.0
610,9829,4.0
610,773,5.0
610,9718,4.0
610,1262,4.0
610,21712,5.0
610,11559,4.0
610,1381,4.0
610,300,4.0
610,496,4.5
610,1417,4.0
610,1422,5.0
610,9693,5.0
610,1124,4.0
610,36557,5.0
610,1730,4.0
610,2062,5.0
610,4638,5.0
610,1949,5.0
610,1271,4.0
610,1255,5.0
610,8270,4.0
610,253768,4.0
610,1272,4.0
610,11798,5.0
610,4964,5.0
610,1562,4.0
610,11205,4.5
610,3021,4.0
610,1571,4.0
610,675,4.0
610,2270,4.0
610,2503,5.0
610,8363,5.0
610,10961,4.0
610,2252,4.0
610,4538,4.0
610,6615,4.0
610,4771,4.0
610,15667,4.0
610,6977,5.0
610,5876,4.5
610,6479,4.0
610,13186,4.0
610,7326,4.0
610,7345,5.0
610,8329,4.0
610,7191,4.0
610,11908,4.0
610,14069,4.5
610,11253,4.0
610,8321,5.0
610,155,4.5
610,36223,4.0
610,13312,4.0
610,9870,4.0
610,13335,4.0
610,1726,4.0
610,10665,4.5
610,10681,4.5
610,10842,4.0
610,12172,5.0
610,14048,4.5
610,10189,4.0
610,7446,4.5
610,13310,5.0
610,225130,5.0
610,12405,5.0
610,13220,4.0
610,12163,4.0
610,14756,4.0
610,14836,4.0
610,16538,4.0
610,16869,5.0
610,15092,4.0
610,17431,4.0
610,13475,4.0
610,21755,4.0
610,16871,4.5
610,18785,4.0
610,14451,4.0
610,12162,4.5
610,767,4.0
610,12403,4.0
610,17654,4.5
610,26914,5.0
610,24150,4.5
610,22794,4.0
610,22536,4.5
610,12573,4.0
610,16523,4.0
610,24238,4.5
610,22947,4.0
610,28422,5.0
610,10315,4.0
610,19995,4.5
610,23963,4.0
610,21521,5.0
610,15255,4.0
610,26466,4.5
610,25983,4.0
610,11324,4.5
610,30018,5.0
610,10191,5.0
610,37495,4.5
610,34626,4.0
610,37511,4.0
610,46705,4.0
610,10193,5.0
610,34647,5.0
610,20352,4.0
610,27205,4.0
610,36274,4.0
610,22538,4.0
610,38358,4.0
610,23168,4.0
610,45649,4.0
610,38234,4.0
610,44115,4.0
610,12444,5.0
610,45317,4.0
610,43919,4.5
610,44264,4.0
610,49797,4.0
610,46838,4.0
610,28874,4.0
610,58857,5.0
610,51497,4.5
610,55721,4.0
610,8967,5.0
610,49538,4.0
610,12445,4.5
610,64690,5.0
610,50646,4.0
610,61791,4.0
610,52015,4.0
610,63311,4.5
610,68341,4.5
610,24428,5.0
610,49517,4.0
610,74725,4.5
610,40807,4.0
610,65057,4.0
610,13060,4.0
610,70160,4.0
610,49026,4.5
610,56292,4.5
610,65754,4.0
610,58428,4.0
610,76726,5.0
610,94329,5.0
610,22970,5.0
610,92591,4.0
610,83666,4.0
610,84332,4.0
610,13933,4.0
610,72105,4.0
610,13929,4.0
610,13930,4.0
610,103332,4.5
610,64635,4.0
610,37724,4.0
610,59967,5.0
610,77016,4.0
610,103328,5.0
610,82507,4.0
610,68734,4.0
610,82690,4.0
610,82693,4.5
610,87827,4.0
610,83186,4.0
610,68718,4.5
610,89492,4.0
610,117974,4.5
610,122857,4.0
610,28090,5.0
610,97367,4.0
610,121606,4.0
610,109414,4.0
610,68721,5.0
610,45736,4.5
610,82992,4.5
610,42151,4.0
610,68726,4.5
610,107985,5.0
610,159117,4.5
610,179111,4.5
610,138843,4.0
610,76170,4.0
610,122906,4.0
610,83899,4.5
610,146233,4.0
610,169813,4.0
610,152532,4.0
610,101299,4.0
610,86829,4.0
610,106646,4.5
610,168672,4.0
610,116745,4.0
610,152601,5.0
610,110415,5.0
610,158990,4.0
610,180894,4.5
610,152603,5.0
610,181886,4.0
610,137106,4.0
610,120467,4.5
610,134350,5.0
610,100402,4.5
610,53168,4.0
610,180299,5.0
610,157547,4.5
610,167575,4.0
610,127585,4.0
610,137113,4.0
610,177677,4.0
610,187017,4.5
610,82702,5.0
610,194662,5.0
610,85350,5.0
610,242224,4.5
610,210577,4.0
610,119450,4.5
610,118340,4.5
610,253306,4.5
610,211067,4.0
610,241848,4.0
610,206487,4.5
610,246741,4.5
610,245891,5.0
610,228150,4.0
610,242582,4.5
610,177572,4.0
610,40081,5.0
610,241842,4.5
610,171274,4.5
610,131631,4.0
610,252178,4.0
610,207703,4.5
610,270303,5.0
610,76341,5.0
610,140607,4.5
610,99861,4.0
610,271110,5.0
610,308639,4.5
610,273248,4.5
610,179150,4.0
610,168259,4.5
610,241855,4.5
610,254320,4.5
610,223485,4.0
610,238713,4.0
610,131634,4.0
610,141131,4.0
610,250574,4.0
610,278927,4.0
610,240566,5.0
610,281957,4.5
610,273481,4.5
610,264644,4.0
610,310131,4.0
610,48297,4.0
610,296065,4.0
610,296098,4.0
610,270487,4.0
610,294963,4.5
610,315465,4.0
610,63441,4.0
610,318846,4.0
610,333371,4.0
610,269149,4.0
610,295699,5.0
610,376570,4.5
610,127380,4.0
610,290250,5.0
610,90351,4.5
610,338766,4.0
610,300669,4.0
610,329865,5.0
610,330459,4.0
610,381288,4.0
610,324552,5.0
610,419430,5.0
610,263115,5.0
